romeCode,mainName,transitionNumérique,transitionDémographique,transitionEcologique,emploiCadre,emploiReglemente,salaryq10,salaryq90,recruitementDifficultyScore,recruitementDifficultyScoreYear
I1634,Accastilleur / Accastilleuse,False,False,False,False,False,,,,
L1503,Accessoiriste,False,False,False,False,False,,,1,2025
K2113,Accompagnant / Accompagnante des élèves en situation de handicap (AESH),,,False,,,1802,2100,1,2025
K1306,Accompagnant Educatif et Social (AES) / Accompagnante Educative et Sociale (AES),False,True,False,False,,1802,2257,5,2025
G1245,Accompagnateur / Accompagnatrice en moyenne montagne,,,True,False,True,,,,
G1231,Accompagnateur / Accompagnatrice nature,False,False,True,False,False,,,1,2025
K1312,Accueillant familial / Accueillante familiale thérapeutique auprès d'adultes,False,True,False,False,True,,,5,2025
M1101,Acheteur / Acheteuse,False,False,True,True,False,1870,3750,2,2025
E1409,Acheteur / Acheteuse média,False,False,False,False,False,,,1,2025
D1227,"Acheteur vendeur / Acheteuse vendeuse d'or, de métaux précieux",False,False,False,False,False,1802,2188,1,2025
D1243,Acheteur vendeur / Acheteuse vendeuse en dépôt-vente,False,False,False,False,False,1802,1900,1,2025
F1132,Acousticien / Acousticienne du bâtiment,False,False,False,True,False,1802,3875,5,2025
L1216,Acteur / Actrice de complément,,,False,,,,,,
C1105,Actuaire en assurances,,,False,True,,1900,4487,2,2025
K1112,Addictologue,False,False,False,True,True,,,,
K1509,"Adjoint / Adjointe de contrôle de la concurrence, de la consommation et de la répression des fraudes",False,False,False,False,False,,,,
G1401,Adjoint / Adjointe de la direction en hôtellerie-restauration,False,False,False,True,False,1802,2500,3,2025
I1405,Administrateur / Administratrice bureautique,True,False,False,True,False,,,3,2025
M1849,Administrateur / Administratrice de messagerie,True,False,False,False,False,,,2,2025
M1843,Administrateur / Administratrice de serveurs,True,False,False,True,False,,,2,2025
M1834,Administrateur / Administratrice de site internet,True,False,False,,False,1802,2500,2,2025
M1801,Administrateur / Administratrice de systèmes d'information (SI),True,False,False,True,False,1972,3750,2,2025
L1312,Administrateur / Administratrice de tournées,,,False,,,,,,
M1830,Administrateur / Administratrice réseaux - télécoms,True,False,False,True,False,1754,3365,2,2025
M1817,Administrateur / Administratrice sécurité informatique,True,False,False,True,False,1802,3333,2,2025
N1201,Affréteur / Affréteuse,False,False,False,False,False,1802,2800,2,2025
H2918,Affûteur / Affûteuse d'outillage industriel,False,False,False,False,False,1802,2333,5,2025
K2510,Agent / Agente cynophile de sécurité,False,False,False,False,True,1850,2123,3,2025
N4306,Agent / Agente d'accompagnement des trains,,,True,,True,,,,
N2207,Agent / Agente d'accompagnement du transport,False,False,False,False,False,1802,1905,1,2025
G1248,Agent / Agente d'accueil en cinéma,,,False,,,,,,
G1709,Agent / Agente d'accueil et de prévention en camping,,,False,,,,,,
K1205,Agent / Agente d'accueil social,False,,False,False,False,1802,2353,3,2025
G1101,Agent / Agente d'accueil touristique,False,False,False,False,False,1802,2083,1,2025
K1501,Agent / Agente d'administration principal(e) des douanes,False,False,False,False,True,1802,2500,,
A1215,Agent / Agente d'aires marines protégées,False,False,True,False,False,,,,
H2219,Agent / Agente d'encadrement en ameublement,,,False,True,,,,,
H2204,Agent / Agente d'encadrement en industrie du bois,,,False,,,1802,2991,4,2025
E1313,Agent / Agente d'encadrement en industrie graphique,False,False,False,False,False,,,3,2025
A1203,Agent / Agente d'entretien des espaces verts,False,False,True,False,False,1802,2000,2,2025
I1204,Agent / Agente d'entretien des piscines,False,False,False,False,False,1802,2100,2,2025
I1203,Agent / Agente d'entretien du bâtiment,False,False,True,False,False,1802,2400,2,2025
N2201,Agent / Agente d'Escale Commerciale aéroportuaire (AEC),False,False,False,False,False,1802,1856,1,2025
I1202,Agent / Agente d'exploitation de la voirie,False,False,True,False,False,1802,2136,1,2025
K2301,Agent / Agente d'exploitation des réseaux d'assainissement,False,False,True,False,,1802,2200,4,2025
I1211,Agent / Agente d'exploitation de stationnement,False,False,False,False,False,,,,
N4405,Agent / Agente d'exploitation du réseau ferré,False,False,True,False,False,,,,
N4203,Agent / Agente d'exploitation en transport routier de marchandises,False,False,False,False,False,1802,2516,3,2025
K2507,Agent / Agente d'exploitation et de sûreté aéroportuaire,False,False,False,False,True,1802,2199,3,2025
N4204,Agent / Agente d'exploitation transport routier de personnes,False,False,True,False,False,1802,2500,3,2025
N2203,Agent / Agente d'opérations sur piste,False,False,False,False,True,1802,1838,3,2025
D1515,Agent / Agente de billetterie,,,False,,,,,,
H3302,Agent / Agente de conditionnement,,,False,,,1802,1926,1,2025
K1508,Agent / Agente de conservation des hypothèques,False,False,False,False,True,,,,
N4302,Agent / Agente de contrôle du réseau ferré,False,False,True,False,True,1802,2824,1,2025
K2604,Agent / Agente de crématorium,False,False,False,False,False,,,2,2025
K2318,Agent / Agente de déchèterie,False,False,True,False,False,1802,1997,1,2025
K2305,Agent / Agente de désinsectisation,False,False,True,False,False,1802,2100,2,2025
K1810,Agent / Agente de développement d'habitat social,False,False,True,False,False,,,,
A1302,Agent / Agente de diagnostic et de contrôle en agriculture,,,True,,,1802,2308,4,2025
H2801,Agent / Agente de fabrication du verre,,,False,,,1802,2083,3,2025
E1304,Agent / Agente de façonnage et routage,,,False,,,1802,1972,4,2025
H1240,Agent / Agente de finissage couleurs et effets cuirs et peaux,False,False,False,False,False,,,3,2025
H1214,Agent / Agente de laboratoire de recherche industrielle,False,True,False,False,False,1802,2083,4,2025
M1618,Agent / Agente de liaison courrier,False,False,False,False,False,1802,2100,1,2025
I1207,Agent / Agente de maintenance de mobilier urbain et publicitaire,False,False,False,False,False,1802,2000,2,2025
I1409,Agent / Agente de maintenance en bureautique,True,False,True,False,False,1820,2917,3,2025
I1633,Agent / Agente de maintenance nautique,False,False,False,False,False,,,,
K2326,Agent / Agente de mise en fourrière animale,False,False,False,False,True,,,,
H2220,Agent / Agente de montage en ameublement,,,False,,,,,,
K2204,Agent / Agente de nettoyage industriel,False,False,True,False,False,1802,2000,2,2025
D1514,Agent / Agente de péage,False,False,False,False,False,,,,
N3207,Agent / Agente de port de plaisance,False,False,True,False,False,,,,
F1706,Agent / Agente de préfabrication de l'industrie du béton,,,False,,,1802,2005,3,2025
K2503,Agent / Agente de prévention et de sécurité,,,False,False,True,1802,2093,3,2025
H2105,Agent / Agente de production en industrie alimentaire,False,False,False,False,False,1802,1900,4,2025
K2205,Agent / Agente de propreté de locaux,False,False,True,False,False,1802,1896,2,2025
K2307,Agent / Agente de propreté urbaine,False,False,True,False,False,1802,2048,1,2025
K2508,Agent / Agente de protection rapprochée,False,False,False,False,True,,,3,2025
G1704,Agent / Agente de réservation en hôtellerie,False,False,False,False,False,1820,2208,3,2025
K2504,Agent / Agente de sécurité événementielle,,,False,,True,1820,2789,3,2025
N3116,Agent / Agente de service général maritime,False,False,False,False,True,,,,
J1301,Agent / Agente de service hospitalier (ASH),False,True,False,False,False,1802,2252,1,2025
H3307,Agent / Agente de silo,False,False,False,False,False,,,,
D1203,Agent / Agente de soins en hydrothérapie,False,False,False,False,False,1802,1881,4,2025
J1309,Agent / Agente de stérilisation de service hospitalier,False,False,False,False,False,1802,2082,1,2025
K2511,Agent / Agente de sûreté ferroviaire,,,False,,True,,,,
K2512,Agent / Agente de sûreté portuaire,False,False,False,False,False,,,,
L1303,Agent / Agente de talent,,,False,True,,1802,2333,1,2025
N2204,Agent / Agente de trafic aérien,False,False,False,False,False,1803,2917,2,2025
N1202,Agent / Agente de transit,False,False,False,False,False,1802,2667,2,2025
K2304,Agent / Agente de tri des déchets,False,False,True,False,False,1802,1900,2,2025
I1201,Agent / Agente technique d'affichage,False,False,False,False,False,1802,2100,2,2025
H2810,Agent / Agente technique de centrale à enrobés,,,False,,,,,,
C1402,Agent / Agente technique des régimes de retraite complémentaire et de prévoyance,,,False,,,,,,
C1401,Agent administratif / Agente administrative banque ou assurance,,,False,,,1802,2365,1,2025
I1210,Agent de maintenance qualifié / Agente de maintenance qualifiée en camping,,,False,,,,,,
K1743,Agent de surveillance de la voie publique (ASVP) / Agente de surveillance de la voie publique (ASVP),False,False,False,False,False,,,,
C1112,Agent général / Agente générale d'assurance,,,False,,True,,,2,2025
M1425,Agent recenseur / Agente recenseuse,False,False,False,False,False,1802,1923,5,2025
D1204,Agent technico-commercial / Agente technico-commerciale en location de véhicules,False,False,False,False,False,1802,1980,2,2025
K1308,Agent territorial spécialisé / Agente territoriale spécialisée des écoles maternelles (ATSEM),,,False,,,1802,1983,3,2025
A1444,Aide agricole en production fruitière,False,False,True,False,False,1802,1900,2,2025
A1402,Aide agricole en production végétale,False,False,True,False,False,1802,1896,2,2025
M1225,Aide-comptable,False,False,False,False,False,1802,2400,4,2025
A1403,Aide d'élevage agricole,,,True,,,1802,2000,2,2025
N4121,Aide-livreur / Aide-livreuse,False,False,False,False,False,1802,1880,2,2025
J1501,Aide-soignant / Aide-soignante,False,True,False,False,True,1802,2500,4,2025
N4401,Aiguilleur / Aiguilleure du rail,False,False,True,False,False,1838,2917,3,2025
H2901,Ajusteur-monteur / Ajusteuse-monteuse,,,False,,,1802,2275,5,2025
H2923,Ajusteur-régleur / Ajusteuse-régleuse de fabrication en instruments d'optique,,,False,,,,,,
A1428,Algoculteur / Algocultrice,False,False,True,False,False,,,4,2025
J1129,Allergologue,False,False,False,True,True,,,5,2025
K1418,Ambassadeur / Ambassadrice,False,False,False,True,False,,,,
K2310,Ambassadeur / Ambassadrice du tri,False,False,True,False,False,1802,2052,1,2025
J1305,Ambulancier / Ambulancière,False,True,False,False,True,1802,2127,4,2025
I1637,Aménageur / Aménageuse de véhicules,,,False,,,,,,
M1848,Analyste Concepteur / Conceptrice informatique,True,False,False,True,False,,,4,2025
M1896,Analyste cycle de vie dans les télécoms,True,,True,True,,,,,
M1821,Analyste d'application informatique,True,False,False,True,False,,,4,2025
M1852,Analyste d'étude informatique,True,False,False,True,False,1802,4167,4,2025
M1851,Analyste décisionnel - Business Intelligence,True,False,False,True,False,2543,4167,4,2025
C1202,Analyste de crédits et risques bancaires,,,False,True,,1972,3750,1,2025
G1211,Analyste de la performance sportive,False,False,False,False,False,,,2,2025
M1201,Analyste financier / Analyste financière,False,False,False,True,False,1917,4167,2,2025
M1883,Analyste SOC (Security Operations Center),True,False,False,True,False,,,4,2025
J1142,Angiologue,False,False,False,True,True,,,,
A1505,Animalier / Animalière de laboratoire,False,False,False,False,False,1802,2680,2,2025
L1510,Animateur / Animatrice 2D 3D - films d'animation,,,False,,,,,1,2025
L1103,Animateur / Animatrice d'antenne,False,False,False,False,False,,,1,2025
G1202,Animateur / Animatrice d'atelier artistique ou ludique,False,False,True,False,False,1802,2263,2,2025
G1238,Animateur / Animatrice d'atelier multimédia,True,False,False,False,False,1802,2198,2,2025
G1236,Animateur / Animatrice de club de vacances,False,False,False,False,False,1802,1978,2,2025
K1803,Animateur / Animatrice de développement régional,False,False,True,False,False,,,,
G1209,Animateur / Animatrice de loisirs sportifs,False,False,False,False,True,1802,3640,2,2025
M1427,Animateur / Animatrice de réseau d'entreprises,False,False,False,True,False,1974,3333,1,2025
G1235,Animateur / Animatrice de séjour de vacances,False,True,True,False,False,1802,2092,2,2025
K2138,Animateur / Animatrice de stages permis à points,False,False,False,False,True,,,3,2025
D1501,Animateur / Animatrice de vente,False,False,False,False,False,1802,2365,1,2025
G1106,Animateur / Animatrice du patrimoine,False,False,True,False,False,,,1,2025
H1308,Animateur / Animatrice en Hygiène Sécurité Environnement (HSE),False,False,True,False,False,1820,2917,5,2025
G1223,Animateur / Animatrice en site de divertissement,False,False,True,False,False,1802,2500,2,2025
L1104,Animateur / Animatrice événementiel,False,False,False,False,False,1802,2275,1,2025
G1203,Animateur / Animatrice jeunesse,False,True,False,False,False,1802,2125,2,2025
G1246,Animateur / Animatrice mobilité à vélo,,,True,False,False,,,,
K1307,Animateur / Animatrice petite enfance,,,False,False,,1802,2025,3,2025
F1204,Animateur / Animatrice QSE - Qualité Sécurité Environnement BTP,False,False,True,False,False,1820,3468,4,2025
M1416,Animateur / Animatrice qualité services,False,False,False,,False,1852,3750,1,2025
K2142,Animateur-coordinateur / Animatrice-coordinatrice de formation,False,False,False,False,False,1850,4000,3,2025
K1206,Animateur coordinateur socioculturel / Animatrice coordinatrice socioculturelle,False,,True,False,False,1802,2476,2,2025
K1217,Animateur socioéducatif / Animatrice socioéducative,False,,True,False,False,1802,2548,2,2025
G1212,Animateur socio-sportif / Animatrice socio-sportive,False,False,False,False,True,,,2,2025
I1307,Antenniste,False,False,False,False,False,1802,2600,5,2025
K2143,Anthropologue,False,False,False,False,False,,,1,2025
A1429,Apiculteur / Apicultrice,False,False,True,False,False,1802,1841,2,2025
H2427,Applicateur / Applicatrice en tannerie-mégisserie,False,False,False,False,False,,,3,2025
N1303,Approvisionneur / Approvisionneuse logistique,False,False,False,False,False,1802,2500,4,2025
M1619,Approvisionneur / Approvisionneuse points de distribution,False,False,False,False,False,1802,2917,1,2025
A1404,Aquaculteur / Aquacultrice,False,False,True,False,False,1802,2260,4,2025
L1402,Arbitre professionnel / Professionnelle de discipline sportive,False,False,False,False,True,,,2,2025
A1405,Arboriculteur / Arboricultrice,False,False,True,False,False,1802,2048,2,2025
K2125,Archéologue,False,False,False,True,False,,,1,2025
M1868,Architecte base de données,True,False,False,True,False,,,4,2025
M1860,Architecte cloud,True,False,True,True,False,2991,5000,4,2025
F1102,Architecte d'intérieur,False,False,False,True,False,1802,2917,1,2025
F1101,Architecte du bâtiment,False,False,True,True,False,2022,3750,2,2025
F1121,Architecte du patrimoine national,False,False,True,True,True,,,2,2025
M1845,Architecte IoT - Internet des Objets,True,False,False,True,False,,,4,2025
M1850,Architecte multimédias interactifs,True,False,False,False,False,,,4,2025
F1144,Architecte naval / Architecte navale,False,False,True,True,False,,,,
M1882,Architecte sécurité informatique,True,False,False,True,False,,,4,2025
K1735,"Architecte système de force, d'arme ou équipement militaire",False,False,False,False,False,1802,5000,,
H1241,Architecte système hydrogène,False,,True,True,,,,4,2025
M1839,Architecte systèmes et réseaux,True,False,False,True,False,2333,5000,4,2025
M1835,Architecte systèmes et réseaux des territoires connectés,True,False,False,True,False,,,4,2025
F1127,Architecte-urbaniste,False,False,True,True,False,2048,3141,2,2025
K1613,Archiviste,,,False,True,True,,,,
H2925,Armurier / Armurière de fabrication,,,False,,True,,,,
L1523,Artificier / Artificière spectacle,False,False,False,False,True,,,1,2025
B1304,Artisan démonstrateur / Artisane démonstratrice,False,False,False,False,False,,,3,2025
L1204,Artiste de cirque,,,False,,,,,1,2025
L1205,Artiste-interprète,False,False,False,False,False,,,1,2025
B1104,Artiste peintre,,,False,,,,,,
B1101,Artiste Plasticien / Plasticienne,,,False,,,1802,2375,1,2025
K1105,Art thérapeute,False,False,False,False,False,,,3,2025
I1301,Ascensoriste,,,False,,,1754,2513,5,2025
H2201,Assembleur / Assembleuse d'ouvrages en bois,,,True,,,1802,2000,4,2025
H2604,Assembleur / Assembleuse en produits électriques et électroniques,,,False,,,1802,2084,4,2025
H2909,Assembleur monteur / Assembleuse monteuse,,,False,,,1802,1996,4,2025
D1431,Assistant / Assistante achat,False,False,False,False,False,1802,2500,1,2025
D1409,Assistant / Assistante administration des ventes,False,False,False,False,False,1802,2500,1,2025
G1305,Assistant / Assistante chef de produit tourisme,False,False,False,False,False,1802,2230,1,2025
M1213,Assistant / Assistante comptable,False,False,False,False,False,1802,2500,4,2025
N3206,Assistant / Assistante d'exploitation de terminal portuaire,False,False,False,False,False,,,,
N3205,Assistant / Assistante d'exploitation du transport fluvial,False,False,True,False,False,,,,
N3210,Assistant / Assistante d'exploitation transport maritime,False,False,False,False,False,,,,
M1222,Assistant / Assistante de contrôle budgétaire,False,False,False,False,False,1802,2755,4,2025
M1604,Assistant / Assistante de direction,,,False,True,,1802,2917,1,2025
C1508,Assistant / Assistante de gestion syndic immobilier,,,False,,,,,,
J1312,Assistant / Assistante dentaire,False,True,False,False,True,1802,2302,4,2025
D1436,Assistant / Assistante de régulation médicale (ARM),False,True,False,False,True,,,2,2025
M1612,Assistant / Assistante de service juridique,False,False,False,False,False,1802,2761,1,2025
K1311,Assistant / Assistante de vie aux familles,False,True,False,False,False,1802,2052,5,2025
K1302,Assistant / Assistante de vie dépendance,False,True,False,False,False,1802,2275,5,2025
D1438,Assistant / Assistante e-commerce,True,False,False,False,False,1802,2745,1,2025
E1404,Assistant / Assistante en publicité,False,False,False,False,False,,,1,2025
F1109,Assistant / Assistante géomètre,,,False,,,1820,2358,5,2025
D1429,Assistant / Assistante import-export,False,False,False,False,False,1802,2667,1,2025
F1126,Assistant / Assistante maîtrise d'œuvre en architecture,False,False,True,False,False,1839,2917,5,2025
M1620,Assistant / Assistante marketing,False,False,False,False,False,,,1,2025
J1303,Assistant / Assistante médico-technique,False,True,False,False,True,1802,2273,4,2025
L1307,Assistant / Assistante mise en scène,False,False,False,False,False,,,,
K2137,Assistant / Assistante pédagogique en milieu scolaire,False,False,False,False,False,1802,2500,1,2025
M1501,Assistant / Assistante Ressources Humaines (RH),False,False,False,False,False,1802,2500,1,2025
D1432,Assistant / Assistante service clients,False,False,False,False,False,1802,2692,1,2025
B1807,Assistant / Assistante styliste,False,False,False,False,False,,,1,2025
M1607,Assistant administratif / Assistante administrative,,,False,,,1802,2250,1,2025
M1621,Assistant administratif / Assistante administrative multilingue,False,False,False,False,False,1802,2500,1,2025
D1401,Assistant commercial / Assistante commerciale,False,False,False,False,False,1802,2500,1,2025
K1309,Assistant familial / Assistante familiale,,True,False,,True,1802,2300,3,2025
K1310,Assistant maternel / Assistante maternelle,,True,False,,True,1802,2500,3,2025
L1304,Assistant réalisateur / Assistante réalisatrice,,,False,,,,,1,2025
K1201,Assistant social / Assistante sociale,False,,False,False,True,1863,2600,3,2025
C1114,Assureur / Assureuse maritime,False,False,False,True,True,,,,
H1508,Assureur / Assureuse qualité industrie,False,False,False,True,False,1802,3462,4,2025
K2409,Astronome,True,,False,True,,,,2,2025
K2410,Astrophysicien / Astrophysicienne,False,False,False,True,False,,,2,2025
H1211,Attaché / Attachée de recherche clinique (ARC),,,False,True,True,2110,3941,4,2025
K2405,Attaché / Attachée de recherche clinique en milieu hospitalier,False,False,False,True,False,2345,2759,2,2025
D1410,Attaché commercial / Attachée commerciale,False,False,False,False,False,1802,2942,1,2025
E1133,Attaché parlementaire / Attachée parlementaire,,,False,True,,,,,
J1401,Audioprothésiste,False,,False,,,2000,4000,5,2025
H1515,Auditeur / Auditrice qualité en industrie,False,False,False,True,False,1802,3600,4,2025
M1202,Auditeur comptable et financier / Auditrice comptable et financière,False,False,True,True,False,2083,3750,5,2025
M1415,Auditeur social / Auditrice sociale,False,False,False,True,False,,,1,2025
E1102,Auteur / Auteure,,,False,,,,,1,2025
E1126,Auteur / Auteure de jeux de société,False,False,False,False,False,,,1,2025
L1213,Auteur-compositeur-interprète / Auteure-compositrice-interprète,,,False,,,,,,
H1208,Automaticien / Automaticienne en bureau d'études,True,,False,,,1870,3750,5,2025
J1310,Auxiliaire ambulancier / Auxiliaire ambulancière,False,True,False,False,True,1802,1900,4,2025
M1616,Auxiliaire de gestion des écoles de conduite,False,False,False,False,False,,,1,2025
J1304,Auxiliaire de puériculture,False,True,True,False,True,1802,2236,3,2025
K1314,Auxiliaire de vie sociale auprès d'enfants,False,True,False,False,,1802,2667,3,2025
A1501,Auxiliaire vétérinaire,False,False,False,False,False,1802,2148,4,2025
A1409,Aviculteur / Avicultrice,False,False,True,False,False,1802,1900,3,2025
K1915,Avocat / Avocate,False,False,False,True,True,,,,
G1702,Bagagiste en établissement hôtelier,False,False,False,False,False,1802,1974,3,2025
D1216,Barbier / Barbière,False,False,False,False,False,1802,2051,4,2025
G1809,Barista,False,False,False,False,False,1802,2048,3,2025
G1801,Barman / Barmaid,False,False,False,False,False,1802,2179,3,2025
K1603,Bibliothécaire,False,False,False,False,False,1802,2207,1,2025
B1605,Bijoutier / Bijoutière,False,False,False,False,,1802,2064,4,2025
G1306,Billettiste voyages,False,False,False,False,False,1802,2333,1,2025
F1125,BIM Manager,True,False,True,True,False,1820,3750,5,2025
H1215,"Bioinformaticien / Bioinformaticienne en études, recherche et développement",True,False,True,True,False,,,4,2025
H1525,Biologiste de contrôle fabrication en industrie,False,False,True,False,False,,,3,2025
J1201,Biologiste médical / Biologiste médicale,False,True,False,True,True,2123,9167,5,2025
K2403,Biostatisticien / Biostatisticienne,,,False,True,True,,,2,2025
H2807,Bobineur / Bobineuse de fils et fibres de verre,,,False,,,,,,
H2601,Bobinier / Bobinière en électricité,False,False,True,False,False,1802,2083,5,2025
H2608,Bobinier / Bobinière en matériels électroniques,False,False,False,False,False,,,5,2025
N3118,Bosco de la navigation maritime,False,False,False,False,False,,,,
K2419,Botaniste,,,True,True,,,,,
D1101,Boucher / Bouchère,False,False,False,False,False,1802,2300,5,2025
D1102,Boulanger / Boulangère,False,False,False,False,False,1802,2366,3,2025
H2108,Boulanger pâtissier industriel / Boulangère pâtissière industrielle,False,False,False,False,False,,,,
F1402,Boutefeu,False,False,False,False,True,1802,2333,4,2025
J1308,Brancardier / Brancardière,,,False,,,1802,2190,1,2025
E1127,Brand content manager,True,False,False,True,False,,,1,2025
A1413,Brasseur / Brasseuse de bière,False,False,False,False,False,1802,2244,4,2025
D1201,Brocanteur / Brocanteuse,False,False,False,False,False,1802,2154,1,2025
B1804,Brodeur / Brodeuse,,,False,,,1802,2000,4,2025
A1201,Bûcheron / Bûcheronne,False,False,True,False,False,1802,2000,5,2025
H2602,Câbleur / Câbleuse d'armoires,,,False,,,1802,2199,5,2025
J1502,Cadre de santé d'unité de soins ou de service paramédical,False,True,False,True,True,1802,3245,4,2025
D1420,Cadre Technico-commercial / CadreTechnico-commerciale,False,False,False,True,False,2048,4417,3,2025
C1403,Cadre technique de la banque,True,,False,True,,,,,
H2215,Caissier / Caissière de l'emballage industriel,,,False,,,1802,2000,4,2025
F1626,Calorifugeur / Calorifugeuse,False,False,True,False,False,1802,2123,5,2025
B1404,Canneur rempailleur / Canneuse rempailleuse,False,False,False,False,False,,,,
N3110,Capitaine d'armement,False,False,False,False,False,,,,
A1406,Capitaine de pêche,False,,True,True,True,,,4,2025
N3115,Capitaine de yacht,False,False,False,True,True,,,,
J1140,Cardiologue,False,,False,True,True,,,,
N1101,Cariste,False,False,False,False,,1802,1972,2,2025
F1608,Carreleur / Carreleuse,,,True,,False,1802,2200,4,2025
I1606,Carrossier-peintre / Carrossière-peintre,,,True,,,1802,2500,5,2025
M1808,Cartographe,True,False,True,True,False,1820,2618,4,2025
L1207,Cascadeur / Cascadeuse,False,False,False,False,False,,,1,2025
M1720,Category Manager Responsable (CATMAN),,,True,True,,,,,
N4406,Caténairiste,False,False,True,False,False,,,,
L1403,Cavalier / Cavalière d'entraînement,False,False,False,False,False,1802,1974,2,2025
L1206,Cavalier / Cavalière de spectacle,False,False,False,False,False,,,1,2025
A1422,Caviste de chai,False,False,True,False,False,1802,2048,4,2025
B1201,Céramiste,False,False,False,False,False,,,2,2025
A1437,Champignonniste,False,False,True,False,False,1802,1802,2,2025
L1212,Chanteur / Chanteuse,,,False,,,,,,
D1103,Charcutier-traiteur / Charcutière-traiteuse,False,False,False,False,False,1802,2354,4,2025
M1601,Chargé / Chargée d'accueil,False,False,False,False,False,1802,2179,1,2025
C1201,Chargé / Chargée d'accueil et de services clientèle bancaire,,,False,,,1802,2083,4,2025
C1203,Chargé / Chargée d'affaires bancaires,,,False,False,,1802,3917,2,2025
F1135,Chargé / Chargée d'affaires BTP,False,False,True,True,False,1972,3750,5,2025
C1119,Chargé / Chargée d'affaires en assurances,,,False,,,,,,
F1133,Chargé / Chargée d'affaires foncières,False,False,False,True,False,2094,3750,5,2025
C1503,Chargé / Chargée d'affaires immobilières,,,False,True,,1820,3333,2,2025
H1109,Chargé / Chargée d'affaires nucléaire,,,True,,,,,,
D1443,Chargé / Chargée d'assistance,False,False,False,False,False,,,,
E1130,Chargé / Chargée d'édition musicale graphique,False,False,False,True,False,,,,
K1814,Chargé / Chargée d'emploi en entreprise de travail temporaire,False,False,False,False,False,1802,2333,2,2025
A1306,Chargé / Chargée d'étude naturaliste,False,False,True,False,False,,,3,2025
M1430,Chargé / Chargée d'études commerciales,False,False,False,,False,1820,3833,2,2025
C1214,Chargé / Chargée d'études crédits bancaires,,,False,,,,,,
M1403,Chargé / Chargée d'études socio-économiques,False,False,False,True,False,1972,3333,2,2025
C1107,Chargé / Chargée d'indemnisations en assurances,,,False,False,,1796,3154,4,2025
K2139,Chargé / Chargée de bilan professionnel,False,False,False,False,False,,,2,2025
M1722,"Chargé / Chargée de cession de droits, synchro",False,,False,,False,,,,
C1116,Chargé / Chargée de clientèle centre d'appels en assurances,,,False,,,,,,
E1112,Chargé / Chargée de communication,True,False,True,,False,1802,2800,1,2025
A1316,Chargé / Chargée de conservation ex-situ,False,False,True,False,False,,,,
K1808,Chargé / Chargée de développement culturel,False,False,True,True,False,1804,2782,,
G1213,Chargé / Chargée de développement d'activités sportives,False,False,False,False,False,1830,2295,1,2025
E1411,Chargé / Chargée de développement du patrimoine publicitaire,False,False,False,False,False,,,1,2025
K1802,Chargé / Chargée de développement économique et local,False,False,True,True,False,1852,2917,,
K1805,Chargé / Chargée de développement social,False,False,True,True,False,1850,2917,,
K1806,Chargé / Chargée de développement social et urbain,False,True,True,False,False,2000,2667,,
E1414,Chargé / Chargée de diffusion publicitaire,True,False,False,True,False,,,1,2025
M1505,Chargé / Chargée de formation en entreprise,False,False,False,False,False,1820,4605,1,2025
C1502,Chargé / Chargée de gestion locative en immobilier,,,False,,,1802,2923,3,2025
K1513,Chargé / Chargée de l'exécution de la dépense publique,False,False,False,False,False,,,,
M1714,Chargé / Chargée de l'information promotionnelle du médicament en industrie pharmaceutique,False,False,False,False,False,,,2,2025
D1224,Chargé / Chargée de location d'engins et de matériel de chantier,False,False,False,False,False,1802,2149,2,2025
D1234,Chargé / Chargée de location de matériel de transport ou de loisirs,False,False,False,False,False,1802,2064,2,2025
M1718,Chargé / Chargée de marketing digital,True,False,False,True,False,1820,4167,1,2025
H1529,Chargé / Chargée de matériovigilance,False,False,False,False,False,,,4,2025
K1226,Chargé / Chargée de médiation interculturelle,False,False,False,True,False,,,3,2025
D1506,Chargé / Chargée de merchandising,False,False,False,,False,1802,2200,1,2025
F1137,Chargé / Chargée de méthodes BTP,False,False,True,True,False,1802,3739,5,2025
K1815,"Chargé / Chargée de mission ""Villes et Territoires Durables""",False,True,True,True,False,1900,2830,2,2025
K1412,Chargé / Chargée de mission aux relations internationales,False,False,False,True,False,1900,3333,,
K1404,Chargé / Chargée de mission développement territorial,,,True,True,,1892,3000,,
K1813,Chargé / Chargée de mission eaux pluviales,False,False,True,False,False,,,,
A1313,Chargé / Chargée de mission environnement,False,False,True,True,False,1820,3750,4,2025
M1510,Chargé / Chargée de mission RH diversité handicap,False,False,False,False,False,1950,3333,1,2025
M1413,Chargé / Chargée de mission RSE - Responsabilité Sociétale de l'Entreprise,False,False,True,,False,1958,3333,1,2025
K1414,Chargé / Chargée de mission santé publique,False,True,False,True,False,1980,3592,5,2025
A1321,Chargé / Chargée de mission thématique durable,False,False,True,True,False,,,,
K1718,Chargé / Chargée de navigation maritime sur navire militaire,False,False,False,,False,,,,
M1431,Chargé / Chargée de partenariat,False,False,False,False,False,,,,
H1514,Chargé / Chargée de pharmacovigilance en industrie pharmaceutique,False,False,False,True,True,,,4,2025
E1131,Chargé / Chargée de plaidoyer,False,False,True,True,False,,,,
L1311,Chargé / Chargée de production de spectacles,,,True,,,,,,
C1101,Chargé / Chargée de produit en assurances,,,False,,,,,2,2025
L1314,Chargé / Chargée de programme,True,,False,,,,,,
A1325,Chargé / Chargée de projet Biodiversité,False,False,True,True,False,,,,
K1812,Chargé / Chargée de projet emploi,True,False,False,True,False,1894,2917,2,2025
K1811,Chargé / Chargée de projet en aménagement du territoire,False,False,True,True,False,1836,2917,,
G1102,Chargé / Chargée de promotion touristique,False,False,True,False,False,1820,2933,1,2025
K2404,Chargé / Chargée de recherche en industrie pharmaceutique,False,True,False,True,False,,,2,2025
D1422,Chargé / Chargée de recouvrement de créances,False,False,False,False,False,1802,2583,4,2025
C1507,Chargé / Chargée de recouvrement immobilier,,,False,,,,,,
M1502,Chargé / Chargée de recrutement,False,False,False,False,False,1802,2500,1,2025
D1415,Chargé / Chargée de relation client,False,False,False,False,False,1802,2555,1,2025
H1507,Chargé / Chargée des affaires réglementaires,,,False,True,True,1900,3768,4,2025
M1719,Chargé / Chargée des relations avec les influenceurs,True,False,False,True,False,,,1,2025
E1103,Chargé / Chargée des relations publiques,True,False,False,True,False,1802,3077,1,2025
H1511,Chargé / Chargée de validation-qualification en industrie pharmaceutique,False,False,False,True,False,1833,3768,4,2025
K1727,Chargé / Chargée du guidage d'aéronef militaire,False,False,False,False,False,,,,
K2320,Chargé / Chargée du traitement des déchets,False,False,True,False,,,,4,2025
M1435,Chargé de tracking vérificateur / Chargée de tracking vérificatrice,True,,False,,False,,,,
F1503,Charpentier / Charpentière,False,False,True,False,False,1802,2145,5,2025
F1504,Charpentier / Charpentière de marine,False,False,True,False,False,1802,2199,5,2025
H2919,Charpentier / Charpentière métallique en construction navale,False,False,True,False,False,,,,
H2902,Chaudronnier / Chaudronnière,,,True,,,1802,2139,5,2025
I1308,Chauffagiste,False,False,True,False,False,1802,2500,5,2025
N4120,Chauffeur-livreur préparateur / Chauffeuse-livreuse préparatrice de commandes,False,False,False,False,False,1802,2000,2,2025
L1521,Chef / Cheffe accessoiriste,False,False,False,False,False,,,1,2025
G1705,Chef / Cheffe concierge d'hôtel,False,False,False,False,False,,,3,2025
D1238,Chef / Cheffe d'agence de location de véhicules,False,False,False,False,False,,,2,2025
I1117,Chef / Cheffe d'atelier après-vente cycles,False,False,True,False,False,,,5,2025
I1103,"Chef / Cheffe d'atelier après-vente des véhicules (auto, moto, VTR)",False,False,False,False,False,1820,2991,5,2025
H2607,Chef / Cheffe d'atelier de bobinage électrique,False,False,False,False,False,,,5,2025
I1332,Chef / Cheffe d'atelier de maintenance industrielle,False,False,True,True,False,1820,3500,5,2025
I1108,Chef / Cheffe d'atelier engins de chantier,False,False,True,False,False,1820,3452,5,2025
I1112,Chef / Cheffe d'atelier engins de levage et de manutention,False,False,True,False,,,,5,2025
H2515,Chef / Cheffe d'atelier en industrie de transformation,,,False,,,,,,
I1110,Chef / Cheffe d'atelier machines agricoles,False,False,False,False,False,1925,3281,5,2025
H2501,Chef / Cheffe d'atelier production électricité-électronique,True,False,False,,,1802,3333,5,2025
I1113,Chef / Cheffe d'équipe atelier en démontage recyclage de VHU (Véhicules hors d'usage),False,False,True,False,False,,,5,2025
F1206,Chef / Cheffe d'équipe bâtiment,False,False,True,False,False,1820,2592,5,2025
I1333,Chef / Cheffe d'équipe d'installation industrielle,False,False,True,False,False,1802,3547,5,2025
N3204,Chef / Cheffe d'équipe de manutention portuaire,False,False,True,False,,,,1,2025
A1207,Chef / Cheffe d'équipe de travaux de milieux naturels,False,False,True,False,False,1802,2667,2,2025
A1212,Chef / Cheffe d'équipe de travaux forestiers,False,False,True,False,False,1802,2565,5,2025
D1252,Chef / Cheffe d'équipe de vente en pièces de rechange et d'accessoires de véhicules,False,False,True,False,False,,,,
H2426,Chef / Cheffe d'équipe en atelier de coupe,False,False,False,False,False,,,3,2025
N1107,Chef / Cheffe d'équipe en déménagement,False,False,False,False,False,,,1,2025
H2504,Chef / Cheffe d'équipe en industrie,,,False,,,1802,2923,5,2025
I1206,Chef / Cheffe d'équipe en mobilier urbain et publicitaire,False,False,False,False,False,,,2,2025
H2513,Chef / Cheffe d'équipe et d'atelier cuir et peaux,,,False,,,,,,
H2505,Chef / Cheffe d'équipe et d'atelier textile,,,False,,,1802,3077,3,2025
N1112,Chef / Cheffe d'équipe logistique,False,False,False,False,False,1802,2500,2,2025
A1211,Chef / Cheffe d'équipe paysagiste,False,False,True,False,False,1820,2400,2,2025
F1207,Chef / Cheffe d'équipe travaux publics,False,False,True,False,False,1820,2600,5,2025
N2205,Chef / Cheffe d'escale,False,False,False,False,False,2333,6154,2,2025
K2103,Chef / Cheffe d'établissement d'enseignement,False,False,False,True,False,1989,3834,2,2025
H2715,Chef / Cheffe d'exploitation en production distribution d'énergie,,,True,,,,,,
L1214,Chef / Cheffe d'orchestre,,,False,True,,,,,
G1226,Chef / Cheffe de bassin,False,False,False,False,True,,,2,2025
F1203,Chef / Cheffe de carrière,,,False,False,,1820,2917,4,2025
K1744,Chef / Cheffe de centre d'incendie et de secours,True,,True,True,,,,,
K1507,Chef / Cheffe de centre des impôts,False,False,False,True,False,,,,
F1202,Chef / Cheffe de chantier bâtiment,False,False,True,,False,1820,2923,5,2025
F1209,Chef / Cheffe de chantier travaux publics,False,False,True,False,False,1820,3033,5,2025
G1601,Chef / Cheffe de cuisine,False,False,True,False,False,1850,3000,5,2025
A1420,Chef / Cheffe de culture responsable d'unité de production agricole,,,True,,,1833,2995,2,2025
E1303,Chef / Cheffe de fabrication en industrie graphique,False,False,False,,False,1802,3750,3,2025
M1709,Chef / Cheffe de gamme en industrie pharmaceutique,False,False,False,True,False,,,2,2025
N1207,Chef / Cheffe de groupe affrètement,False,False,False,True,False,,,2,2025
D1111,Chef / Cheffe de laboratoire en charcuterie,False,False,False,False,False,,,4,2025
H2424,Chef / Cheffe de ligne chromo en industrie textile,False,False,False,False,False,,,3,2025
H3304,Chef / Cheffe de ligne conditionnement,False,False,False,False,False,1802,2123,3,2025
K1719,Chef / Cheffe de police municipale,False,False,False,True,True,,,,
K1512,Chef / Cheffe de poste du Trésor public,False,False,False,True,False,,,,
H2506,Chef / Cheffe de production en industrie agroalimentaire,False,False,False,True,False,1802,2917,5,2025
M1703,Chef / Cheffe de produit,True,False,False,True,False,1944,4231,2,2025
G1308,Chef / Cheffe de produit touristique,False,False,False,True,False,,,1,2025
H1238,Chef / Cheffe de projet conception industrielle en mécanique,False,False,True,True,False,2618,4000,5,2025
H1524,Chef / Cheffe de projet contrôle qualité,False,False,False,True,False,1802,3083,4,2025
M1721,Chef / Cheffe de projet édition phonographique,True,,False,True,False,,,,
F1136,Chef / Cheffe de projet éolien,False,False,True,True,False,,,5,2025
M1853,Chef / Cheffe de projet étude et développement informatique,True,False,False,True,False,2074,4583,4,2025
E1107,Chef / Cheffe de projet événementiel,False,False,False,True,False,1802,2767,1,2025
E1115,Chef / Cheffe de projet jeux vidéo,True,False,False,True,False,,,1,2025
M1859,Chef / Cheffe de projet maîtrise d'œuvre informatique,True,False,False,True,False,,,4,2025
M1881,Chef / Cheffe de projet Maîtrise d'Ouvrage des Systèmes d'Information (MOA),True,False,False,True,False,2167,4605,4,2025
E1413,Chef / Cheffe de projet publicitaire,True,False,False,True,False,,,1,2025
M1854,Chef / Cheffe de projet réseau fixe et mobile,True,False,False,True,False,2176,3337,2,2025
E1120,Chef / Cheffe de projets traduction,False,False,False,True,False,,,2,2025
M1858,Chef / Cheffe de projet TMA - Tierce Maintenance Applicative,True,False,False,True,False,,,4,2025
M1886,Chef / Cheffe de projet Web,True,False,False,True,False,2094,4000,3,2025
M1706,Chef / Cheffe de promotion des ventes,,,False,True,,1802,2154,2,2025
E1401,Chef / Cheffe de publicité,True,False,False,True,False,,,1,2025
G1810,Chef / Cheffe de rang,False,False,False,False,False,1820,2275,3,2025
D1503,Chef / Cheffe de rayon de produits non alimentaires,False,False,False,False,False,1802,2500,1,2025
D1502,Chef / Cheffe de rayon produits alimentaires,False,False,False,False,False,1802,2583,1,2025
D1513,Chef / Cheffe de rayon produits frais,False,False,False,False,False,,,,
G1706,Chef / Cheffe de réception en hôtellerie,False,False,False,False,False,1885,2583,3,2025
D1517,Chef / Cheffe de secteur distribution,False,False,False,True,False,,,,
D1510,Chef / Cheffe de secteur magasin,False,False,False,False,False,1906,3500,1,2025
C1123,Chef / Cheffe de service de la sécurité sociale,True,,False,True,,,,,
K1716,Chef / Cheffe de service pénitentiaire,False,False,False,True,True,,,,
I1123,Chef / Cheffe de service sécurité trafic routier,,,False,True,,,,,
K1409,Chef / Cheffe de service socioéducatif,False,True,False,True,False,2256,3657,,
M1223,Chef / Cheffe des services administratifs et financiers,False,False,False,True,False,1900,4167,2,2025
E1208,Chef / Cheffe de studio de photographie,False,False,False,True,False,,,1,2025
D1417,Chef / Cheffe des ventes,False,False,False,True,False,2000,4583,2,2025
K2147,Chef / Cheffe de travaux dans l'enseignement technique,False,False,False,False,False,,,3,2025
L1525,Chef / Cheffe machiniste spectacle,False,False,False,False,False,,,1,2025
G1808,Chef barman / Cheffe barmaid,False,False,False,False,False,1833,2692,3,2025
D1109,Chef boucher / Cheffe bouchère,False,False,False,False,False,1833,2962,5,2025
D1108,Chef boulanger / Cheffe boulangère,False,False,False,False,False,1850,2809,3,2025
D1112,Chef charcutier-traiteur / Cheffe charcutière-traiteuse,False,False,False,False,False,,,4,2025
L1517,Chef coiffeur / Cheffe coiffeuse spectacle,False,False,False,,False,,,1,2025
L1527,Chef constructeur / Cheffe constructrice en décors,False,False,False,False,False,,,1,2025
I1513,Chef d'équipe scaphandrier / Cheffe d'équipe scaphandrière,,,False,,,,,,
L1524,Chef décorateur / Cheffe décoratrice spectacle,False,False,False,,False,,,1,2025
H1228,Chef de groupe projeteur / Cheffe de groupe projeteuse en électricité-électronique,False,False,True,True,False,1896,3308,5,2025
M1828,Chef de projet / Cheffe de projet (Project Management Officer),True,False,False,True,False,2333,4487,4,2025
H1105,Chef de projets santé / Cheffe de projets santé,False,False,False,True,False,2019,4261,3,2025
L1518,Chef habilleur / Cheffe habilleuse,False,False,False,False,False,,,1,2025
N4404,Chef opérateur / Cheffe opératrice des manœuvres du réseau ferré,False,False,True,False,False,,,,
L1514,Chef opérateur / Cheffe opératrice image,True,False,False,True,False,,,1,2025
D1117,Chef pâtissier / Cheffe pâtissière,False,False,False,False,False,1900,2962,3,2025
G1806,Chef sommelier / Cheffe sommelière,False,False,False,False,False,2049,3299,4,2025
H2915,Chef soudeur / Cheffe soudeuse,False,False,False,False,False,1802,2500,5,2025
K2413,Chercheur / Chercheuse des écosystèmes,,,True,True,,,,,
K2412,Chercheur / Chercheuse du monde aquatique,,,True,True,,,,,
K2420,Chercheur / Chercheuse du monde forestier,,,True,True,,,,,
K2417,Chercheur / Chercheuse du monde marin,,,True,True,,,,,
K2421,Chercheur / Chercheuse du monde microbien et microbiologique,,,True,True,,,,,
K2401,Chercheur / Chercheuse en sciences humaines et sociales,,,False,True,,1900,3306,1,2025
K2418,Chercheur animalier / Chercheuse animalière,,,True,True,,,,,
M1423,Chief Data Officer,True,False,False,True,False,,,2,2025
M1426,Chief digital officer - Responsable de la transformation digitale,True,False,False,True,False,,,1,2025
J1416,Chiropracteur / Chiropractrice,False,False,False,False,False,,,,
J1119,Chirurgien / Chirurgienne,False,True,False,True,True,,,5,2025
J1122,Chirurgien plasticien / Chirurgienne plasticienne,False,True,False,True,True,,,5,2025
D1115,Chocolatier / Chocolatière,False,False,False,False,False,1802,2200,3,2025
L1211,Chorégraphe,False,False,False,False,False,,,1,2025
A1443,Cidrier / Cidrière,False,False,True,False,False,,,4,2025
H2905,Cisailleur / Cisailleuse en métallurgie,,,False,,,1802,2037,5,2025
K1902,Clerc de notaire,False,False,False,False,False,1810,3750,3,2025
K2407,Climatologue,False,False,True,True,False,,,2,2025
F1701,Coffreur / Coffreuse,,,True,,,1802,2201,4,2025
D1202,Coiffeur / Coiffeuse,False,False,False,False,False,1802,2064,4,2025
L1516,Coiffeur / Coiffeuse spectacle,False,False,False,False,False,,,1,2025
H1201,Coloriste en industrie,False,False,False,False,False,1802,2200,3,2025
K1733,Combattant / Combattante des forces spéciales militaires,False,False,False,False,False,,,,
K1737,Combattant / Combattante en milieu maritime,False,False,False,False,False,,,,
K1701,Combattant / Combattante en milieu terrestre,False,False,False,False,False,1809,2019,,
L1203,Comédien / Comédienne,,,False,,,1708,2450,1,2025
D1416,Commercial / Commerciale auprès d'une clientèle d'entreprises,False,False,False,False,False,1802,2667,3,2025
D1433,Commercial / Commerciale export,False,False,False,True,False,1864,4167,3,2025
D1402,Commercial / Commerciale grands comptes et entreprises,False,False,False,,False,1802,2700,3,2025
D1113,Commercial itinérant / Commerciale itinérante en entreprise de commerce de gros,False,False,False,False,False,1820,6250,1,2025
G1602,Commis / Commise de cuisine,False,False,True,False,False,1802,2000,4,2025
K1910,Commissaire à la Cour des comptes,False,False,False,True,True,,,,
M1210,Commissaire aux comptes,False,False,False,True,True,2333,3797,5,2025
K1605,Commissaire d'exposition,False,False,False,True,False,,,,
N3112,Commissaire de bord,False,False,False,False,False,,,,
K1709,Commissaire de police,False,False,False,True,False,,,,
K1907,Commissaire-priseur / Commissaire-priseure,False,False,False,True,True,,,3,2025
E1101,Community manager,True,False,False,False,False,1802,2512,1,2025
A1509,Comportementaliste animalier / Comportementaliste animalière,False,False,False,False,False,,,2,2025
M1203,Comptable,True,False,False,False,False,1820,3040,4,2025
F1140,Concepteur / Conceptrice agencement,False,False,True,False,False,1802,2123,1,2025
E1104,Concepteur / Conceptrice de contenus multimedia,True,False,False,False,False,1802,3547,1,2025
L1520,Concepteur / Conceptrice de costumes,False,False,False,False,False,,,1,2025
E1125,Concepteur / Conceptrice de jeux vidéo,True,False,False,False,False,,,1,2025
G1301,Concepteur / Conceptrice de produits touristiques,False,False,True,False,False,1802,2500,1,2025
B1612,Concepteur / Conceptrice numérique en bijouterie joaillerie,True,False,False,False,True,,,1,2025
A1206,Concepteur / Conceptrice paysagiste,False,False,True,True,True,1802,2840,2,2025
E1119,Concepteur rédacteur / Conceptrice rédactrice,True,False,True,False,False,,,1,2025
G1701,Concierge d'hôtel,False,False,False,False,False,1802,2123,3,2025
L1316,Conducteur / Conductrice d'antenne,,,False,,,,,,
N4117,Conducteur / Conductrice d'attelage,False,False,True,False,False,,,5,2025
N4109,Conducteur / Conductrice d'autocar ligne régulière,False,False,True,False,True,1817,2050,5,2025
F1303,Conducteur / Conductrice d'engin de damage,False,False,False,False,False,,,4,2025
A1101,Conducteur / Conductrice d'engins agricoles,,,False,,,1802,2097,4,2025
A1102,Conducteur / Conductrice d'engins d'exploitation forestière,,,True,,,1802,2083,4,2025
F1302,Conducteur / Conductrice d'engins de chantier,False,False,False,False,True,1802,2100,4,2025
N4303,Conducteur / Conductrice d'engins de manœuvre du réseau ferré,False,False,True,False,False,,,1,2025
N1114,Conducteur / Conductrice d'engins lourds de manutention,False,False,False,False,True,1802,1972,3,2025
H2709,Conducteur / Conductrice d'installation d'incinération,False,False,True,False,False,,,4,2025
H3102,Conducteur / Conductrice d'installation de pâte à papier,False,False,False,False,False,1802,2333,2,2025
H2702,Conducteur / Conductrice de bloc nucléaire,False,False,True,False,True,,,4,2025
N4103,Conducteur / Conductrice de bus,False,False,True,False,True,1802,2166,5,2025
N4127,Conducteur / Conductrice de car tourisme,False,False,True,False,True,1802,2123,4,2025
N4129,Conducteur / Conductrice de corbillard,False,False,False,False,False,,,5,2025
N1108,Conducteur / Conductrice de grue mobile,False,False,False,False,,1802,2123,3,2025
H3301,Conducteur / Conductrice de ligne de conditionnement,False,False,False,False,False,1802,2076,3,2025
H2405,Conducteur / Conductrice de ligne de production de textiles non-tissés,False,False,False,False,False,1802,2083,3,2025
H2202,Conducteur / Conductrice de ligne de production en industrie du bois,,,True,,,1802,2000,4,2025
H2924,Conducteur / Conductrice de ligne de production en industrie métallurgique,False,False,False,False,False,,,,
H2301,Conducteur / Conductrice de ligne en industrie chimique,False,False,False,False,False,1802,2237,3,2025
H3106,Conducteur / Conductrice de ligne en industrie papetière,,,False,,,,,,
H2404,Conducteur / Conductrice de machine de production et transformation des fils,False,False,False,False,False,1802,2029,4,2025
H3101,Conducteur / Conductrice de machines à papier ou carton,,,False,,,1802,2078,3,2025
E1314,Conducteur / Conductrice de machines à pelliculer,False,False,False,False,False,1740,2032,4,2025
E1316,Conducteur / Conductrice de machines à sérigraphier,,,False,,,,,,
E1301,Conducteur / Conductrice de machines d'impression,,,False,,,1802,2083,4,2025
H3305,Conducteur / Conductrice de machines de conditionnement,False,False,False,False,False,1802,1929,3,2025
H2203,Conducteur / Conductrice de machines de fabrication de panneaux à base de bois,,,True,,,1802,1950,3,2025
H2403,Conducteur / Conductrice de machines de fabrication de produits textiles,False,False,False,False,False,1802,2047,3,2025
E1302,Conducteur / Conductrice de machines de façonnage routage,False,False,False,False,False,1802,2048,4,2025
E1315,Conducteur / Conductrice de machines de reliure automatique,False,False,False,False,False,1740,2019,4,2025
H2406,Conducteur / Conductrice de machines de traitement textile,False,False,False,False,False,1802,2100,3,2025
H2102,Conducteur / Conductrice de machines en industrie alimentaire,False,False,False,False,False,1802,2000,4,2025
N4118,Conducteur / Conductrice de matériel de collecte,False,False,True,False,False,1802,2123,2,2025
N4305,Conducteur / Conductrice de métro,,,True,,,,,1,2025
N4128,Conducteur / Conductrice de navettes moins de 10 places,False,False,True,False,False,1802,2082,4,2025
N3104,Conducteur / Conductrice de navigation fluviale,False,False,False,False,False,,,2,2025
N4101,Conducteur / Conductrice de poids lourd,False,False,False,False,True,1802,2157,3,2025
N1111,Conducteur / Conductrice de pont roulant,False,False,False,False,True,1802,24449,3,2025
H2808,Conducteur / Conductrice de presses en production transformation du verre,,,False,,,,,,
H2302,Conducteur / Conductrice de procédé de fabrication en industrie pharmaceutique,False,False,False,False,False,1802,2334,3,2025
H2417,Conducteur / Conductrice de rame textile,False,False,False,False,False,,,3,2025
N4402,Conducteur / Conductrice de remontées mécaniques,False,False,False,False,False,1800,2275,1,2025
N4131,Conducteur / Conductrice de taxi,False,False,False,False,True,1802,2244,4,2025
N4124,Conducteur / Conductrice de taxi moto,False,False,False,False,False,,,4,2025
N4301,Conducteur / Conductrice de train,False,False,True,False,True,1896,2833,1,2025
N4119,Conducteur / Conductrice de tramway,False,False,True,False,False,,,5,2025
N4102,Conducteur / Conductrice de transport de particuliers,False,False,False,False,,1802,1978,4,2025
N4125,Conducteur / Conductrice de transport routier d'animaux vivants,False,False,False,False,True,1802,2289,4,2025
N4116,Conducteur / Conductrice de transport routier de marchandises dangereuses,False,False,False,False,True,1802,2054,3,2025
N4126,Conducteur / Conductrice de transport routier en convoi exceptionnel,False,False,False,False,True,1802,3111,3,2025
A1218,Conducteur / Conductrice de travaux de milieux naturels,False,False,True,True,False,,,,
F1201,Conducteur / Conductrice de travaux du bâtiment,False,False,True,True,False,1820,3333,5,2025
A1436,Conducteur / Conductrice de travaux en entreprise de travaux agricoles,False,False,True,True,False,1802,2500,2,2025
A1213,Conducteur / Conductrice de travaux forestiers,False,False,True,False,False,1802,2730,5,2025
A1221,Conducteur / Conductrice de travaux paysagers,False,False,False,False,False,,,,
F1208,Conducteur / Conductrice de travaux publics,False,False,True,True,False,1802,3365,5,2025
N4135,Conducteur / Conductrice de véhicule de guidage,False,False,False,False,True,,,,
N4134,Conducteur / Conductrice de véhicule de protection de convoi exceptionnel,False,False,False,False,True,,,,
N4133,Conducteur / Conductrice de véhicule grumier,,,False,,,,,,
N4115,Conducteur / Conductrice de véhicules Super Lourds,False,False,False,False,True,1802,2244,3,2025
N4130,Conducteur / Conductrice de voiture radar à conduite externalisée,False,False,False,False,True,,,2,2025
N4111,Conducteur / Conductrice super poids lourd de l'armée,False,False,False,False,False,1802,1982,3,2025
N4112,Conducteur / Conductrice VTC,False,False,False,False,,1802,2100,4,2025
N4108,Conducteur accompagnateur / Conductrice accompagnatrice de personnes à mobilité réduite,False,False,False,False,True,1802,1911,4,2025
N4105,Conducteur-livreur / Conductrice-livreuse,False,False,False,False,True,1802,2055,2,2025
N4107,Conducteur livreur / Conductrice livreuse de béton prêt à l'emploi,False,False,False,False,False,1802,2100,2,2025
N4114,Conducteur livreur avitailleur / Conductrice livreuse avitailleuse en carburant,False,False,False,False,True,1802,2245,2,2025
N4123,Conducteur livreur installateur / Conductrice livreuse installatrice,False,False,False,False,False,1664,2013,2,2025
N4113,Conducteur routier international / Conductrice routière internationale,False,False,False,False,False,1803,1885,3,2025
C1212,Conseiller / Conseillère à distance de banque,True,,False,,,,,,
I1623,Conseiller / Conseillère client après-vente des véhicules,False,False,False,False,False,1802,2400,5,2025
D1408,Conseiller / Conseillère clientèle à distance,True,False,False,False,False,1802,2083,2,2025
K1211,Conseiller / Conseillère d'Insertion et de Probation (CIP),False,False,False,False,True,1875,2400,4,2025
K2112,Conseiller / Conseillère d'orientation,False,False,False,False,False,1811,2865,2,2025
K1107,Conseiller / Conseillère d'orientation psychologue,False,,False,,False,2000,2692,3,2025
C1206,Conseiller / Conseillère de clientèle bancaire,,,False,,,1802,2917,3,2025
D1223,Conseiller / Conseillère de vente en pièces de rechange et accessoires de véhicules,False,False,False,False,False,1802,2100,1,2025
K1804,Conseiller / Conseillère en création d'entreprise,False,False,False,True,False,1944,3750,2,2025
K1103,Conseiller / Conseillère en développement personnel,False,False,False,False,False,1802,2230,1,2025
K1225,Conseiller / Conseillère en économie sociale et familiale (CESF),False,False,False,False,True,1900,2542,3,2025
C1120,Conseiller / Conseillère en études actuarielles,,,False,False,,,,,
M1219,Conseiller / Conseillère en fusion et acquisition,False,False,False,True,False,,,2,2025
K1214,Conseiller / Conseillère en génétique,False,,False,,,,,3,2025
M1209,Conseiller / Conseillère en gestion,False,False,False,True,False,1721,3002,4,2025
M1508,Conseiller / Conseillère en gestion de carrière,False,False,False,True,False,1870,3333,1,2025
C1205,Conseiller / Conseillère en gestion de patrimoine,False,False,False,False,False,1900,4167,3,2025
I1328,Conseiller / Conseillère en hydraulique agricole,False,False,True,False,False,,,5,2025
D1241,Conseiller / Conseillère en image personnelle,False,False,False,False,False,1802,1974,4,2025
D1405,Conseiller / Conseillère en information médicale,False,False,False,,True,,,2,2025
K1801,Conseiller / Conseillère en insertion professionnelle,False,False,False,False,False,1895,2450,2,2025
D1440,Conseiller / Conseillère en livraison de véhicules,False,False,False,False,False,,,,
D1248,Conseiller / Conseillère en matériel médical ou paramédical,,,False,,,,,,
E1117,Conseiller / Conseillère en organisation d'événementiel de particuliers,False,False,False,False,False,1802,2500,1,2025
F1114,Conseiller / Conseillère en rénovation énergétique,False,False,True,,True,1802,3000,5,2025
K2126,Conseiller / Conseillère en validation des acquis de l'expérience,False,False,False,False,False,,,1,2025
G1303,Conseiller / Conseillère en voyages,False,False,False,False,False,1802,2250,1,2025
K2602,Conseiller / Conseillère funéraire,False,,False,False,True,1802,2100,1,2025
C1504,Conseiller / Conseillère immobilier,,,True,,,1802,3097,4,2025
D1423,Conseiller / Conseillère produits en véhicules,False,False,False,False,False,,,2,2025
I1404,Conseiller / Conseillère support technique informatique,True,False,False,False,False,1833,18462,3,2025
A1304,Conseiller / Conseillère technique agricole,,,True,,,1802,2692,4,2025
I1628,Conseiller / Conseillère technique cycles,False,False,True,False,False,,,5,2025
D1403,Conseiller commercial / Conseillère commerciale auprès des particuliers,False,False,False,False,False,1802,3000,4,2025
C1217,Conseiller commercial / Conseillère commerciale de banque,,,False,,,,,,
D1421,Conseiller commercial / Conseillère commerciale en véhicules industriels,False,False,False,False,False,1802,3500,2,2025
C1102,Conseiller commercial / Conseillère commerciale et relation client en assurances,,,False,,,1802,2917,2,2025
D1434,Conseiller commercial / Conseillère commerciale motocycles,False,False,False,False,False,,,2,2025
K1101,Conseiller conjugal et familial / Conseillère conjugale et familiale,,,False,,,1862,2676,3,2025
K2101,Conseiller consultant / Conseillère consultante en formation,True,,False,True,False,1802,3000,1,2025
K2115,Conseiller principal / Conseillère principale d'éducation,False,False,False,False,False,1802,2300,1,2025
C1115,Conseiller retraite / Conseillère retraite,,,False,,,,,,
D1424,Conseiller vendeur / Conseillère vendeuse à domicile,False,False,False,False,False,1802,2032,4,2025
D1427,Conseiller vendeur / Conseillère vendeuse d'autocars,False,False,False,False,False,,,2,2025
D1430,Conseiller vendeur / Conseillère vendeuse de véhicules de loisirs,False,False,False,False,False,1802,2750,2,2025
D1425,Conseiller vendeur / Conseillère vendeuse de véhicules poids lourds,False,False,False,False,False,,,2,2025
K1612,Conservateur / Conservatrice d'archives,,,False,True,True,,,,
K1607,Conservateur / Conservatrice des antiquités et objets d'art,False,False,False,True,True,,,,
K1602,Conservateur / Conservatrice du patrimoine,,,False,True,True,,,,
M1823,Consultant / Consultante avant-vente,True,False,False,True,False,2244,4487,4,2025
M1411,Consultant / Consultante en énergie renouvelable,False,False,True,True,False,,,,
K2119,Consultant / Consultante en ingénierie pédagogique,False,False,False,True,False,,,1,2025
M1424,Consultant / Consultante en intelligence économique,True,False,False,True,False,,,1,2025
M1429,Consultant / Consultante en management,False,False,False,True,False,2154,4583,1,2025
E1403,Consultant / Consultante média,True,False,False,True,False,,,1,2025
H1518,Consultant / Consultante qualité,False,False,False,True,False,1917,3768,4,2025
G1104,Consultant / Consultante tourisme,False,False,True,True,False,,,1,2025
M1872,Consultant décisionnel / Consultante décisionnelle - Business Intelligence,True,False,False,True,False,2468,27821,4,2025
M1806,Consultant fonctionnel / Consultante fonctionnelle des systèmes d'information,True,False,False,True,False,2101,4167,4,2025
C1126,Contrôleur / Contrôleuse cotisations sociales,,,False,True,,,,,
C1215,Contrôleur / Contrôleuse de banque,,,False,True,,,,,
N4132,Contrôleur / Contrôleuse de bus,False,False,True,False,True,1858,2222,5,2025
M1204,Contrôleur / Contrôleuse de gestion,False,False,False,True,False,1914,4167,4,2025
N2208,Contrôleur / Contrôleuse de la circulation et de la défense aérienne,False,False,False,False,False,,,4,2025
K1742,Contrôleur / Contrôleuse des espaces maritimes,False,False,False,,True,,,,
K1503,Contrôleur / Contrôleuse des impôts,False,False,False,False,False,,,,
K1510,Contrôleur / Contrôleuse du Trésor public,False,False,False,False,False,,,,
H2415,Contrôleur / Contrôleuse en industrie textile,,,False,,,1802,2123,3,2025
C1122,Contrôleur / Contrôleuse prestations de la sécurité sociale,,,False,True,,,,,
E1310,Contrôleur / Contrôleuse qualité en industrie graphique,False,False,False,False,False,1802,2500,4,2025
F1130,Contrôleur / Contrôleuse technique de la construction (CTC),False,False,True,False,True,1870,3333,5,2025
I1617,Contrôleur / Contrôleuse technique de véhicules,False,False,True,False,True,1802,2300,5,2025
H1504,Contrôleur / Contrôleuse technique en électricité-électronique,,,False,,,1802,2500,4,2025
H1506,Contrôleur / Contrôleuse technique en métallurgie,,,False,,,1802,2500,5,2025
N2202,Contrôleur aérien / Contrôleuse aérienne,False,False,False,True,False,1824,2750,4,2025
M1215,Contrôleur comptable et financier / Contrôleuse comptable et financière,False,False,False,True,False,1820,3500,5,2025
K2506,Convoyeur / Convoyeuse de fonds,False,False,False,False,True,1820,2200,3,2025
N4122,Convoyeur / Convoyeuse de véhicules ou matériels lourds,False,False,False,False,True,1802,2144,2,2025
K1222,Coordinateur / Coordinatrice d'équipes de médiation,False,False,False,False,False,1856,2763,3,2025
H1223,Coordinateur / Coordinatrice d'études cliniques en industrie pharmaceutique,False,False,False,True,False,,,4,2025
L1309,Coordinateur / Coordinatrice d'intimité,False,False,False,False,False,,,,
M1825,Coordinateur / Coordinatrice de production web,True,False,False,,False,,,3,2025
K1817,Coordinateur / Coordinatrice de projet de solidarité,,,True,,,,,,
J1414,Coordinateur / Coordinatrice en activité physique adaptée,False,True,False,True,True,,,5,2025
N1307,Coordinateur / Coordinatrice logistique ferroviaire,True,False,False,False,False,,,,
M1875,Coordinateur / Coordinatrice Maitrise d'Ouvrage Système d'Information (MOA SI),True,False,False,True,False,1933,3333,4,2025
K2102,Coordinateur / Coordinatrice pédagogique,True,,False,True,False,1892,3500,2,2025
N1204,Coordinateur / Coordinatrice transit en import - export,False,False,False,False,False,1820,3487,2,2025
N1306,Coordonnateur / Coordonnatrice de projet logistique humanitaire,False,False,True,True,False,,,,
K1209,Coordonnateur / Coordonnatrice de projet socioéducatif,False,,False,False,False,2025,3323,4,2025
K1230,Coordonnateur / Coordonnatrice de service social,False,,False,True,False,,,,
D1206,Cordonnier / Cordonnière,False,False,True,False,False,1802,2078,3,2025
L1502,Costumier / Costumière,False,False,False,False,False,,,1,2025
H2409,Coupeur / Coupeuse en industrie textile et matériaux souples,False,False,False,False,False,1802,1926,3,2025
N4104,Coursier / Coursière,False,False,False,False,False,1802,1940,2,2025
N1206,Courtier / Courtière affrètement maritime,False,False,False,False,False,,,2,2025
C1103,Courtier / Courtière en assurance,,,False,True,True,1802,3739,2,2025
C1208,Courtier / Courtière en banque,False,False,False,True,False,1815,25000,3,2025
D1442,Courtier / Courtière en bateau,False,False,False,False,False,,,,
D1419,Courtier / Courtière en vins,False,False,False,False,False,,,3,2025
C1117,Courtier automobile / Courtière automobile,,,False,,,,,,
B1617,Coutelier / Coutelière d'art,,,False,,,,,,
B1803,Couturier / Couturière,False,False,False,False,False,1802,1975,4,2025
H2402,Couturier industriel / Couturière industrielle de l'habillement,False,False,False,False,False,1802,1921,4,2025
F1619,Couvreur / Couvreuse,,,True,,False,1802,2200,5,2025
M1220,Credit manager,False,False,False,True,False,,,3,2025
G1612,Crêpier / Crêpière,False,False,False,False,False,1802,2300,3,2025
G1206,Croupier / Croupière,,,False,,,1802,2475,1,2025
A1401,Cueilleur / Cueilleuse de fruits,False,False,True,False,False,1802,1880,2,2025
G1609,Cuisinier / Cuisinière,False,False,True,False,False,1802,2333,4,2025
G1606,Cuisinier / Cuisinière de collectivité,,,True,,,1802,2200,4,2025
H3303,Cuisinier / Cuisinière en industrie chimique,,,False,,,1802,2220,5,2025
A1440,Cultivateur urbain / Cultivatrice urbaine,False,False,True,False,False,,,2,2025
L1201,Danseur / Danseuse,False,False,False,False,False,,,1,2025
M1419,Data analyst,True,False,False,True,False,2167,4051,2,2025
M1811,Data engineer,True,,False,True,,2034,4583,4,2025
M1405,Data scientist,True,False,False,True,False,2250,3929,2,2025
I1625,Débosseleur / Débosseleuse sans peinture,False,False,False,False,False,,,5,2025
N1203,Déclarant / Déclarante en douane,False,False,False,False,False,1820,2917,2,2025
I1504,Décontaminateur / Décontamineuse nucléaire et radiologique,False,False,True,False,True,,,2,2025
F1139,Décorateur / Décoratrice d'intérieur,False,False,True,False,False,,,1,2025
B1302,Décorateur / Décoratrice d'objets d'art,,,False,,,1802,2100,3,2025
K1906,Délégué / Déléguée à la protection des données - Data Protection Officer,True,False,False,True,,,,2,2025
K1425,Délégué / Déléguée de l'Assurance Maladie (DAM),,True,False,,,,,,
D1413,Délégué / Déléguée pharmaceutique,False,False,False,,False,1802,3365,2,2025
D1412,Délégué médical hospitalier / Déléguée médicale hospitalière,False,False,False,True,False,2064,3745,2,2025
N1102,Déménageur / Déménageuse,False,False,False,False,False,1802,2139,1,2025
N1106,Déménageur / Déménageuse d'œuvres d'art,False,False,False,False,False,1802,1929,1,2025
K2134,Démographe,False,False,False,True,False,,,1,2025
F1709,Démolisseur / Démolisseuse,,,True,,False,1802,2083,3,2025
I1608,Démonteur / Démonteuse de véhicules hors d'usage,False,False,False,False,False,1802,1974,5,2025
J1103,Dentiste,False,True,False,True,True,2692,8000,5,2025
A1512,Dentiste équin,,,False,False,,,,,
I1615,Dépanneur-remorqueur / Dépanneuse-remorqueuse de véhicules,False,False,False,False,True,1802,2500,5,2025
J1113,Dermatologue,False,False,False,True,True,,,5,2025
I1508,Désamianteur / Désamianteuse,False,False,True,False,True,1802,2100,2,2025
H1204,Designer,False,False,False,True,False,1870,3333,1,2025
E1205,Designer graphique,True,False,False,False,False,1802,2667,1,2025
H2209,Dessinateur / Dessinatrice de structures en bois,False,False,True,False,False,1820,2991,4,2025
H1202,Dessinateur / Dessinatrice en électricité-électronique,False,False,False,False,False,1820,2991,5,2025
F1110,Dessinateur / Dessinatrice enveloppe du bâtiment,,,True,,,1802,2900,5,2025
E1211,Dessinateur-illustrateur / Dessinatrice-illustratrice,True,False,False,False,False,,,1,2025
F1104,Dessinateur-projeteur / Dessinatrice-projeteuse de la construction,False,False,True,False,False,1802,2917,5,2025
H1236,Dessinateur-projeteur / Dessinatrice-projeteuse en électricité-électronique,False,False,True,False,False,1870,3333,5,2025
H1203,Dessinateur-projeteur / Dessinatrice-projeteuse en mécanique,False,False,True,False,False,1820,2917,5,2025
M1877,Développeur / Développeuse blockchain,True,False,False,False,False,,,4,2025
M1434,Développeur / Développeuse d'audience,True,,False,,False,,,,
M1824,Développeur / Développeuse décisionnel - Business Intelligence,True,False,False,True,False,1802,2885,4,2025
M1805,Développeur / Développeuse informatique,True,False,False,True,False,1896,3833,4,2025
M1831,Développeur / Développeuse - jeux vidéo,True,False,False,False,False,,,4,2025
M1861,Développeur / Développeuse logiciel ou d'application,True,False,False,True,False,1963,4336,4,2025
M1837,Développeur / Développeuse multimédia,True,False,False,False,False,,,4,2025
M1855,Développeur / Développeuse web,True,False,False,False,False,1974,3750,4,2025
F1103,Diagnostiqueur / Diagnostiqueuse immobilier,False,False,True,False,True,1820,3141,5,2025
J1402,Diététicien / Diététicienne,False,False,False,False,,1805,2600,5,2025
E1129,Directeur / Directrice artistique communication,True,False,False,True,False,,,1,2025
L1319,Directeur / Directrice artistique éditions de musique et phonographique,False,,False,True,False,,,,
L1305,Directeur / Directrice artistique spectacle,False,False,False,True,False,,,1,2025
H1107,Directeur / Directrice assistance technique,False,False,False,True,False,,,5,2025
G1237,Directeur / Directrice d'accueil de loisirs sans hébergement,False,False,False,True,False,1836,2463,2,2025
K1401,Directeur / Directrice d'administration centrale,,,False,True,,1861,3365,,
C1207,Directeur / Directrice d'agence bancaire,,,False,True,,,,1,2025
K1424,Directeur / Directrice d'association,,,False,True,False,,,,
K2144,Directeur / Directrice d'école paramédicale,False,False,False,True,False,,,2,2025
K2118,Directeur / Directrice d'école primaire,False,True,False,True,False,,,2,2025
K2606,Directeur / Directrice d'entreprise funéraire,False,False,False,True,True,,,,
G1406,Directeur / Directrice d'équipement sportif,False,False,False,True,False,,,2,2025
G1103,Directeur / Directrice d'espace naturel protégé,False,False,True,True,False,,,1,2025
K1413,Directeur / Directrice d'établissement à caractère social,False,True,False,True,True,2489,4485,,
K1604,Directeur / Directrice d'établissement culturel,False,False,False,True,False,,,,
K2120,Directeur / Directrice d'établissement d'enseignement supérieur,False,False,False,True,False,,,2,2025
G1402,Directeur / Directrice d'établissement en hôtellerie-restauration,False,False,False,True,False,1837,3083,3,2025
K1407,Directeur / Directrice d'établissement médicosocial,False,True,False,True,True,2423,4583,,
K1608,Directeur / Directrice d'établissement patrimonial,,,False,True,,,,,
K1420,Directeur / Directrice d'établissement pénitentiaire,False,False,False,True,True,,,,
K1403,Directeur / Directrice d'établissement pour personnes âgées,,True,False,True,,2463,4175,,
K1415,Directeur / Directrice d'établissement privé de santé,False,True,False,True,True,,,,
M1422,Directeur / Directrice d'études socio-économiques,False,False,False,True,False,,,2,2025
G1414,Directeur / Directrice d'exploitation de site de divertissement,,,False,,,1802,2930,2,2025
G1411,Directeur / Directrice d'hôtel,False,False,False,True,False,1820,4000,3,2025
G1416,Directeur / Directrice d'hôtellerie de plein air,False,False,False,True,False,2113,3365,2,2025
G1105,Directeur / Directrice d'office du tourisme,False,False,True,True,False,,,1,2025
C1213,Directeur / Directrice d'organisme de crédit,,,False,True,,,,,
M1304,Directeur / Directrice d'unité de services au public,False,False,False,True,False,1847,3750,1,2025
M1306,Directeur / Directrice de bureau d'étude de la biodiversité,False,False,True,True,False,,,,
K1423,Directeur / Directrice de cabinet,,,True,True,,,,,
L1317,Directeur / Directrice de casting,,,False,True,,,,,
G1241,Directeur / Directrice de centre de séjour de vacances,False,True,False,True,False,1903,2900,2,2025
K1421,Directeur / Directrice de centre hospitalier,False,False,False,True,False,,,,
K1219,Directeur / Directrice de centre socioculturel,False,,False,True,False,2039,3900,2,2025
B1814,Directeur / Directrice de collection,False,False,False,True,False,,,1,2025
K2121,Directeur / Directrice de conservatoire musique et danse,False,False,False,True,False,,,2,2025
E1128,Directeur / Directrice de création,True,False,False,True,False,,,1,2025
M1303,Directeur / Directrice de filiale,False,False,False,True,False,,,2,2025
M1708,Directeur / Directrice de l'accès au marché en industrie pharmaceutique,False,False,False,True,False,,,1,2025
M1218,Directeur / Directrice de l'environnement de travail,False,False,True,True,False,,,2,2025
M1712,Directeur / Directrice de l'information promotionnelle du médicament en industrie pharmaceutique,False,False,False,True,False,,,2,2025
L1320,Directeur / Directrice de label,False,,False,True,False,,,,
J1204,Directeur / Directrice de laboratoire d'analyses de biologie médicale,False,False,False,True,False,,,5,2025
J1203,Directeur / Directrice de laboratoire d'analyses vétérinaires,False,False,False,True,,,,5,2025
E1109,Directeur / Directrice de la communication,True,False,True,True,False,1914,4167,1,2025
I1101,Directeur / Directrice de la gestion technique des bâtiments,,,True,True,,1833,3684,5,2025
E1415,Directeur / Directrice de la production publicitaire,True,False,False,True,True,,,1,2025
E1110,Directeur / Directrice de la rédaction,False,False,False,True,False,,,1,2025
G1410,Directeur / Directrice de la restauration,False,False,False,True,False,1875,3452,3,2025
D1504,Directeur / Directrice de magasin de grande distribution,False,False,False,True,False,2090,4383,1,2025
K1614,Directeur / Directrice de médiathèque,,,False,True,True,,,,
G1412,Directeur / Directrice de parc à thème,False,False,False,True,False,,,2,2025
G1108,Directeur / Directrice de pays d'accueil touristique,False,False,True,True,False,,,1,2025
L1308,Directeur / Directrice de production audiovisuelle et cinéma,True,False,False,True,False,,,1,2025
H2510,Directeur / Directrice de production industrielle,False,False,False,True,False,2763,6250,5,2025
M1870,Directeur / Directrice de projet en informatique,True,False,False,True,False,,,3,2025
M1840,Directeur / Directrice de projets des territoires connectés,True,False,True,True,False,,,3,2025
K2406,Directeur / Directrice de recherche en industrie pharmaceutique,False,False,False,True,True,,,2,2025
G1413,Directeur / Directrice de restaurant,False,False,False,True,False,1888,3522,3,2025
M1102,Directeur / Directrice des achats,False,False,True,True,False,1833,4167,1,2025
H1104,Directeur / Directrice des affaires médicales pharmaceutiques,False,False,False,True,True,,,3,2025
G1418,Directeur / Directrice de salle de cinéma,False,False,False,False,False,,,,
L1310,Directeur / Directrice de salle de spectacles,,,True,True,,,,,
G1244,Directeur / Directrice des jeux,,,False,,,,,,
M1512,Directeur / Directrice des relations sociales,False,False,False,True,False,,,1,2025
M1503,Directeur / Directrice des Ressources Humaines (DRH),True,False,False,True,False,1946,4231,1,2025
K1416,Directeur / Directrice des services pénitentiaires d'insertion et de probation (DSPIP),False,False,False,True,False,,,,
M1803,Directeur / Directrice des systèmes d'information (DSI),True,False,True,True,False,2000,4610,3,2025
G1408,Directeur / Directrice de structure d'hébergement touristique,False,False,False,True,False,1881,2780,2,2025
G1405,Directeur / Directrice de structure sportive,False,False,False,True,False,1833,2917,1,2025
D1406,Directeur / Directrice des ventes,False,False,False,True,False,1833,5000,2,2025
I1122,Directeur / Directrice de travaux d'infrastructure,,,False,True,,,,,
F1205,Directeur / Directrice de travaux du bâtiment,False,False,True,True,False,1820,4038,5,2025
F1210,Directeur / Directrice de travaux TP - Travaux Publics,False,False,True,True,False,1820,3500,5,2025
H1512,Directeur / Directrice de zone en industrie pharmaceutique,False,False,False,True,False,,,4,2025
M1208,Directeur / Directrice du contrôle de gestion,False,False,False,True,False,2051,5833,4,2025
M1711,Directeur / Directrice du marketing,False,False,False,True,False,1900,5518,1,2025
A1312,Directeur / Directrice environnement,False,False,True,True,False,2200,6667,3,2025
A1219,Directeur / Directrice espaces verts et biodiversité,False,False,True,True,False,,,,
N1304,Directeur / Directrice logistique,False,False,True,True,False,,,2,2025
M1716,Directeur / Directrice marketing digital,True,False,False,True,False,1833,3739,1,2025
E1412,Directeur / Directrice média,True,False,False,True,False,,,1,2025
K2148,Directeur / Directrice pédagogique,False,False,False,True,False,1959,3645,2,2025
M1428,Directeur / Directrice qualité services,False,False,False,True,False,1844,3333,1,2025
K1227,Directeur / Directrice technique de l'administration pénitentiaire,False,False,False,True,True,,,4,2025
M1205,Directeur administratif et financier / Directrice administrative et financière (DAF),False,False,True,True,False,1971,5000,2,2025
M1715,Directeur commercial / Directrice commerciale,False,False,False,True,False,2244,7479,1,2025
N3211,Directeur de port / Directrice de port,True,False,True,True,False,,,,
E1132,Directeur éditorial / Directrice éditoriale,,,False,True,,,,,
K1422,Directeur général / Directrice générale d'établissement public,False,False,False,True,False,2494,5833,2,2025
D1512,Directeur régional / Directrice régionale d'hypermarché ou de supermarché,False,False,False,True,False,,,,
K1410,Directeur régional / Directrice régionale des services pénitentiaires,False,False,False,True,,,,,
G1214,Directeur sportif / Directrice sportive,False,False,False,True,False,,,2,2025
M1301,Dirigeant / Dirigeante d'entreprise privée,False,False,False,True,False,2170,6250,2,2025
D1253,Disquaire,,,False,,,,,,
M1615,Distributeur / Distributrice de prospectus et imprimés,False,False,False,False,False,1802,2040,1,2025
L1101,DJ,True,False,False,False,False,,,1,2025
K1601,Documentaliste,,,False,False,,1802,2917,1,2025
L1315,Documentariste,True,,False,,,,,,
F1134,Domoticien / Domoticienne,True,False,True,False,False,,,5,2025
A1508,Dresseur animalier / Dresseuse animalière,False,False,False,False,False,,,5,2025
H2207,Ebéniste,False,False,True,False,False,1802,2200,4,2025
G1608,Ecailler / Ecaillère,False,False,False,False,False,1802,2500,2,2025
F1505,Echafaudeur / Echafaudeuse,False,False,False,False,False,1802,2000,5,2025
L1504,Eclairagiste,,False,False,False,True,1802,2275,1,2025
N1109,Eclusier-barragiste / Eclusière-barragiste,False,False,False,False,False,,,3,2025
G1407,Econome en hôtellerie-restauration,False,False,False,False,False,1802,2365,3,2025
F1120,Economiste de la construction,False,False,True,False,False,1802,3333,5,2025
M1224,Economiste financier / Economiste financière,False,False,False,True,False,,,2,2025
K1221,Ecoutant social / Ecoutante sociale,False,,False,False,False,1810,2603,3,2025
K1228,Ecrivain public / Ecrivaine publique,,,False,,,,,,
E1105,Editeur / Editrice,,,False,True,,1802,3038,1,2025
K1202,Educateur / Educatrice de jeunes enfants,False,True,False,,,1900,2602,4,2025
K1210,Educateur / Educatrice de la protection judiciaire de la jeunesse,False,False,False,False,True,1847,2655,4,2025
K1301,Educateur / Educatrice en locomotion,False,,False,False,False,1802,2339,4,2025
G1240,Educateur / Educatrice nature environnement,False,False,True,False,False,1802,2240,2,2025
A1426,Educateur canin / Educatrice canine,False,False,False,False,False,,,2,2025
K1207,Educateur spécialisé / Educatrice spécialisée,False,True,False,False,,1838,2432,4,2025
G1204,Educateur sportif / Educatrice sportive,False,True,False,False,True,1802,3640,2,2025
G1215,Educateur sportif / Educatrice sportive Santé,False,True,False,False,True,1802,3337,2,2025
G1220,Educateur sportif / Educatrice sportive spécialisé(e) en activités physiques et sportives adaptées,False,False,False,False,True,1805,2600,2,2025
K1203,Educateur technique spécialisé / Educatrice technique spécialisée,False,,False,False,True,1803,2375,4,2025
K2321,Egoutier / Egoutière,False,False,True,False,,,,4,2025
A1209,Elagueur / Elagueuse,False,False,True,False,False,1802,2300,5,2025
I1309,Electricien / Electricienne de maintenance,,,True,,,1802,2500,5,2025
F1629,Electricien / Electricienne de signalisation ferroviaire,False,False,True,False,False,1833,2704,5,2025
F1602,Electricien / Electricienne du bâtiment,False,False,True,False,False,1802,2145,5,2025
I1335,Electromécanicien / Electromécanicienne d'équipements industriels,False,False,True,False,False,1802,2600,5,2025
I1334,Electronicien / Electronicienne de maintenance aéronautique,False,False,False,False,False,,,5,2025
A1435,Eleveur / Eleveuse d'animaux de compagnie,False,False,False,False,False,1802,1855,2,2025
A1408,Eleveur / Eleveuse d'animaux sauvages,False,False,False,False,False,1802,2333,2,2025
A1439,Eleveur / Eleveuse d'équidés,False,False,True,False,False,,,3,2025
A1410,Eleveur / Eleveuse d'ovins,False,False,True,False,False,1802,1928,2,2025
A1407,Eleveur / Eleveuse de bovins,False,False,True,False,False,1802,1972,3,2025
A1442,Eleveur / Eleveuse de lapins,False,False,True,False,False,,,3,2025
A1411,Eleveur / Eleveuse de porcins,False,False,True,False,False,1802,1929,3,2025
H3308,Emballeur industriel / Emballeuse industrielle,,,False,,,,,,
K1313,Employé / Employée au pair,False,False,False,False,False,,,3,2025
G1501,Employé / Employée d'étage,False,False,False,False,False,1802,1997,3,2025
G1502,Employé / Employée d'hôtel,False,False,False,False,False,1802,2000,3,2025
K2201,Employé / Employée de blanchisserie industrielle,,,False,,,1802,2000,2,2025
D1228,Employé / Employée de laverie automatique,False,False,False,False,False,,,2,2025
D1205,Employé / Employée de pressing,False,False,False,False,False,1802,2000,2,2025
D1507,Employé / Employée de rayon libre-service,False,False,False,False,False,1802,1932,1,2025
G1607,Employé / Employée de restauration collective,,,False,,,1802,2019,2,2025
K1304,Employé familial / Employée familiale,False,True,False,False,False,1802,1945,4,2025
K1224,Encadrant / Encadrante technique d'insertion socioprofessionnelle,False,,True,False,False,1900,2450,4,2025
J1125,Endocrinologue,False,True,False,True,True,,,5,2025
M1401,Enquêteur / Enquêtrice sondage,False,False,False,False,False,1802,2061,5,2025
K2505,Enquêteur privé / Enquêtrice privée,False,False,False,False,True,,,3,2025
G1210,Enseignant / Enseignante d'équitation,,,False,,,1802,2275,2,2025
K2110,Enseignant / Enseignante de la conduite et de la sécurité routière,False,False,True,False,True,1860,2332,3,2025
J1415,Enseignant / Enseignante en activité physique adaptée (EAPA),False,True,False,True,True,1900,2503,5,2025
G1208,Entraîneur / Entraîneure de sport professionnel et de haut niveau,False,False,False,False,True,,,2,2025
K2303,Equipier / Equipière de collecte de déchets,False,False,True,False,False,1802,1972,1,2025
K1747,Equipier / Equipière sécurité civile,,,True,,,,,,
G1603,Equipier polyvalent / Equipière polyvalente de restauration rapide,False,False,False,False,False,1802,1870,2,2025
M1412,Ergonome,True,True,True,True,False,1900,5105,1,2025
J1403,Ergothérapeute,False,True,False,False,True,2060,2917,5,2025
D1208,Esthéticien / Esthéticienne,False,False,False,False,False,1802,2000,4,2025
B1301,Etalagiste,False,False,False,False,False,,,1,2025
F1613,Etancheur / Etancheuse,False,False,True,False,False,1802,2084,5,2025
K2135,Ethnologue,False,False,False,True,False,,,1,2025
M1863,Evaluateur / Evaluatrice sécurité des systèmes et produits informatiques,True,False,False,False,False,1821,3333,4,2025
C1127,Expert / Experte à distance sinistres et dommages en assurances,True,,True,True,,,,,
K1714,Expert / Experte en assurance de la qualité des fournitures spécifiques des armées,False,False,False,,False,,,,
C1113,Expert / Experte en assurances dommages automobile,False,False,False,False,True,,,5,2025
M1847,Expert / Experte en communication et réseaux,True,False,False,True,False,,,4,2025
M1856,Expert / Experte en cybersécurité,True,False,True,True,False,2500,5000,4,2025
K1740,Expert / Experte en opérations spatiales militaires,True,,False,True,,,,,
M1820,Expert / Experte méthodes et qualité informatique,True,False,False,True,False,,,4,2025
H1516,Expert / Experte métrologue,False,False,False,False,False,1833,2771,4,2025
C1106,Expert / Experte risques en assurances,,,False,True,,1857,3910,3,2025
M1802,Expert / Experte systèmes et réseaux informatiques,True,False,True,True,False,1885,4167,4,2025
M1211,Expert-comptable / Experte-comptable,False,False,False,True,True,2019,22436,5,2025
A1416,Exploitant / Exploitante agricole,False,False,True,False,False,1802,2991,2,2025
G1417,Exploitant / Exploitante de casino de jeux,False,False,False,True,True,,,,
M1305,Fablab Manager,True,False,False,False,False,,,1,2025
F1611,Façadier / Façadière itéiste,False,False,True,False,False,1802,2275,5,2025
H2208,Façonnier / Façonnière d'ouvrages décoratifs en bois et matériaux associés,False,False,True,False,False,,,4,2025
M1603,Facteur / Factrice,False,False,False,False,False,1802,1972,1,2025
B1501,Facteur / Factrice d'instruments à clavier,False,False,False,False,False,,,3,2025
B1503,Facteur / Factrice d'instruments à vent,False,False,False,False,False,,,3,2025
B1502,Facteur / Factrice d'instruments de musique anciens,False,False,False,False,False,,,3,2025
B1504,Facteur / Factrice de percussions,False,False,False,False,False,,,3,2025
K2324,Ferrailleur / Ferrailleuse de métal,,,True,,,,,,
F1712,Ferrailleur / Ferrailleuse du BTP,,,True,,,,,,
H2425,Fileur / Fileuse en industrie textile,False,False,False,False,False,,,3,2025
K1911,Fiscaliste,False,False,False,True,False,,,,
D1209,Fleuriste,False,False,True,False,False,1802,1972,1,2025
H2907,Fondeur / Fondeuse en métallurgie,,,False,,,1802,2083,3,2025
H2922,Fondeur / Fondeuse en métaux précieux,,,False,,,,,,
F1401,Foreur / Foreuse,False,False,False,False,False,1802,2123,4,2025
F1403,Foreur / Foreuse pétrole et gaz,False,False,False,False,False,,,,
H2904,Forgeron industriel / Forgeronne industrielle,,,False,,,1802,2167,5,2025
K1912,Formaliste,False,False,False,False,False,,,,
K2111,Formateur / Formatrice,False,False,True,False,False,1972,4375,3,2025
K2128,Formateur / Formatrice aux métiers de l'éducation et de la sécurité routière,False,False,False,False,True,,,3,2025
K2141,Formateur / Formatrice conduite d'engins de travaux publics,False,False,False,False,False,1802,2100,3,2025
K2124,Formateur / Formatrice conduite d'engins motorisés et de levage,False,False,False,False,False,1820,2343,3,2025
K2145,Formateur / Formatrice de formateurs,False,False,False,False,False,,,3,2025
D1232,Formateur / Formatrice en esthétisme,False,False,False,False,False,,,4,2025
K2114,Formateur / Formatrice qualité,False,False,False,False,False,1900,4603,3,2025
D1218,Formateur coiffeur / Formatrice coiffeuse,False,False,False,False,False,,,4,2025
H1244,Formulateur / Formulatrice de produits alimentaires,,,True,,,,,,
B1810,Fourreur / Fourreuse,False,False,False,False,False,1802,2275,4,2025
I1306,Frigoriste,False,False,True,False,False,1802,2500,5,2025
A1412,Fromager-affineur / Fromagère-affineuse,False,False,True,False,False,1802,2083,4,2025
H2104,Fromager industriel / Fromagère industrielle,False,,False,False,False,1802,2031,4,2025
H2416,Gainier industriel / Gainière industrielle,False,False,False,False,False,,,3,2025
D1233,Galeriste,False,False,False,False,,,,1,2025
H3410,Galvanoplaste industriel / Galvanoplaste industrielle,,,False,,,,,,
E1111,Game master,True,False,False,False,False,1802,2102,1,2025
K1303,Garde d'enfant,False,True,False,False,False,1802,1985,3,2025
A1204,Garde nature,False,False,True,False,True,1802,2991,4,2025
K1748,Garde républicain / Garde républicaine,,,False,,,,,,
A1511,Gardien / Gardienne d'animaux,False,False,False,False,False,,,4,2025
K2501,Gardien / Gardienne d'immeuble,False,False,False,False,False,1736,2200,1,2025
K1708,Gardien / Gardienne de la paix,False,False,False,False,True,,,,
K2513,Gardien / Gardienne de locaux,False,False,False,False,False,,,,
K1720,Gardien de compagnie républicaine de sécurité (CRS) / Gardienne de compagnie républicaine de sécurité (CRS),False,False,False,False,True,,,,
J1121,Gastro-entérologue,False,False,False,True,True,,,5,2025
K1706,Gendarme,False,False,False,False,True,,,,
M1433,Géographe,,,True,True,,,,,
F1105,Géologue,False,False,True,True,False,1802,3083,5,2025
M1895,Géomaticien / Géomaticienne,True,False,True,True,False,,,,
F1107,Géomètre,False,False,False,,False,1820,2800,5,2025
F1131,Géomètre du cadastre,False,False,False,False,False,,,5,2025
F1146,Géomètre expert / Géomètre experte,,,True,True,True,,,,
F1143,Géophysicien / Géophysicienne,False,False,True,True,False,1820,3468,5,2025
F1128,Géotechnicien / Géotechnicienne,False,False,True,False,False,1929,3500,5,2025
F1138,Géothermicien / Géothermicienne,False,False,True,True,,,,5,2025
G1807,Gérant / Gérante de bar-tabac,False,False,False,False,True,,,3,2025
G1805,"Gérant / Gérante de café, bar-brasserie",False,False,False,False,False,1820,2534,3,2025
G1415,Gérant / Gérante de gîte et chambres d'hôtes,False,False,False,False,False,,,2,2025
D1301,Gérant / Gérante de magasin d'alimentation générale,False,False,False,,False,1843,2745,1,2025
D1437,Gérant / Gérante de négoce automobile,False,False,False,False,False,,,2,2025
D1220,Gérant / Gérante salon de coiffure,False,False,False,False,False,1915,2300,4,2025
J1116,Gériatre,False,True,False,True,True,3750,8585,5,2025
J1136,Gérontologue,False,True,False,True,True,,,,
A1317,Gestionnaire d'aires marines protégées,False,False,True,True,False,,,,
M1871,Gestionnaire d'applications système d'information,True,False,False,False,False,,,4,2025
C1304,Gestionnaire d'organisme de placement collectif en valeurs mobilières -OPCVM-,,,False,True,,,,,
M1894,Gestionnaire de base de données,True,False,False,True,False,1805,3224,2,2025
C1501,Gestionnaire de copropriété,,,False,True,,1849,3750,3,2025
M1227,Gestionnaire de droits et de redevance,False,False,False,,False,,,,
H1403,Gestionnaire de flux de production,,,False,,,1802,2500,3,2025
M1212,Gestionnaire de lits,False,False,False,False,False,,,4,2025
M1869,Gestionnaire de parc informatique,True,False,False,False,False,1820,24000,3,2025
C1204,Gestionnaire de produits bancaires,,,False,True,,1802,3255,1,2025
M1228,Gestionnaire de risques financiers,True,False,False,True,False,,,,
C1302,Gestionnaire des opérations sur les marchés financiers,,,False,True,,1754,2917,1,2025
C1109,Gestionnaire en assurances,,,False,,,1754,2774,2,2025
C1130,Gestionnaire en protection sociale,,,False,,,,,,
C1306,Gestionnaire financier / Gestionnaire financière,,,False,True,,,,,
M1507,Gestionnaire paie,False,False,False,False,False,1842,3200,4,2025
D1118,Glacier / Glacière,False,False,False,False,False,1802,1990,3,2025
F1123,Glaciologue,False,False,True,False,False,,,5,2025
A1427,Goémonier / Goémonière,False,False,True,False,True,,,3,2025
G1503,Gouvernant / Gouvernante d'étage en hôtellerie,False,False,False,False,False,1802,2556,3,2025
G1504,Gouvernant général / Gouvernante générale en hôtellerie,,,False,True,,,,,
K1109,Graphothérapeute,False,False,False,False,True,,,,
B1303,Graveur / Graveuse d'art,False,False,False,False,,1802,2578,3,2025
K1909,Greffier / Greffière,False,False,False,False,True,,,3,2025
F1301,Grutier / Grutière,False,False,False,False,True,1802,2275,4,2025
N3208,Grutier Pontier / Grutière pontière portuaire,False,False,False,False,False,,,,
C1211,Guichetier vendeur / Guichetière vendeuse,,,False,,,,,,
G1201,Guide-accompagnateur / Guide-accompagnatrice,False,False,True,False,False,1802,2500,1,2025
G1229,Guide-accompagnateur / Guide-accompagnatrice de pêche,False,False,True,False,False,,,1,2025
G1222,Guide-conférencier / Guide-conférencière,False,False,False,False,True,,,1,2025
G1228,Guide de haute montagne,False,False,True,False,True,,,1,2025
G1230,Guide de tourisme équestre,False,False,True,False,True,,,1,2025
G1227,Guide-interprète,False,False,True,False,False,,,1,2025
J1111,Gynécologue,,,False,True,True,,,5,2025
A1314,Halieute,False,False,True,True,False,,,,
J1117,Hématologue,False,False,False,True,True,,,5,2025
A1447,Herboriste,False,False,True,False,False,,,2,2025
K2140,Historien / Historienne,False,False,False,False,False,,,1,2025
J1104,Homme sage-femme / Sage-femme,False,True,False,,True,2200,3333,4,2025
M1832,Homologateur / Homologatrice fonctionnel de logiciel,True,False,False,True,False,,,4,2025
B1604,Horloger / Horlogère,False,False,False,False,False,1802,2123,4,2025
A1414,Horticulteur / Horticultrice,False,False,True,False,False,1802,1972,2,2025
G1107,Hôte / Hôtesse d'accueil et d'animation de croisière,False,False,False,False,False,,,1,2025
D1505,Hôte / Hôtesse de caisse,False,False,False,False,False,1802,1862,1,2025
K1905,Huissier / Huissière de justice,False,False,False,True,True,,,3,2025
L1215,Humoriste,,,False,,,,,,
I1313,Hydraulicien industriel / Hydraulicienne industrielle,False,False,True,False,False,1802,2923,5,2025
F1124,Hydrologue,False,False,True,True,False,1705,2759,5,2025
K1611,Iconographe,,,False,,,,,,
H2408,Imprimeur / Imprimeuse textile,False,False,False,False,False,1802,1870,3,2025
J1503,Infirmier / Infirmière anesthésiste (IADE),,,False,,True,2000,4247,5,2025
J1504,Infirmier / Infirmière de bloc opératoire (IBODE),False,False,False,False,True,1999,4550,5,2025
J1505,Infirmier / Infirmière de prévention,False,True,False,False,True,1906,2800,4,2025
J1512,Infirmier / Infirmière de santé au travail,False,True,False,False,True,1870,3000,4,2025
J1508,Infirmier / Infirmière en Pratique Avancée (IPA),False,True,False,True,True,2250,3500,5,2025
J1506,Infirmier / Infirmière en soins généraux (IDE),False,True,False,,True,2061,2950,5,2025
J1511,Infirmier / Infirmière scolaire,False,False,False,False,True,1900,2556,4,2025
J1510,Infirmier coordonnateur / Infirmière coordonnatrice (IDEC),False,True,False,True,True,2000,3365,5,2025
E1406,Influenceur / Influenceuse web,True,False,False,False,False,,,1,2025
A1324,Ingénieur / Ingénieure biogaz,,,True,True,,,,,
M1865,Ingénieur / Ingénieure blockchain,True,False,False,True,False,,,4,2025
H1212,Ingénieur / Ingénieure brevet en industrie,False,False,False,True,False,2300,4167,4,2025
F1112,Ingénieur / Ingénieure calcul et structure,False,False,True,True,False,2306,3814,5,2025
F1122,Ingénieur / Ingénieure Chantier nucléaire,False,False,True,True,True,,,5,2025
M1879,Ingénieur / Ingénieure Cloud computing,True,False,False,True,False,,,4,2025
H1533,Ingénieur / Ingénieure CND END,False,False,False,True,False,,,4,2025
M1846,Ingénieur / Ingénieure Cybersécurité Datacenter,True,False,False,True,False,2923,4583,4,2025
H1102,Ingénieur / Ingénieure d'affaires en industrie,False,False,True,True,False,2154,4167,3,2025
H1534,Ingénieur / Ingénieure d'analyse industrielle,False,False,True,True,False,1906,3750,4,2025
F1117,Ingénieur / Ingénieure d'étude CVC,False,False,True,True,False,2183,4167,5,2025
M1818,Ingénieur / Ingénieure d'étude informatique,True,False,False,True,False,2403,4167,4,2025
F1106,Ingénieur / Ingénieure d'études de prix BTP,False,False,True,True,False,1833,3750,5,2025
A1303,Ingénieur / Ingénieure d'études et de recherche agricoles,False,False,True,True,False,1802,3333,3,2025
F1212,Ingénieur / Ingénieure d'exploitation de gisements,,,False,True,,,,,
H2509,Ingénieur / Ingénieure de fonderie ou de forge,False,False,True,True,False,,,5,2025
H1410,Ingénieur / Ingénieure de gestion de la production,,,False,True,,,,,
I1102,Ingénieur / Ingénieure de maintenance industrielle,,,True,True,,1820,4167,5,2025
F1116,Ingénieur / Ingénieure démantèlement et assainissement,False,False,True,True,True,,,5,2025
H2502,Ingénieur / Ingénieure de production,,,False,True,,1802,3750,5,2025
H2714,Ingénieur / Ingénieure de raffinerie,,,False,True,,,,,
K2402,Ingénieur / Ingénieure de recherche scientifique,,,True,True,,2088,3792,2,2025
H1225,Ingénieur / Ingénieure développement nucléaire,False,False,True,True,False,,,4,2025
M1827,Ingénieur / Ingénieure DevOps,True,False,False,True,False,2408,4167,4,2025
L1508,Ingénieur / Ingénieure du son,,,False,True,,1802,2300,1,2025
A1319,Ingénieur / Ingénieure écologue,False,False,True,True,False,,,,
M1409,Ingénieur / Ingénieure économiste en entreprise,False,False,False,True,False,,,2,2025
H1237,Ingénieur / Ingénieure énergies renouvelables,False,False,True,True,False,,,4,2025
H2514,Ingénieur / Ingénieure en génie des matériaux,,,False,True,,,,,
F1145,Ingénieur / Ingénieure en génie maritime,,,True,True,,,,,
M1892,Ingénieur / Ingénieure en informatique embarquée,True,False,False,True,False,,,4,2025
M1889,Ingénieur / Ingénieure en Intelligence Artificielle (IA),True,False,False,True,False,2083,4167,4,2025
H1230,Ingénieur / Ingénieure essais vérification et validation (V&V) en milieu nucléaire,False,False,True,True,False,,,4,2025
F1141,Ingénieur / Ingénieure études conception électrique,False,False,True,True,False,2275,3750,5,2025
H2508,Ingénieur / Ingénieure exploitation nucléaire,False,False,True,True,True,,,5,2025
F1111,Ingénieur / Ingénieure génie civil,False,False,True,True,False,2244,4167,5,2025
H1302,"Ingénieur / Ingénieure Hygiène, Sécurité et Environnement en industrie (HSE)",,,True,True,,2000,3750,3,2025
I1104,Ingénieur / Ingénieure infrastructures télécoms réseaux mobiles,True,False,False,True,False,2118,5667,5,2025
N1305,Ingénieur / Ingénieure logistique,False,False,True,True,False,2183,3750,2,2025
H1402,Ingénieur / Ingénieure méthodes et process,,,True,True,,1972,4000,5,2025
M1891,Ingénieur / Ingénieure prévisionniste météorologue,False,False,True,True,False,,,3,2025
H1206,Ingénieur / Ingénieure R&D en industrie,True,,True,True,,2000,4167,4,2025
F1129,Ingénieur / Ingénieure réservoir,False,False,False,True,False,,,5,2025
K2312,Ingénieur / Ingénieure responsable propreté nettoiement,False,False,True,True,False,,,5,2025
H1313,Ingénieur / Ingénieure sécurité incendie,,,True,True,,,,,
M1833,Ingénieur / Ingénieure sécurité web,True,False,False,True,False,,,4,2025
H1409,Ingénieur / Ingénieure soudage,,,False,True,,,,,
M1826,Ingénieur / Ingénieure supervision IT Datacenter,True,False,False,True,False,2296,3750,3,2025
H1406,Ingénieur / Ingénieure supply chain en industrie,False,False,False,True,False,2303,4336,3,2025
H1101,Ingénieur / Ingénieure support technique,False,False,False,True,False,1972,4167,5,2025
H1306,Ingénieur / Ingénieure sûreté en industrie nucléaire,False,False,True,True,False,2500,4167,3,2025
M1884,"Ingénieur / Ingénieure systèmes, réseaux et sécurité informatique",True,False,False,True,False,2094,4304,3,2025
M1829,Ingénieur / Ingénieure systèmes et réseaux des territoires connectés,True,False,False,True,False,,,4,2025
M1804,Ingénieur / Ingénieure télécoms et environnement,True,,False,True,,1802,3750,4,2025
M1836,Ingénieur concepteur / Ingénieure conceptrice informatique,True,False,False,True,False,2200,4167,4,2025
I1121,Ingénieur de maintenance / Ingénieure de maintenance,,,False,True,,,,,
A1307,Ingénieur forestier / Ingénieure forestière,False,False,True,True,False,,,3,2025
M1841,Ingénieur informaticien / Ingénieure informaticienne,True,False,False,True,False,2033,4167,4,2025
H1520,Ingénieur qualité / Ingénieure qualité,False,False,False,True,False,2480,3768,4,2025
M1414,Ingénieur statisticien / Ingénieure statisticienne,True,False,False,True,False,,,2,2025
H1301,Inspecteur / Inspectrice de conformité,False,False,True,False,False,1802,2523,5,2025
K1514,Inspecteur / Inspectrice de l'action sanitaire et sociale,,,True,True,,,,,
K2117,Inspecteur / Inspectrice de l'Education Nationale (IEN),False,False,False,True,False,,,2,2025
K1506,"Inspecteur / Inspectrice de la concurrence, de la consommation et de la répression des fraudes",False,False,False,True,True,,,,
K2315,Inspecteur / Inspectrice de salubrité publique,False,False,True,False,False,1804,3077,5,2025
C1121,Inspecteur / Inspectrice des assurances,,,False,True,,,,,
K1505,Inspecteur / Inspectrice des douanes,False,False,False,True,True,2000,3333,,
K1511,Inspecteur / Inspectrice des impôts,False,False,False,True,False,,,,
H1312,Inspecteur / Inspectrice de sites industriels,,,True,True,,,,,
K1515,Inspecteur / Inspectrice du permis de conduire et de la sécurité routière,,,True,,True,,,,
K1502,Inspecteur / Inspectrice du travail,,,False,True,,1802,2917,,
K1411,Inspecteur / Inspectrice vétérinaire,False,False,True,True,True,,,5,2025
F1620,Installateur / Installatrice chauffage et climatisation,False,False,True,,,1802,2300,5,2025
F1628,Installateur / Installatrice de bornes de recharges électriques,False,False,True,False,False,1802,2200,5,2025
F1610,"Installateur mainteneur / Installatrice mainteneuse en systèmes solaires, thermiques et photovoltaïques",False,False,True,False,False,1802,2500,5,2025
F1708,Installateur-poseur / Installatrice-poseuse de piscines préfabriquées,,,True,,,1802,2500,5,2025
I1205,Installateur vérificateur / Installatrice vérificatrice d'extincteurs,False,False,False,False,True,1808,2000,2,2025
N2104,Instructeur / Instructrice Personnel Navigant Commercial (PNC),False,False,False,True,False,,,,
I1318,Instrumentiste Industriel / Industrielle,False,False,False,False,False,1802,2500,5,2025
M1813,Intégrateur / Intégratrice logiciels métiers,True,False,False,True,False,2000,4583,4,2025
M1217,"Intendant / Intendante d'établissement scolaire (lycée, collège...)",False,False,False,True,False,1802,3333,4,2025
M1610,Intendant / Intendante du sport,False,False,False,,False,,,1,2025
E1123,Interprète,False,False,False,False,False,1933,24000,2,2025
K1108,Intervenant / Intervenante en pratique de soins non conventionnelle,False,False,False,False,False,,,1,2025
M1417,Intervenant / Intervenante en Prévention des Risques Professionnels - IPRP,False,False,False,True,False,1846,26732,1,2025
N1116,Inventoriste,False,False,False,False,False,1802,1925,1,2025
A1208,Jardinier / Jardinière paysagiste,False,False,True,False,False,1802,2100,2,2025
A1220,Jardinier / Jardinière paysagiste en terrain de sport,False,False,True,False,False,,,,
B1606,Joaillier / Joaillière,False,False,False,False,True,,,4,2025
E1106,Journaliste,True,False,False,,False,1759,3074,1,2025
K1904,Juge,False,False,False,True,True,,,,
K1903,Juriste,False,False,False,True,False,2000,4487,2,2025
J1404,Kinésithérapeute,False,True,False,,True,2296,3185,5,2025
N3114,Lamaneur / Lamaneuse,False,False,False,False,True,,,,
B1607,Lapidaire - Diamantaire,False,False,False,False,True,,,4,2025
H3411,Laqueur industriel / Laqueuse industrielle,,,False,,,,,,
K2202,Laveur / Laveuse de vitres,False,False,False,False,False,1802,2048,2,2025
K2131,Lecteur / Lectrice de langues dans l'enseignement supérieur,False,False,False,False,False,,,1,2025
E1312,Lecteur-correcteur / Lectrice-correctrice,False,False,False,False,False,,,3,2025
D1250,Libraire,,,False,,,,,,
D1242,Linger / Lingère,False,False,False,False,False,1802,2139,2,2025
K2416,Linguiste,True,False,False,True,False,,,,
N1210,Logisticien / Logisticienne,False,False,False,False,False,,,,
B1505,Luthier / Luthière,False,False,False,False,False,,,3,2025
L1528,Machiniste de prise de vues,False,False,False,False,False,,,,
L1506,Machiniste spectacle,False,False,False,False,False,1802,2308,1,2025
F1703,Maçon / Maçonne,,,True,,,1802,2145,5,2025
F1707,Maçon / Maçonne du paysage,False,,True,False,False,1802,2123,5,2025
F1713,Maçon-fumiste / Maçonne-fumiste,,,True,,,,,,
N1110,Magasinier / Magasinière,False,False,False,False,False,1802,2029,1,2025
F1710,Magasinier / Magasinière en négoce des matériaux de construction,False,False,True,False,False,1802,2083,3,2025
G1802,Maître / Maîtresse d'hôtel,False,False,False,False,False,1833,2603,3,2025
K2605,Maître / Maîtresse de cérémonie funéraire,False,False,False,False,False,1802,2100,1,2025
A1446,Maître / Maîtresse de chai,False,False,True,False,False,1881,4167,4,2025
K1741,Maître de pont sur navire militaire,,,False,,,,,,
G1224,Maître-nageur sauveteur / Maître-nageuse sauveteuse,False,False,False,False,True,1850,2400,2,2025
K1816,Manager de commerce et territoire,,,False,True,,,,,
M1506,Manager de proximité,False,False,False,True,False,1906,3333,1,2025
G1409,Manager en restauration rapide,False,False,False,True,False,1802,2303,3,2025
K1916,Mandataire de justice,False,False,False,True,True,,,,
C1111,Mandataire en assurance,,,False,False,True,,,2,2025
K1102,Mandataire judiciaire à la protection des majeurs (MJPM),False,,False,False,True,1863,2328,4,2025
J1306,Manipulateur / Manipulatrice d'électroradiologie médicale,False,,False,False,True,2000,3261,5,2025
L1102,Mannequin,False,False,False,False,False,,,1,2025
F1704,Manœuvre du Bâtiment et des Travaux Publics,False,False,False,False,False,1802,1923,3,2025
N1105,Manutentionnaire,False,False,False,False,False,1802,1896,1,2025
H1227,Maquettiste en électronique,False,False,False,False,False,,,5,2025
L1501,Maquilleur / Maquilleuse spectacle,False,False,False,False,False,,,1,2025
A1433,Maraîcher / Maraîchère,False,False,True,False,False,1802,1974,2,2025
A1502,Maréchal-ferrant / Maréchale-ferrante,,,False,,True,,,1,2025
D1119,Mareyeur / Mareyeuse,False,False,True,False,False,,,,
N3117,Marin de la plaisance professionnelle,False,False,False,False,True,,,,
A1415,Marin-pêcheur,False,False,False,False,True,1802,3000,3,2025
B1802,Maroquinier / Maroquinière,False,False,False,False,False,1802,2037,3,2025
L1208,Mascotte-personnage,False,False,False,False,False,1802,2848,1,2025
D1222,Masseur / Masseuse bien-être,False,False,False,False,False,1802,2100,4,2025
N3103,Matelot de la navigation fluviale,False,False,False,False,True,1802,2692,2,2025
N3102,Matelot machine de la marine marchande,False,False,False,False,False,1802,2300,2,2025
N3109,Matelot pont de la marine marchande,False,False,True,False,True,,,,
K2408,Mathématicien / Mathématicienne,True,False,False,True,False,,,2,2025
I1604,Mécanicien / Mécanicienne automobile,False,False,True,False,False,1802,2275,5,2025
I1602,Mécanicien / Mécanicienne avion,False,False,False,False,False,1802,2500,5,2025
I1636,Mécanicien / Mécanicienne cabine,False,False,False,False,False,,,,
I1619,Mécanicien / Mécanicienne cycles,False,False,True,False,False,1802,2077,5,2025
I1616,Mécanicien / Mécanicienne d'engins de chantier et de travaux publics,False,False,False,False,False,1802,2386,5,2025
I1310,Mécanicien / Mécanicienne de maintenance industrielle,,,True,,,1802,2400,5,2025
I1613,Mécanicien / Mécanicienne des véhicules des transports routiers,False,False,True,False,False,1802,2500,5,2025
I1618,Mécanicien / Mécanicienne en matériels motorisés de parcs et jardins,False,False,True,False,False,1802,2109,5,2025
I1605,Mécanicien / Mécanicienne en mécanique marine ou navale,False,False,False,False,False,1802,2444,5,2025
H2423,Mécanicien / Mécanicienne industrie textile et de l'habillement,False,False,False,False,False,1802,1919,4,2025
I1607,Mécanicien / Mécanicienne motocycles,,,True,,,1802,2333,5,2025
I1635,Mécanicien / Mécanicienne structure avion,False,False,False,False,False,,,,
I1620,Mécanicien-réparateur / Mécanicienne-réparatrice d'engins de levage et de manutention,False,False,False,False,False,1802,2500,5,2025
I1624,Mécanicien réparateur / Mécanicienne réparatrice de véhicules anciens et historiques,False,False,False,False,False,,,5,2025
I1603,Mécanicien-réparateur / Mécanicienne-réparatrice en matériels agricoles,False,False,True,False,False,1802,2333,5,2025
H1245,Mécatronicien / Mécatronicienne,True,,False,,,,,,
J1124,Médecin Anesthésiste Réanimateur / Réanimatrice (MAR),False,,False,True,True,,,5,2025
K1402,Médecin conseil,,True,False,True,True,2000,5250,5,2025
J1105,Médecin coordonnateur,,True,False,True,True,4267,17083,5,2025
J1109,Médecin de la Protection Maternelle et Infantile -PMI-,False,True,False,True,True,,,5,2025
J1123,Médecin des armées,False,False,False,True,True,,,5,2025
J1126,Médecin du sport,False,False,False,True,True,,,5,2025
J1101,Médecin du travail et de prévention,False,True,False,True,True,3127,9167,5,2025
J1102,Médecin généraliste,False,False,False,True,True,3750,9167,5,2025
J1110,Médecin légiste,False,False,False,True,True,,,5,2025
J1120,Médecin phlébologue,False,True,False,True,True,,,5,2025
J1108,Médecin régulateur,False,True,False,True,True,,,5,2025
M1617,Médecin responsable de la Documentation et de l'Information Médicale (Médecin responsable DIM),False,False,False,True,True,1802,4657,1,2025
J1107,Médecin scolaire,False,False,False,True,True,3000,3899,5,2025
J1127,Médecin urgentiste,False,True,False,True,True,,,5,2025
E1402,Média planneur / Média planneuse,True,False,False,True,False,,,1,2025
K1220,Médiateur / Médiatrice en santé,False,False,False,False,False,1802,2800,3,2025
K1913,Médiateur / Médiatrice judiciaire,False,False,False,True,True,,,,
G1242,Médiateur / Médiatrice scientifique,False,False,True,False,False,,,2,2025
K1229,Médiateur administratif / Médiatrice administrative,False,False,False,False,True,,,,
K1213,Médiateur culturel / Médiatrice culturelle,False,,False,False,False,1802,2260,3,2025
K1204,Médiateur social / Médiatrice sociale,False,,False,False,False,1802,2284,3,2025
H2206,Menuisier / Menuisière,False,False,True,False,False,1802,2123,5,2025
F1607,Menuisier / Menuisière aluminium,,,True,,,1802,2123,5,2025
H2213,Menuisier / Menuisière en construction nautique,False,False,False,False,False,1802,1896,5,2025
H2214,Mérandier / Mérandière,False,False,True,False,,,,4,2025
H2911,Métallier / Métallière,,,False,,,1802,2123,5,2025
B1601,Métallier / Métallière d'art,,,False,,,1802,2200,4,2025
M1809,Météorologue,False,False,True,False,False,,,3,2025
F1108,Métreur / Métreuse de la construction,False,False,False,False,False,1802,2991,5,2025
L1301,Metteur / Metteuse en scène,False,False,False,,False,,,,
H3407,Metteur au bain / Metteuse au bain argenture - dorure en orfèvrerie,False,False,False,False,True,,,5,2025
H3408,Metteur au point polisseur / Metteuse au point polisseuse sur matrice en orfèvrerie,False,False,False,False,True,,,5,2025
K1212,Ministre du culte,False,False,False,False,False,1802,2200,3,2025
H2908,Modeleur / Modeleuse,,,False,,,1802,2365,5,2025
B1812,Modéliste,False,False,False,False,False,,,1,2025
H1205,Modéliste industriel / Modéliste industrielle,False,False,False,False,False,1802,3590,3,2025
B1801,Modiste,False,False,False,False,False,,,,
K1215,Moniteur / Monitrice d'atelier en milieu de travail protégé,False,,False,False,False,1802,2275,4,2025
G1216,Moniteur / Monitrice de sport nature,False,False,True,False,True,,,1,2025
G1217,Moniteur / Monitrice en salle de sport,False,False,False,False,True,1802,3640,2,2025
K1208,Moniteur éducateur / Monitrice éducatrice,False,True,False,False,,1802,2228,4,2025
F1605,Monteur / Monteuse de réseaux électriques,False,False,True,False,False,1802,2131,5,2025
F1501,Monteur / Monteuse de structures bois,False,False,True,False,False,1802,2145,5,2025
F1625,Monteur / Monteuse en agencement,False,False,True,False,False,1802,2301,5,2025
F1622,Monteur / Monteuse en éclairage public,False,False,True,False,False,1802,2200,5,2025
B1614,Monteur / Monteuse en orfèvrerie,False,False,False,False,True,,,4,2025
F1502,Monteur / Monteuse en structures métalliques,False,False,False,False,False,1802,2083,5,2025
F1623,Monteur / Monteuse installation réseaux mobiles,False,False,False,False,False,1802,2317,5,2025
H2411,Monteur / Monteuse prototypiste cuir et matériaux souples,False,False,False,False,False,1802,2365,3,2025
L1507,Monteur / Monteuse vidéo,,,False,,,1802,2500,1,2025
H2606,Monteur-bobinier / Monteuse-bobinière en électricité,False,False,False,False,False,1802,1913,5,2025
H2605,Monteur-câbleur / Monteuse-câbleuse,,,False,,,1802,2244,5,2025
I1314,Monteur installateur / Monteuse installatrice d'équipements connectés,True,False,False,False,False,1802,2300,5,2025
I1315,Monteur raccordeur / Monteuse raccordeuse fibre optique,True,False,False,False,False,1802,2140,5,2025
H3202,Monteur régleur / Monteuse régleuse en plasturgie,,,False,,,1802,2500,4,2025
B1102,Mosaïste d'art,False,False,False,False,False,,,5,2025
E1207,Motion designer,True,False,False,False,False,,,1,2025
H2910,Mouleur noyauteur / Mouleuse noyauteuse machine,,,False,,,1802,2025,5,2025
H3203,Mouleur-stratifieur / Mouleuse-stratifieuse,,,False,,,1802,1999,4,2025
G1234,Musher guide de randonnée en traîneau,False,False,True,False,False,,,1,2025
L1202,Musicien / Musicienne,,,False,,,1820,5250,1,2025
K2411,Musicologue,False,False,False,True,False,,,1,2025
D1116,Négociant / Négociante en bétail,False,False,False,False,False,,,1,2025
M1214,Négociateur / Négociatrice en devises,False,False,False,True,False,,,3,2025
J1137,Néphrologue,False,,False,True,True,,,,
D1226,Nettoyeur / Nettoyeuse en cuir et peausserie,False,False,False,False,False,,,2,2025
J1139,Neurochirurgien / Neurochirurgienne,False,False,False,True,True,,,,
J1132,Neurologue,False,False,False,True,True,,,5,2025
H1505,Nez,,,False,,,1772,2667,2,2025
I1331,Nivoculteur / Nivocultrice,False,False,False,False,False,,,5,2025
K1901,Notaire,False,False,False,True,True,1900,5500,3,2025
H2413,Noueur / Noueuse de chaîne de tissage,,,False,,,1802,2333,3,2025
F1142,Océanographe,False,False,True,False,False,,,5,2025
A1423,Œnologue,False,False,True,True,False,,,4,2025
M1432,Office manager,True,,False,True,,,,,
N3106,Officier / Officière de la marine marchande,False,False,True,True,False,,,,
K1704,Officier / Officière de police,False,False,False,False,True,,,,
N3101,Officier / Officière de port,False,False,False,True,False,1833,3739,4,2025
N3111,Officier électronicien / Officière électronicienne,False,False,False,False,False,,,,
J1112,Oncologue,False,False,False,True,True,,,5,2025
H2711,Opérateur / Opératrice consoliste en raffinerie,False,False,False,False,False,,,,
I1501,Opérateur / Opératrice cordiste,False,False,False,False,False,1802,2750,5,2025
G1205,Opérateur / Opératrice d'attraction,False,False,False,False,False,1802,2123,1,2025
L1522,Opérateur / Opératrice d'effets visuels physiques audiovisuel et cinéma,False,False,False,False,False,,,1,2025
K1723,Opérateur / Opératrice d'exploitation et de maintenance pétrolières de l'Armée,,,False,,,,,4,2025
I1212,Opérateur / Opératrice d'installation ou maintenance industrielle,,,False,,,,,,
H2716,Opérateur / Opératrice de centrale solaire,,,True,,,,,,
H2304,Opérateur / Opératrice de fabrication des industries chimiques,False,False,False,False,False,1802,2333,3,2025
H2303,Opérateur / Opératrice de fabrication en industrie pharmaceutique,False,False,False,False,False,1802,2121,3,2025
H2802,Opérateur / Opératrice de fabrication en matériaux de construction,,,False,,,1802,2048,5,2025
H2401,"Opérateur / Opératrice de fabrication industrie des cuirs, peaux et matériaux associés",False,False,False,False,False,1802,1939,3,2025
H2410,Opérateur / Opératrice de finition en industrie du textile,False,False,False,False,False,1802,1896,3,2025
E1202,Opérateur / Opératrice de laboratoire cinématographique,False,False,False,False,False,,,,
H1531,Opérateur / Opératrice de laboratoire d'analyse industrielle,False,False,True,False,False,1802,2133,3,2025
I1507,Opérateur / Opératrice démantèlement nucléaire,False,False,True,False,False,1802,23026,2,2025
G1232,Opérateur / Opératrice de parcours acrobatique dans les arbres,False,False,True,False,True,1802,2000,1,2025
H2809,Opérateur / Opératrice de poste centralisé en cimenterie,,,False,,,,,,
H2107,Opérateur / Opératrice de préparation de poissons et produits de la mer,False,False,False,False,False,,,,
H2414,"Opérateur / Opératrice de préparation ou de finition sur articles de cuirs, peaux ou matériaux associés",,,False,,,1802,1896,3,2025
E1306,Opérateur / Opératrice de prépresse,,,False,,,1802,2123,3,2025
L1505,Opérateur / Opératrice de prise de vues,True,False,False,False,False,1802,2692,1,2025
H3104,Opérateur / Opératrice de production de papier carton,False,False,False,False,False,1802,1972,3,2025
H3103,Opérateur / Opératrice de production de pâte à papier,False,False,False,False,False,1802,2333,2,2025
H3204,Opérateur / Opératrice de production des matières plastiques et du caoutchouc,,,False,,,,,,
H2706,Opérateur / Opératrice de production en énergie nucléaire,False,False,True,False,False,,,4,2025
H2205,Opérateur / Opératrice de production en industrie du bois,,,True,,,1802,1972,4,2025
M1606,Opérateur / Opératrice de saisie,,,False,,,1802,2000,1,2025
H2211,Opérateur / Opératrice de sciage bois,False,False,False,False,False,1802,2051,4,2025
D1511,Opérateur / Opératrice de station service,False,False,False,False,False,1802,1865,1,2025
K1717,Opérateur / Opératrice de surveillance aérienne militaire,False,False,False,False,False,,,,
H3401,Opérateur / Opératrice de traitement d'abrasion de surface,,,False,,,1802,1972,5,2025
H3402,Opérateur / Opératrice de traitement de surface,,,False,,,1802,2083,5,2025
N1208,Opérateur / Opératrice de traitement de valeurs,False,False,False,False,True,,,2,2025
H3403,Opérateur / Opératrice de traitement thermique,,,False,,,1802,2083,5,2025
H2103,Opérateur / Opératrice de transformation des viandes,,,False,,,1802,1987,4,2025
K2308,Opérateur / Opératrice de tri en récupération et revalorisation,False,False,True,False,False,1802,1911,2,2025
I1631,Opérateur / Opératrice de vérification des dispositifs embarqués Véhicules de Transports Routiers VTR,False,False,False,False,True,,,,
I1632,Opérateur / Opératrice de vérification des dispositifs embarqués Véhicules Légers VL,False,False,False,False,True,,,,
B1603,Opérateur / Opératrice en bijouterie,False,False,False,False,True,,,4,2025
H2906,Opérateur / Opératrice en fabrication mécanique,,,False,,,1802,2038,3,2025
B1616,Opérateur / Opératrice en horlogerie,False,False,False,False,False,,,4,2025
H2803,Opérateur / Opératrice en Industrie Céramique,False,False,True,False,False,1802,1975,4,2025
K1739,Opérateur / Opératrice en navigation maritime sur navire militaire,,,False,,,,,,
H3406,Opérateur / Opératrice en polissage de bijouterie ou d'orfèvrerie,False,False,False,False,True,1802,1921,5,2025
K1729,Opérateur / Opératrice en pyrotechnie militaire,False,False,False,False,False,,,,
E1307,Opérateur / Opératrice en reprographie,,,False,,,1802,2000,4,2025
K2509,Opérateur / Opératrice en télésurveillance,False,False,False,False,,1802,2093,3,2025
N4403,Opérateur / Opératrice ferroviaire,False,False,True,False,False,1802,2417,3,2025
N1115,Opérateur / Opératrice logistique,False,False,False,False,False,1802,1949,1,2025
I1630,Opérateur / Opératrice maintenance pneumatiques Véhicules Utilitaires et Industriels,False,False,False,False,False,,,,
H2418,Opérateur / Opératrice sur machine de production et transformation des fils,False,False,False,False,False,1802,1900,4,2025
H2407,Opérateur / Opératrice sur machine de transformation et de finition des cuirs et peaux,False,False,False,False,False,1802,1972,3,2025
H2603,Opérateur / Opératrice sur machines automatisées en production électrique,,,False,,,1802,2083,4,2025
C1305,Opérateur / Opératrice sur marchés financiers,,,False,,,,,,
J1134,Ophtalmologue,False,False,False,True,True,,,5,2025
J1405,Opticien / Opticienne,False,False,False,,True,1805,2692,4,2025
L1210,Orchestrateur / Orchestratrice,False,False,False,,False,,,1,2025
B1613,Orfèvre,False,False,False,False,True,,,4,2025
B1608,Orfèvre planeur / Orfèvre planeuse,False,False,False,False,True,,,4,2025
B1615,Orfèvre tourneur repousseur / Orfèvre tourneuse repousseuse,False,False,False,,True,,,4,2025
A1323,Ornithologue,,,True,True,,,,,
J1141,Orthodontiste,False,False,False,True,True,,,,
J1406,Orthophoniste,False,,False,True,True,2070,3185,5,2025
J1411,Orthoprothésiste,False,False,False,False,,1802,2365,4,2025
J1407,Orthoptiste,False,False,False,False,,2059,4550,5,2025
A1432,Osiériculteur / Osiéricultrice,False,False,True,False,False,,,2,2025
J1408,Ostéopathe,False,False,False,False,,,,5,2025
A1507,Ostéopathe animalier / Ostéopathe animalière,False,False,False,False,True,,,5,2025
J1130,Oto-rhino-laryngologiste (ORL),False,False,False,True,True,,,5,2025
G1225,Ouvreur / Ouvreuse de salle de spectacles,False,False,False,False,False,,,1,2025
A1430,Ouvrier / Ouvrière aquacole,False,False,True,False,False,1802,1972,4,2025
H2101,Ouvrier / Ouvrière d'abattoir,,,False,,,1802,1870,4,2025
A1202,Ouvrier / Ouvrière d'entretien des espaces naturels,False,False,True,False,False,1802,1972,2,2025
F1506,Ouvrier / Ouvrière de la construction modulaire hors-site,,,True,,,,,,
N3203,Ouvrier / Ouvrière de manutention portuaire,False,False,True,False,,1802,2020,1,2025
H2921,Ouvrier / Ouvrière de montage en construction automobile,,,False,,,,,,
F1702,Ouvrier / Ouvrière en voieries urbaines,,,False,,,1802,2083,5,2025
A1431,Ouvrier / Ouvrière piscicole,False,False,True,False,False,,,4,2025
A1419,Ouvrier agricole polyvalent / Ouvrière agricole polyvalente,,,True,,,1802,1900,2,2025
A1210,Ouvrier forestier / Ouvrière forestière,False,False,True,False,False,1802,2244,5,2025
A1421,Palefrenier soigneur / Palefrenière soigneuse,,,False,,,1802,1900,2,2025
K2415,Paléographe,False,False,False,True,False,,,,
K2414,Paléontologue,False,False,False,True,False,,,,
M1421,Panéliste,False,False,False,False,False,,,5,2025
H2419,Passementier / Passementière,False,False,False,False,False,,,4,2025
D1104,Pâtissier / Pâtissière,False,False,False,False,False,1802,2453,3,2025
G1610,Pâtissier / Pâtissière de restaurant,False,False,False,False,False,1802,2424,4,2025
H2412,Patronnier / Patronnière,False,False,False,False,False,,,3,2025
H1231,Patronnier / Patronnière en chaussures,False,False,False,False,False,,,3,2025
I1208,Patrouilleur autoroutier / Patrouilleuse autoroutière,False,False,True,False,False,,,1,2025
A1214,Patrouilleur modeleur / Patrouilleuse modeleuse VTT,False,False,False,False,False,,,2,2025
A1438,Pêcheur / Pêcheuse à pied,False,False,True,False,False,,,3,2025
A1445,Pêcheur sous-marin / Pêcheuse sous-marine,False,False,False,False,False,,,3,2025
J1115,Pédiatre,False,True,False,True,True,,,5,2025
J1409,Pédicure-podologue,False,False,False,False,True,,,5,2025
F1119,Pédologue,False,False,True,True,False,,,5,2025
I1609,Peintre automobile,False,False,False,False,False,1802,2500,5,2025
F1606,Peintre en bâtiment,,,True,,,1802,2100,3,2025
H3404,Peintre industriel / Peintre industrielle,,,False,,,1802,2064,5,2025
M1866,Pentesteur / Pentesteuse,True,False,False,False,False,,,4,2025
A1441,Pépiniériste,False,False,True,False,False,1802,1930,2,2025
K1504,Percepteur / Perceptrice des impôts et du Trésor Public,False,False,False,True,True,1802,2500,,
D1239,Perceur corporel / Perceuse corporelle,False,False,False,False,False,,,4,2025
L1209,Performeur / Performeuse de cabaret,False,False,False,False,False,,,1,2025
N2101,Personnel Navigant Commercial (PNC),False,False,False,False,False,,,1,2025
J1202,Pharmacien / Pharmacienne,False,True,False,True,True,3000,5833,5,2025
E1201,Photographe professionnel / Photographe professionnelle,False,False,False,False,False,1704,2083,1,2025
J1413,Physiothérapeute,False,,False,False,True,,,5,2025
K1712,Pilote d'aéronef militaire,False,False,False,False,False,,,,
K1715,Pilote d'hélicoptère des forces armées,False,False,False,True,False,,,,
H2109,Pilote d'installation automatisée en industrie alimentaire,,,False,,,,,,
H2804,Pilote de centrale de béton,,,False,,,1802,2333,5,2025
K1713,Pilote de chasse,False,False,False,True,True,,,,
N2206,Pilote de drone,True,False,False,False,True,,,2,2025
K1710,Pilote de drones aériens militaires,True,False,False,,True,,,,
N2102,Pilote de ligne,False,False,False,True,False,1802,2333,1,2025
H2705,Pilote de ligne de production de composants et de cellules pour batteries de véhicules électriques,False,False,True,False,False,,,4,2025
N3107,Pilote fluvial / Pilote fluviale,False,False,True,False,True,,,,
N3105,Pilote hauturier / Pilote hauturière,False,False,False,True,False,,,,
N2103,Pilote instructeur / Pilote instructrice aéronautique,False,False,False,True,False,,,,
A1424,Pisciculteur / Piscicultrice,False,False,True,False,False,,,4,2025
K1726,Pisteur / Pisteuse secouriste,False,False,False,False,True,1802,2048,,
G1604,Pizzaïolo / Pizzaïola,False,False,False,False,False,1802,2275,3,2025
D1235,Plagiste,False,False,False,False,False,,,2,2025
N2211,Planificateur régulateur vol / Planificatrice régulatrice vol,False,False,False,False,False,,,,
M1702,Planneur / Planneuse stratégique,True,False,False,True,False,,,1,2025
F1604,Plaquiste,False,False,True,False,False,1802,2123,5,2025
H3201,Plasturgiste,,,False,,,1802,1972,3,2025
F1601,Plâtrier / Plâtrière,False,False,True,False,False,1802,2333,4,2025
H2811,Plieur / Plieuse de verre plat,,,False,,,,,,
F1603,Plombier / Plombière sanitaire,False,False,True,False,False,1802,2207,5,2025
I1510,Plongeur / Plongeuse scientifique et technique,False,False,True,True,False,,,,
K1722,Plongeur démineur / Plongeuse démineuse militaire dans les fonds marins,False,False,False,True,True,,,4,2025
G1605,Plongeur officier / Plongeuse officière de cuisine,False,False,False,False,False,1802,1972,2,2025
I1502,Plongeur scaphandrier / Plongeuse scaphandrière,False,False,False,False,False,1802,2048,3,2025
J1128,Pneumologue,False,False,False,True,True,,,5,2025
D1105,Poissonnier / Poissonnière,False,False,False,False,False,1802,2453,3,2025
K1707,Policier municipal / Policière municipale,,,False,,True,1802,2176,,
H3405,Polisseur / Polisseuse en bijouterie ou joaillerie ou orfèvrerie,False,False,False,False,True,1802,2080,5,2025
H3409,Polisseur / Polisseuse sur verre,,,False,,,,,,
K1745,Pompier / Pompière,,,True,,,,,,
N1104,Pontier / Pontière,False,False,False,False,True,1802,2000,3,2025
K2601,Porteur / Porteuse funéraire,False,False,False,False,False,1802,1975,2,2025
F1705,Poseur / Poseuse de canalisations,False,False,True,False,False,1802,2083,5,2025
F1615,Poseur / Poseuse de cloisons démontables et mobiles,,,True,,,1802,2123,5,2025
F1627,Poseur / Poseuse de compteurs,False,False,True,False,False,1802,2275,5,2025
F1618,Poseur / Poseuse de façade vitrée,,,True,,,1802,2333,5,2025
F1616,Poseur / Poseuse de menuiseries extérieures,,,True,,,1802,2200,5,2025
F1609,Poseur / Poseuse de revêtements de sols,False,False,True,False,False,1802,2200,5,2025
F1617,Poseur / Poseuse de véranda,,,True,,,1802,2066,5,2025
F1711,Poseur / Poseuse de voies ferrées,False,False,True,False,False,1802,2500,5,2025
F1614,Poseur / Poseuse en fermetures de bâtiment,,,True,,,1802,2145,5,2025
D1215,Posticheur / Posticheuse,False,False,False,False,False,,,4,2025
K1405,Préfet / Préfète,False,False,False,True,False,,,,
B1808,Premier / Première d'atelier,False,False,False,True,False,,,4,2025
N1113,Préparateur / Préparatrice au drive,False,False,False,False,False,1802,1847,1,2025
A1510,Préparateur / Préparatrice d'équidés,False,False,False,False,False,,,4,2025
I1601,Préparateur / Préparatrice de bateau,False,False,False,False,False,1802,1974,5,2025
N1103,Préparateur / Préparatrice de commandes,False,False,False,False,False,1802,1911,1,2025
H3309,Préparateur / Préparatrice de mélange en industrie,,,False,,,,,,
I1611,Préparateur / Préparatrice de véhicules automobiles,False,False,False,False,False,1802,2083,5,2025
I1614,Préparateur / Préparatrice en peinture automobile,False,False,False,False,False,1802,2333,5,2025
J1307,Préparateur / Préparatrice en pharmacie,False,True,False,False,True,1802,2471,5,2025
I1626,Préparateur / Préparatrice en tôlerie automobile,False,False,False,False,False,,,5,2025
G1218,Préparateur / Préparatrice physique,False,False,False,False,True,,,2,2025
E1305,Préparateur-correcteur / Préparatrice-correctrice en industrie graphique,False,False,False,False,False,,,3,2025
G1233,Préparateur mental / Préparatrice mentale du sport,False,False,False,False,False,,,2,2025
E1118,Présentateur / Présentatrice journaliste,False,False,False,True,False,,,1,2025
M1887,Product builder no code,True,False,False,False,False,,,4,2025
L1302,Producteur / Productrice audiovisuel et cinéma,,,False,True,,1802,3063,1,2025
M1864,Product Owner,True,False,False,True,False,2333,30000,4,2025
K2122,Professeur / Professeure à domicile,False,False,False,False,False,1972,3033,3,2025
K2127,Professeur / Professeure d'enseignement général pour déficients sensoriels,False,False,False,False,False,,,3,2025
K2109,Professeur / Professeure d'enseignement technologique,,,False,True,,2000,4686,3,2025
K2107,Professeur / Professeure de collège et de lycée,False,False,False,False,True,2112,4781,3,2025
K2130,Professeur / Professeure de Français Langue Etrangère (FLE),False,False,False,False,False,1945,20520,3,2025
K2105,Professeur / Professeure de musique,False,False,False,False,False,1891,4104,1,2025
K2106,Professeur / Professeure des écoles,False,False,False,True,,1852,3504,2,2025
K2108,Professeur / Professeure des universités,False,False,False,True,False,1882,4385,1,2025
K2129,Professeur / Professeure documentaliste,False,False,False,False,False,1972,3337,3,2025
K2136,Professeur territorial / Professeure territoriale d'enseignement artistique,False,False,False,False,False,2044,4853,1,2025
I1512,Programmateur / Programmatrice des travaux sur cordes,False,False,False,False,False,,,,
L1313,Programmateur / Programmatrice salle de cinéma,True,,False,,,,,,
H1408,Programmeur / Programmeuse en Conception de Fabrication Assistée par Ordinateur (CFAO),True,,False,,,,,,
J1410,Prothésiste dentaire,False,False,False,False,,1802,2600,4,2025
D1240,Prothésiste ongulaire,False,False,False,False,False,1802,2000,4,2025
H2920,Prototypiste en mécanique,,,False,,,,,,
K1111,Psychanalyste,False,False,False,False,False,,,,
J1131,Psychiatre,False,True,False,True,True,4167,9231,5,2025
K1104,Psychologue,False,,False,,True,2100,3750,3,2025
K1113,Psychologue du travail,False,False,False,True,True,,,,
K1114,Psychologue scolaire,,,False,,True,,,,
J1412,Psychomotricien / Psychomotricienne,False,,False,True,True,1956,2917,5,2025
J1507,Puériculteur / Puéricultrice,False,False,False,False,True,1950,3000,4,2025
M1842,Qualiticien / Qualiticienne logiciel en informatique,True,False,False,False,False,,,4,2025
H2421,Racheliste,False,False,False,False,False,1802,1900,3,2025
J1118,Radiologue,False,False,False,True,True,,,5,2025
A1425,Ramendeur / Ramendeuse,False,False,False,False,False,,,3,2025
F1621,Ramoneur / Ramoneuse,False,False,True,False,True,1802,2000,5,2025
L1306,Réalisateur / Réalisatrice audiovisuel,True,False,False,True,False,,,1,2025
G1703,Réceptionniste,False,False,False,False,False,1802,2032,3,2025
K1746,Receveur placier / Receveuse placière,,,False,,False,,,,
M1418,Recruteur / Recruteuse de donateurs,False,False,False,False,False,1802,2550,5,2025
G1219,Recruteur sportif / Recruteuse sportive,False,False,False,False,False,,,1,2025
C1216,Rédacteur / Rédactrice Banque de France,,,False,True,,,,,
C1128,Rédacteur / Rédactrice règlement assurances,,,False,,,,,,
H1207,Rédacteur / Rédactrice technique,False,False,False,,False,1803,3333,3,2025
H1226,Rédacteur médical / Rédactrice médicale en industrie pharmaceutique,False,False,False,True,False,,,3,2025
E1405,Référenceur / Référenceuse web,True,False,False,False,False,,,1,2025
L1509,Régisseur / Régisseuse de production,,,False,,,,,1,2025
L1526,Régisseur / Régisseuse de scène,False,False,False,False,False,,,1,2025
L1512,Régisseur / Régisseuse de spectacles,False,False,False,True,False,1802,2765,1,2025
K1610,Régisseur d'œuvres d'art / Régisseuse d'œuvres d'art,,,False,,,,,,
H2912,Régleur / Régleuse d'équipements industriels,,,False,,,1802,2500,5,2025
E1311,Régleur / Régleuse de machines de façonnage routage,False,False,False,False,False,1665,2123,4,2025
K1728,Régulateur / Régulatrice de secours en montagne,False,False,False,False,False,,,,
N4110,Releveur / Releveuse de compteurs,False,False,False,False,False,1802,1931,2,2025
B1402,Relieur / Relieuse d'art,False,False,False,False,False,,,,
I1407,Réparateur / Réparatrice en produits de télécommunication et multimédia,True,False,True,False,False,1802,2150,4,2025
D1236,Repasseur / Repasseuse,False,False,False,False,False,1802,2284,2,2025
H2420,Repasseur / Repasseuse en industrie textile et de l'habillement,False,False,False,False,False,1802,1860,3,2025
E1114,Reporter / Reportrice,False,False,False,False,False,,,1,2025
D1439,Représentant / Représentante en biens et en services auprès des entreprises,False,False,False,False,False,,,,
I1610,Responsable atelier carrosserie,False,False,False,False,False,1833,3141,5,2025
M1206,Responsable comptabilité,False,False,False,True,False,2250,4167,5,2025
H1103,Responsable d'affaires en industrie pharmaceutique,False,False,True,True,False,2000,3750,3,2025
D1230,Responsable d'agence de location de matériel de transport,False,False,False,False,False,,,2,2025
G1304,Responsable d'agence de voyages,False,False,False,True,False,1892,2423,1,2025
C1104,Responsable d'agence en assurances,,,False,,,1870,3583,1,2025
C1505,Responsable d'agence immobilière,False,False,True,True,False,1850,4167,4,2025
N4201,Responsable d'agence transport routier de marchandises,False,False,False,True,False,1914,3333,2,2025
G1239,Responsable d'animation,False,False,False,True,False,1802,2450,2,2025
M1713,Responsable d'associations de patients en industrie pharmaceutique,False,False,False,True,False,,,2,2025
H2511,Responsable d'atelier de blanchisserie industrielle,False,False,False,False,False,,,,
H2512,Responsable d'atelier de fabrication de produits non-tissés,,,False,,,,,,
E1309,Responsable d'atelier de façonnage routage,False,False,False,False,False,,,4,2025
I1107,Responsable d'atelier de mécanique parcs et jardins,False,False,True,False,False,,,5,2025
B1609,Responsable d'atelier en bijouterie ou joaillerie,False,False,False,True,True,1802,2917,4,2025
E1116,Responsable d'édition en presse,True,False,False,True,False,,,1,2025
G1243,Responsable d'éducation et d'animation à l'environnement,False,False,True,False,False,,,,
M1404,Responsable d'enquêtes terrain,,,False,,,,,,
N4304,Responsable d'équipe d'agents de conduite du réseau ferré,False,False,True,True,False,,,1,2025
I1326,Responsable d'équipe maintenance,False,False,True,False,False,1813,3333,5,2025
G1404,Responsable d'établissement de restauration collective,,,False,True,,1882,2800,4,2025
F1211,Responsable d'exploitation de gisements pétrole et gaz,,,False,True,,,,,
I1116,Responsable d'exploitation de stationnement,False,False,False,False,False,,,5,2025
M1862,Responsable d'exploitation fibre optique,True,False,False,True,False,,,3,2025
N3202,Responsable d'exploitation transport fluvial,False,False,True,True,False,,,,
N3201,Responsable d'exploitation transport maritime,False,False,False,True,False,1802,2582,2,2025
N4205,Responsable d'exploitation transport routier de marchandises,False,False,False,True,False,,,,
N4202,Responsable d'exploitation transport routier de personnes,False,False,True,True,False,1900,4156,2,2025
H2503,Responsable d'îlot de production,,,False,,,1802,2618,5,2025
D1225,Responsable d'institut de beauté,False,False,False,False,False,1851,2244,4,2025
K2146,Responsable d'internat,False,False,False,False,False,,,1,2025
M1890,Responsable d'opérations en station météorologique,False,False,True,False,False,,,3,2025
K2116,Responsable d'unité d'enseignement de la conduite de véhicule,False,False,False,False,True,,,3,2025
K2316,Responsable d'usine de production d'eau potable,False,False,True,True,False,,,4,2025
D1302,Responsable de boutique,False,False,False,True,False,1896,2805,1,2025
D1508,Responsable de caisses,False,False,False,,False,1802,2181,1,2025
I1119,Responsable de centre de démontage recyclage des VHU,False,False,True,True,False,,,5,2025
I1114,Responsable de centres de contrôle technique de véhicules,False,False,True,True,True,,,5,2025
K2302,Responsable de collecte de déchets,False,False,True,,False,1802,3077,5,2025
H1532,Responsable de contrôle non destructif en industrie,False,False,True,True,False,,,4,2025
C1108,Responsable de département en assurances,,,False,True,,2200,4487,1,2025
D1509,Responsable de département en grande distribution,False,False,False,True,False,1900,3167,1,2025
H1242,Responsable de développement industriel en bioproduction,,,True,True,,,,,
K1809,Responsable de développement territorial,False,False,True,True,False,2100,5250,,
N4106,Responsable de douane,False,False,False,True,False,,,2,2025
A1217,Responsable de gardes nature,False,False,True,True,False,,,,
G1249,Responsable de hall de cinéma,,,False,,,,,,
M1701,Responsable de l'administration des ventes,True,False,False,True,False,1820,3365,2,2025
K1703,Responsable de l'emploi des forces armées,,,False,,,,,,
H1501,Responsable de laboratoire d'analyse industrielle,False,False,True,True,False,1815,3768,4,2025
H1517,Responsable de laboratoire de contrôle en industrie pharmaceutique,False,False,False,True,True,,,4,2025
E1209,Responsable de laboratoire photographique,False,False,False,False,False,,,3,2025
H1307,Responsable de la conformité industrielle,False,False,False,True,False,1950,3365,5,2025
K1606,Responsable de la conservation préventive,False,False,False,True,False,,,,
M1878,Responsable de la production informatique,True,False,False,True,False,,,3,2025
M1812,Responsable de la Sécurité des Systèmes d'Information (RSSI),True,,False,True,,2264,5000,3,2025
M1407,Responsable de la veille scientifique et technique en industrie pharmaceutique,False,False,False,True,False,,,2,2025
H2507,Responsable de ligne de production industrielle,False,False,False,,False,1802,3750,5,2025
D1305,Responsable de magasin cycles,False,False,True,False,False,,,1,2025
I1105,Responsable de maintenance et d'exploitation,False,False,False,True,True,1972,4167,5,2025
I1106,Responsable de maintenance réseaux des territoires connectés,False,False,False,True,True,,,5,2025
K1218,Responsable de maison de quartier,False,False,False,True,False,,,2,2025
H2216,Responsable de parc à grumes,,,True,True,,,,,
I1109,Responsable de parc de véhicules,False,False,True,True,,1802,2917,5,2025
M1302,Responsable de Petite ou Moyenne Entreprise -PME-,False,False,False,True,False,2064,3917,1,2025
H1513,Responsable de pharmacovigilance en industrie pharmaceutique,False,False,False,True,True,,,4,2025
D1435,Responsable de plateau de centre d'appels,False,False,False,,False,1900,2917,2,2025
C1303,Responsable de portefeuille financier,,,False,True,,1900,4167,,
D1229,Responsable de pressing,False,False,False,False,False,,,2,2025
H2713,Responsable de production d'énergie,,,True,True,,,,,
H2218,Responsable de production en industrie du bois,,,False,True,,,,,
C1506,Responsable de projet immobilier,False,False,True,True,False,2050,4333,2,2025
H1218,Responsable de projet recherche et développement,False,False,True,True,False,1917,4375,4,2025
K1417,Responsable des affaires générales,False,False,False,True,False,,,,
H1509,Responsable des affaires règlementaires en industrie pharmaceutique,False,False,False,True,False,,,4,2025
G1221,Responsable des attractions,False,False,False,False,False,,,1,2025
H2217,Responsable de scierie,,,True,True,,,,,
J1509,Responsable de secteur coordinateur / Responsable de secteur coordinatrice,False,True,False,True,,1900,3000,4,2025
K1408,Responsable de secteur d'aide à domicile,False,True,False,True,False,1885,2618,,
C1118,Responsable de secteur en assurances,,,False,True,,,,,
K2203,Responsable de secteur en propreté de locaux,,,True,,,1802,2600,2,2025
K1702,Responsable de sécurité civile et de secours,,,True,,,,,,
H1527,Responsable de sécurité industrielle,False,False,False,True,False,1840,3768,4,2025
K1908,Responsable de service contentieux et recouvrement,False,False,False,True,False,1805,3620,2,2025
H1234,Responsable de service de rédaction technique,False,False,False,True,False,,,3,2025
G1403,Responsable de service en établissement touristique,,,False,False,,,,2,2025
K1914,Responsable de service juridique,False,False,False,True,False,,,,
N1205,Responsable de service transit,False,False,False,True,False,,,2,2025
H1216,Responsable des études épidémiologiques,False,True,True,True,False,,,4,2025
M1844,Responsable des études et applications informatiques,True,False,False,True,False,2155,4000,4,2025
M1408,Responsable des études pharmaco-économiques en industrie pharmaceutique,False,False,False,True,True,,,2,2025
H3306,Responsable de silo,False,False,False,,False,,,,
I1115,Responsable de site(s) de vente et de réparation cycles,False,False,True,False,False,,,5,2025
K2311,Responsable de site de traitement des déchets,False,False,True,,False,,,4,2025
K2306,Responsable de site éco-industriel,False,False,True,True,False,1820,3333,4,2025
A1216,Responsable de site naturel protégé,False,False,True,True,False,,,,
I1118,Responsable de site SMAVA (service multimarques de l'après-vente automobile),False,False,False,True,False,1820,2993,5,2025
K1731,Responsable des opérations militaires en milieu aéroterrestre,,,False,True,,,,,
K1725,Responsable des opérations militaires en milieu maritime,False,False,False,False,False,,,,
H1221,Responsable des partenariats de recherche en industrie pharmaceutique,False,False,False,True,False,,,4,2025
M1867,Responsable des systèmes d'information (SI),True,False,False,True,False,2000,5417,3,2025
D1304,Responsable de station de lavage,False,False,False,False,False,,,1,2025
D1303,Responsable de station-service,False,False,False,True,False,,,1,2025
N3209,Responsable de structure de manutention portuaire,False,False,False,True,False,,,,
K1216,Responsable de structure multi accueil petite enfance,False,True,False,True,True,2025,3250,4,2025
K2514,Responsable de sûreté et de sécurité portuaire,False,False,False,True,False,,,,
G1307,Responsable de ventes de voyages en plateau d'affaires,False,False,False,True,False,,,1,2025
G1707,Responsable de vestiaire,False,False,False,False,False,,,3,2025
D1414,Responsable de zone internationale,False,False,False,True,False,,,2,2025
H1213,Responsable du développement clinique en industrie pharmaceutique,False,False,False,True,False,,,4,2025
M1707,Responsable du développement commercial,,,False,True,,1870,4167,1,2025
K1419,Responsable du service des assemblées,False,False,False,True,False,,,,
E1113,Responsable e-commerce,True,False,False,True,False,1802,3750,1,2025
D1411,Responsable Efficacité Commerciale (SFE) en industrie pharmaceutique,False,False,False,True,False,,,1,2025
F1113,Responsable énergie,,,True,True,,2000,4167,5,2025
M1420,Responsable en intelligence économique,True,False,False,True,False,,,1,2025
M1402,Responsable en organisation en entreprise,False,False,True,True,False,1802,3485,1,2025
H1311,Responsable en santé environnementale,,,True,True,,,,,
N1302,Responsable entrepôt logistique,False,False,True,True,False,1914,3000,2,2025
D1231,Responsable espace bien-être,False,False,False,False,False,1802,2100,4,2025
H1519,Responsable éthique-déontologie-conformité en industrie pharmaceutique,False,False,False,True,False,,,4,2025
N1308,Responsable expédition - distribution,False,False,False,True,False,,,,
M1221,Responsable financement de projet,False,False,False,True,False,,,2,2025
M1504,Responsable formation professionnelle en entreprise,False,False,False,True,False,1833,4167,1,2025
H1220,Responsable formulation en industrie pharmaceutique,False,False,False,True,False,,,4,2025
C1125,Responsable gestion des sinistres,,,False,True,,,,,
D1444,Responsable grands comptes,False,False,False,True,False,,,,
C1129,Responsable grands comptes assurances,,,False,True,,,,,
M1410,Responsable Green IT,True,False,True,True,False,,,1,2025
H1304,Responsable Hygiène Sécurité Environnement (HSE) en industrie,False,False,True,True,False,2000,4583,3,2025
K2132,Responsable ingénierie de la formation professionnelle,False,False,False,True,False,1934,3333,3,2025
M1717,Responsable innovation,True,False,False,True,False,,,1,2025
M1226,Responsable investissements,False,False,False,True,False,,,,
N1301,Responsable logistique,False,False,True,True,False,1820,3458,2,2025
M1705,Responsable marketing,,,False,True,,1815,3750,1,2025
H1222,Responsable médical / Responsable médicale des études cliniques en industrie pharmaceutique,False,False,False,True,True,,,4,2025
J1106,Responsable médical / Responsable médicale en région (RMR-MSL) en industrie pharmaceutique,False,True,False,True,True,,,5,2025
D1516,Responsable merchandising,False,False,False,True,False,,,,
H1407,Responsable méthodes-industrialisation,,,False,True,,,,,
H1219,Responsable opérationnel / Responsable opérationnelle des études cliniques en industrie pharmaceutique,False,False,False,True,True,,,4,2025
H1401,Responsable ordonnancement-lancement-planification en industrie,,,True,True,,1802,3333,3,2025
M1509,Responsable paie et administration du personnel,False,False,False,True,False,1805,3739,1,2025
E1410,Responsable programmatique,True,False,False,True,False,,,1,2025
K2123,Responsable programme enseignement supérieur,False,False,False,True,False,,,1,2025
K2323,Responsable propreté urbaine,False,False,True,True,,,,5,2025
M1511,Responsable Qualité de Vie au Travail,False,False,False,True,False,,,1,2025
H1502,Responsable qualité en industrie,False,False,True,True,False,1820,3750,4,2025
H1523,Responsable Qualité Sécurité Environnement -QSE- en industrie,False,False,True,True,False,1900,3750,4,2025
M1710,Responsable régional / Responsable régionale des relations scientifiques médicales,False,False,False,True,False,,,1,2025
M1406,Responsable RSE (Responsabilité Sociétale de l'Entreprise),False,False,True,True,False,1833,5000,1,2025
K2502,Responsable sécurité de site,,,False,True,True,1984,3400,3,2025
H1310,Responsable sécurité sanitaire en agroalimentaire,,,True,True,,,,,
I1410,Responsable Service Après-Vente -SAV- en électroménager,False,False,True,False,False,1900,3750,4,2025
M1704,Responsable service clients,True,,False,True,,1802,2917,2,2025
H1405,Responsable supply chain en industrie,False,False,False,,False,1833,4583,3,2025
H1106,Responsable support technique clients,True,False,False,True,False,1892,3487,5,2025
I1111,Responsable technique après-vente des véhicules,False,False,False,True,False,,,5,2025
E1213,Responsable technique de la projection,,,False,,,,,,
I1120,Responsable technique en camping,,,False,,,,,,
M1885,Responsable télécoms,True,False,False,True,False,,,3,2025
E1408,Responsable trafic création,True,False,False,True,False,,,1,2025
B1403,Restaurateur / Restauratrice de livres anciens,False,False,False,False,False,,,,
E1212,Restaurateur / Restauratrice numérique image,True,,False,,,,,,
G1613,Restaurateur ambulant / Restauratrice ambulante,False,False,False,False,False,,,4,2025
D1207,Retoucheur / Retoucheuse en habillement,False,False,True,False,False,1802,2013,4,2025
J1114,Rhumatologue,False,False,False,True,True,,,5,2025
H1229,Roughman / Roughwoman en design,False,False,False,False,False,,,1,2025
A1417,Saliculteur / Salicultrice,,,True,,,,,,
I1509,Scaphandrier inspecteur / Scaphandrière inspectrice,False,False,False,False,False,,,,
E1134,Scénariste,,,False,,,,,,
L1513,Scénographe,False,False,False,True,False,,,1,2025
L1318,Scripte de programmes audiovisuels,,,False,,,,,,
M1814,Scrum Master,True,False,False,True,False,2000,4605,4,2025
B1103,Sculpteur / Sculptrice,False,False,False,False,False,,,5,2025
K1705,Secouriste,,,False,,,1814,2667,,
M1602,Secrétaire administratif / Secrétaire administrative de collectivité territoriale,,,False,,,1802,2167,1,2025
M1608,Secrétaire comptable,False,False,False,False,False,1802,2400,1,2025
K1406,Secrétaire de mairie,,,False,,False,1802,2275,,
E1121,Secrétaire de rédaction,False,False,False,,False,,,1,2025
M1611,Secrétaire Facturier / Facturière,False,False,False,False,False,1802,2200,1,2025
M1216,Secrétaire général / Secrétaire générale,False,False,False,True,False,1802,2596,2,2025
M1609,Secrétaire médical / Secrétaire médicale,False,True,False,False,False,1802,2215,1,2025
M1605,Secrétaire technique,False,False,False,False,False,1802,2458,1,2025
B1809,Sellier / Sellière,False,False,False,False,False,1802,1972,3,2025
B1811,Sellier-garnisseur / Sellière-garnisseuse,False,False,False,False,False,1802,2083,3,2025
B1610,Sertisseur / Sertisseuse en bijouterie ou joaillerie,False,False,False,False,True,1820,3000,4,2025
G1803,Serveur / Serveuse en restauration,False,False,False,False,False,1802,2048,3,2025
J1138,Sexologue,False,False,False,False,False,,,,
F1118,Sismologue,False,False,True,True,False,,,5,2025
N3108,Skipper professionnel / Skipper professionnelle,,,True,,,,,,
E1124,Social media manager - Responsable des médias sociaux,True,False,True,True,False,,,1,2025
D1217,Socio-coiffeur / Socio-coiffeuse,False,False,False,False,False,1900,2098,4,2025
D1237,Socio-esthéticien / Socio-esthéticienne,False,,False,False,False,,,4,2025
K2133,Sociologue,False,False,False,True,False,,,1,2025
A1506,Soigneur animalier / Soigneuse animalière,False,False,False,False,False,1802,1938,4,2025
G1804,Sommelier / Sommelière,False,False,False,False,False,1802,2519,4,2025
K1106,Sophrologue,False,False,False,False,False,,,1,2025
H2913,Soudeur / Soudeuse,False,False,True,False,False,1802,2123,5,2025
H2917,Soudeur / Soudeuse MIG MAG,False,False,False,False,False,1802,2083,5,2025
H2916,Soudeur / Soudeuse Tungsten Inert Gas -TIG-,False,False,True,False,False,1802,2123,5,2025
B1602,Souffleur / Souffleuse de verre,,,False,,,,,2,2025
C1110,Souscripteur / Souscriptrice en assurances,,,False,False,,2081,3750,3,2025
K1736,Spécialiste de l'aide au déploiement des forces combattantes,False,False,False,False,False,,,,
K1730,"Spécialiste de la protection des forces, installations ou matériels sensibles de l'Etat",False,False,False,False,False,,,,
C1209,Spécialiste de la vérification client,False,False,False,True,False,,,1,2025
K1732,Spécialiste des systèmes de communication opérationnels,True,False,False,,False,,,,
K1734,Spécialiste du soutien armement nucléaire,,,False,,True,,,,
K1738,Spécialiste du soutien ou de la formation propulsion nucléaire,False,False,False,True,True,,,,
M1888,Spécialiste en modélisation climatique,True,False,True,True,False,,,3,2025
K1724,Spécialiste en radioprotection au sein du Ministère des Armées,False,False,False,False,False,,,5,2025
M1880,Spécialiste e-santé,True,False,False,True,False,,,4,2025
M1873,Spécialiste IA embarquée,True,False,False,True,False,,,4,2025
M1822,Spécialiste Jumeau Numérique,True,False,True,True,False,2289,4167,4,2025
M1807,"Spécialiste outils, systèmes d'exploitation, réseaux et télécoms",True,,False,True,,1802,2911,4,2025
M1874,Spécialiste support,True,False,False,True,False,1820,3750,4,2025
M1815,Spécialiste test et validation logiciel ou application,True,False,False,True,False,1830,3454,4,2025
L1401,Sportif professionnel / Sportive professionnelle,False,False,False,False,False,1802,2500,2,2025
F1624,Staffeur Stuqueur / Staffeuse Stuqueuse,False,False,False,False,False,1837,3800,4,2025
M1614,Standardiste,False,False,False,False,False,1802,2055,1,2025
G1611,Steward / Hôtesse de train,False,False,False,False,False,1802,9005,2,2025
N3113,Steward yachting polyvalent / Steward yachting polyvalente,False,False,False,False,False,,,,
J1133,Stomatologue,False,False,False,True,True,,,5,2025
B1805,Styliste,False,False,False,False,False,1802,3333,1,2025
I1506,Superviseur / Superviseuse cordiste,False,False,False,False,False,,,5,2025
N2210,Superviseur / Superviseuse d'exploitation aéroportuaire,False,False,False,True,False,,,,
E1214,Superviseur / Superviseuse de production virtuelle,True,,False,,,,,,
I1406,Superviseur / Superviseuse hot line en informatique,True,False,False,False,False,,,3,2025
N2209,Superviseur / Superviseuse piste,False,False,False,False,False,,,,
D1428,Superviseur / Superviseuse technique et logistique en assistance de régulation médicale,False,False,False,False,,,,2,2025
G1247,Surveillant / Surveillante d'espaces aquatiques,,,False,,,,,,
G1207,Surveillant / Surveillante de baignade,,,False,,True,1802,2123,2,2025
K2104,Surveillant / Surveillante en milieu scolaire,False,False,False,False,False,1802,2064,1,2025
K1711,Surveillant pénitentiaire / Surveillante pénitentiaire,False,False,False,False,True,,,,
A1205,Sylviculteur / Sylvicultrice,False,False,True,False,False,1802,2200,5,2025
A1434,Tabaculteur / Tabacultrice,False,False,False,False,False,,,2,2025
B1813,Tailleur / Tailleuse,False,False,False,False,False,1802,2800,4,2025
F1612,Tailleur / Tailleuse de pierre,False,False,True,False,False,1802,2800,5,2025
B1806,Tapissier / Tapissière d'ameublement,,,False,,,1802,2500,4,2025
H2422,Tapissier industriel / Tapissière industrielle,False,False,False,False,False,,,3,2025
D1244,Tatoueur / Tatoueuse,False,False,False,False,False,,,,
B1701,Taxidermiste,False,False,False,False,False,,,,
H1239,Technicien / Technicienne bureau d'études écoconception,False,False,True,False,False,1802,3167,5,2025
M1876,Technicien / Technicienne Cloud,True,False,False,False,False,,,3,2025
I1511,Technicien / Technicienne cordiste,False,False,False,False,False,,,,
A1309,Technicien / Technicienne d'élevage équin,False,False,False,False,False,,,4,2025
H1232,Technicien / Technicienne d'études en industrie des matériaux souples,False,False,False,False,False,,,3,2025
E1204,Technicien / Technicienne d'exploitation cinématographique,True,False,False,False,False,1800,2158,1,2025
K2317,Technicien / Technicienne d'exploitation d'eau potable,False,False,True,False,False,1820,2500,4,2025
H2712,Technicien / Technicienne d'exploitation en centrale hydroélectrique,False,False,True,False,False,,,,
H2701,Technicien / Technicienne d'exploitation en production d'énergie thermique,,,False,,,1802,2500,4,2025
I1329,Technicien / Technicienne d'exploitation et de maintenance des équipements audiovisuels,False,False,False,False,False,1820,2917,5,2025
M1810,Technicien / Technicienne d'exploitation informatique,True,False,False,False,False,1815,2917,3,2025
K2325,Technicien / Technicienne d'exploitation méthanisation,False,False,True,False,False,,,,
H2708,Technicien / Technicienne d'exploitation nucléaire,False,False,True,False,False,1802,2333,4,2025
I1324,Technicien / Technicienne d'installation d'équipements industriels,False,False,True,False,False,1802,2763,5,2025
I1330,Technicien / Technicienne d'installation de centrales téléphoniques,False,False,False,False,False,1802,2750,5,2025
I1209,Technicien / Technicienne d'installation de panneau digital,True,False,False,False,False,1802,2200,2,2025
K1305,Technicien / Technicienne d'Intervention Sociale et Familiale (TISF),False,True,False,False,,1802,2290,5,2025
I1403,Technicien / Technicienne Datacenter,True,False,False,False,False,1900,25000,3,2025
F1630,Technicien / Technicienne de désenfumage,False,False,True,False,False,1746,2100,5,2025
H2106,Technicien / Technicienne de fabrication en industrie alimentaire,False,False,False,False,False,,,,
H2212,Technicien / Technicienne de fabrication en industrie du bois,False,False,True,False,False,1802,2667,4,2025
F1404,Technicien / Technicienne de forage pétrole et gaz,,,False,,,,,,
K1223,Technicien / Technicienne de l'administration pénitentiaire,False,False,False,False,True,,,4,2025
H2805,Technicien / Technicienne de l'industrie du verre,,,False,,,1802,2083,3,2025
A1308,Technicien / Technicienne de l'insémination animale,False,False,False,False,True,,,4,2025
H1503,Technicien / Technicienne de laboratoire d'analyse industrielle,False,False,True,False,False,1802,2468,3,2025
J1302,Technicien / Technicienne de laboratoire d'analyses médicales,,True,False,,,1802,2340,5,2025
H1510,Technicien / Technicienne de laboratoire de contrôle en industrie pharmaceutique,False,False,True,False,False,1820,2500,4,2025
H1224,Technicien / Technicienne de laboratoire de recherche-développement,True,True,True,False,False,1802,2500,4,2025
E1203,Technicien / Technicienne de laboratoire photographique,False,False,False,False,False,1802,2000,3,2025
M1893,Technicien / Technicienne de la météorologie,False,False,True,False,False,,,3,2025
H1530,Technicien / Technicienne de la qualité de l'eau,False,False,True,False,False,1802,2083,3,2025
I1316,"Technicien / Technicienne de maintenance Chauffage, Ventilation et Climatisation - CVC",False,False,True,False,False,1802,2600,5,2025
I1321,Technicien / Technicienne de maintenance d'éoliennes,False,False,True,False,False,1897,25000,5,2025
I1320,Technicien / Technicienne de maintenance d'équipements connectés,True,False,True,False,False,1802,2692,5,2025
I1302,Technicien / Technicienne de maintenance d'installations automatisées,False,False,True,False,False,1802,2911,5,2025
H2703,Technicien / Technicienne de maintenance de batteries de véhicules électriques,False,False,True,False,False,1850,2400,4,2025
I1303,Technicien / Technicienne de maintenance de distributeurs automatiques,False,False,False,False,False,1802,2244,5,2025
I1322,Technicien / Technicienne de maintenance des automates bancaires,False,False,False,False,True,1846,2450,5,2025
K2314,Technicien / Technicienne de maintenance de systèmes d'irrigation,False,False,True,False,False,1820,2300,4,2025
I1402,Technicien / Technicienne de maintenance en appareils électroménagers,False,False,True,False,False,1802,2917,4,2025
I1401,Technicien / Technicienne de maintenance en informatique,True,False,False,False,False,1810,2500,3,2025
I1327,Technicien / Technicienne de maintenance en matériel biomédical,False,False,False,False,False,1802,3167,5,2025
I1323,Technicien / Technicienne de maintenance ferroviaire,False,False,True,False,False,1815,2750,5,2025
I1317,Technicien / Technicienne de maintenance fibre optique,True,False,False,False,False,1802,2300,5,2025
I1304,Technicien / Technicienne de maintenance industrielle,False,False,True,False,False,1802,2750,5,2025
I1319,Technicien / Technicienne de maintenance réseaux mobiles,True,False,False,False,False,1802,2223,5,2025
A1310,Technicien / Technicienne de production animale,False,False,False,False,False,1802,2500,4,2025
H2516,Technicien / Technicienne de production du travail des métaux,,,False,,,,,,
H3105,Technicien / Technicienne de production en industrie papetière,False,False,False,False,False,,,3,2025
H3205,Technicien / Technicienne de production en matériaux composites,,,False,,,,,,
I1629,Technicien / Technicienne de réparation et pose de vitrage des véhicules,False,False,False,False,False,1802,2250,5,2025
A1322,Technicien / Technicienne de rivière,False,False,True,False,False,,,,
E1308,Technicien / Technicienne des industries graphiques,False,False,False,False,False,1802,2500,4,2025
A1305,Technicien / Technicienne des services vétérinaires,False,False,False,False,False,2063,2477,4,2025
A1318,Technicien / Technicienne de travaux de gestion de milieu naturel,False,False,True,False,False,,,,
H1521,Technicien / Technicienne de validation-qualification,False,False,False,False,False,,,4,2025
A1301,Technicien / Technicienne en agriculture,,,True,,,1802,2500,4,2025
H1243,Technicien / Technicienne en bioproduction,,,False,,,,,,
H1246,Technicien / Technicienne en bureau d'études aéronautiques,False,False,False,False,False,,,,
H1235,Technicien / Technicienne en conception industrielle en mécanique,False,False,True,False,False,1802,3167,5,2025
H1522,Technicien / Technicienne en contrôles et essais non destructifs (CND END),False,False,False,False,False,1802,2917,5,2025
M1819,Technicien / Technicienne en cybersécurité,True,False,False,False,False,2593,4583,4,2025
I1514,Technicien / Technicienne en dépollution,,,True,,,,,,
H1233,Technicien / Technicienne en design,False,False,False,False,False,,,1,2025
H1209,Technicien / Technicienne en électricité et électronique études et développement,False,False,False,False,False,1802,2917,5,2025
H1303,"Technicien / Technicienne en Hygiène, Sécurité, Environnement industriel (HSE)",False,False,True,False,False,1802,2692,5,2025
K1721,Technicien / Technicienne en investigation criminelle,False,False,False,False,False,,,,
K1609,Technicien / Technicienne en manipulation d'œuvres d'art,,,False,,,,,,
B1702,Technicien / Technicienne en ostéologie-moulage,False,False,False,False,False,,,,
H1309,Technicien / Technicienne en radioprotection,False,False,False,False,True,1678,2199,5,2025
I1503,Technicien / Technicienne en risques technologiques,,,True,,,1802,1972,2,2025
K2322,Technicien / Technicienne en traitement des eaux,False,False,True,False,False,1802,2667,4,2025
H2707,Technicien / Technicienne essais en industrie nucléaire,False,False,True,False,False,,,4,2025
H1217,Technicien / Technicienne formulation en industrie pharmaceutique,True,False,True,False,False,,,4,2025
I1336,Technicien / Technicienne froid embarqué routier,,,False,,,,,,
H2806,Technicien / Technicienne fusion en industrie verrière,,,False,,,,,,
K2319,Technicien / Technicienne hygiéniste,False,False,True,False,False,1802,2083,2,2025
I1305,Technicien / Technicienne installation et maintenance électronique,False,False,True,False,False,1820,2700,5,2025
I1311,Technicien / Technicienne installation réseaux câblés fibre optique,False,False,False,False,False,1802,2000,5,2025
N1209,Technicien / Technicienne logistique,False,False,False,False,False,,,,
I1505,Technicien / Technicienne logistique combustible nucléaire,False,False,True,False,True,,,2,2025
H1404,Technicien / Technicienne méthodes,,,True,,,1802,2730,1,2025
A1315,Technicien / Technicienne naturaliste,False,False,True,False,False,,,,
L1515,Technicien / Technicienne plateau,False,False,False,False,False,,,1,2025
H1528,Technicien / Technicienne qualité en industrie,False,False,False,False,False,1802,2500,4,2025
H1535,Technicien / Technicienne qualité produit et métrologie en mécanique et travail des métaux,,,False,,,,,,
H1526,Technicien / Technicienne qualité-surveillance d'installations industrielles,False,False,False,False,False,,,4,2025
H1210,Technicien / Technicienne R&D,True,,True,False,,1802,2667,4,2025
M1816,Technicien / Technicienne réseaux informatiques et télécoms,True,False,False,False,False,1802,2618,3,2025
I1312,Technicien / Technicienne réseaux mobiles,True,False,False,False,False,1820,2414,5,2025
H2710,Technicien / Technicienne responsable d'installation hydrogène,False,,True,False,False,,,4,2025
K2309,Technicien / Technicienne réutilisation recyclage,False,False,True,False,False,,,2,2025
C1124,Technicien / Technicienne sécurité sociale,,,False,False,,,,,
L1511,Technicien / Technicienne spectacle en site de divertissement,False,False,False,False,False,,,1,2025
H1108,Technicien / Technicienne support client en industrie,False,False,False,False,False,1820,3333,5,2025
L1519,Technicien / Technicienne vidéo,True,False,False,False,False,1820,2500,1,2025
K2313,Technicien chargé / Technicienne chargée de la police des eaux,False,False,True,False,,,,4,2025
I1325,Technicien-cuisiniste / Technicienne-cuisiniste en cuisines professionnelles,False,False,True,False,False,1840,2800,5,2025
H2704,Technicien démonteur / Technicienne démonteuse de batteries de véhicules électriques,False,False,True,False,False,,,4,2025
A1320,Technicien en foncier rural / Technicienne en foncier rural,False,False,True,False,False,,,,
I1612,Technicien expert / Technicienne experte après-vente automobile,False,False,True,False,False,1802,2667,5,2025
I1622,Technicien expert / Technicienne experte après-vente de véhicules de transport routier,False,False,False,False,False,1820,2500,5,2025
I1627,Technicien expert / Technicienne experte après vente motocycles,False,False,False,False,False,,,5,2025
A1311,Technicien forestier / Technicienne forestière,False,False,True,False,False,1802,2333,4,2025
I1408,Technicien-réparateur / Technicienne-réparatrice d'appareils photographiques,False,False,True,False,False,,,4,2025
B1815,Technicien voilier / Technicienne voilière,False,False,False,False,False,,,,
D1407,Technico-commercial / Technico-commerciale,False,False,False,,False,1802,3250,3,2025
D1441,Technico-commercial / Technico-commerciale de l'industrie et des services nautiques,False,False,False,False,False,,,,
D1418,Technico-commercial / Technico-commerciale produits bois,False,False,False,False,False,,,3,2025
M1613,Télésecrétaire,True,False,False,False,False,1802,2048,1,2025
K2603,Thanatopracteur / Thanatopractrice,,,False,,True,1953,2564,1,2025
B1816,Tisserand / Tisserande d'art,,,False,,,,,,
A1503,Toiletteur / Toiletteuse d'animaux,,,False,,,1802,1960,1,2025
I1621,Tôlier / Tôlière en carrosserie automobile,False,False,False,False,False,1802,2500,5,2025
H2210,Tonnelier / Tonnelière,False,False,False,False,False,1802,1972,5,2025
D1114,Torréfacteur / Torréfactrice,False,False,False,False,False,,,2,2025
D1120,Tourier / Tourière,,,False,,,,,,
C1301,Trader,,,False,True,,1802,2750,1,2025
E1108,Traducteur / Traductrice,False,False,False,,False,1833,2853,2,2025
E1407,Traffic manager,True,False,False,True,False,,,1,2025
E1122,Transcripteur adaptateur / Transcriptrice adaptatrice,False,False,False,False,False,,,2,2025
J1311,Transporteur / Transporteuse de produits de santé,False,False,False,False,False,,,4,2025
M1207,Trésorier / Trésorière,False,False,False,True,False,1833,4487,3,2025
B1611,Trieur / Trieuse de pierres et perles,False,False,False,False,True,,,4,2025
K1110,Tuteur / Tutrice aux majeurs protégés,False,,False,False,True,,,,
H2914,Tuyauteur / Tuyauteuse,,,False,,,1802,2275,5,2025
K1807,Urbaniste,False,False,True,True,False,1802,2773,,
M1857,Urbaniste Datacenter,True,False,False,True,False,,,2,2025
M1838,Urbaniste des systèmes d'information,True,False,False,True,False,2400,5000,4,2025
J1135,Urologue,False,False,False,True,True,,,5,2025
H2903,Usineur / Usineuse,,,False,,,1802,2333,5,2025
E1206,UX - UI Designer,True,,False,False,,2244,5000,1,2025
B1401,Vannier / Vannière,False,False,False,False,False,,,,
D1404,Vendeur / Vendeuse automobile,False,False,False,False,False,1802,2500,2,2025
D1219,Vendeur / Vendeuse conseil en jardinerie,False,False,True,False,False,1802,1900,1,2025
D1211,Vendeur / Vendeuse d'articles de sport et loisirs,,,False,,,1802,1929,1,2025
D1249,Vendeur / Vendeuse de cuisines,,,False,,,,,,
D1221,Vendeur / Vendeuse de produits culturels et ludiques,False,False,False,False,False,1802,1920,1,2025
D1246,Vendeur / Vendeuse en accessoires de la personne,,,False,,,,,,
D1210,Vendeur / Vendeuse en animalerie,False,False,False,False,False,1802,1972,1,2025
D1254,Vendeur / Vendeuse en articles de papeterie et loisirs créatifs,,,False,,,,,,
D1247,Vendeur / Vendeuse en articles de puériculture,,,False,,,,,,
C1210,Vendeur / Vendeuse en devises,,,False,,,,,,
D1106,Vendeur / Vendeuse en épicerie,,,False,,,1802,1974,2,2025
D1212,Vendeur / Vendeuse en équipement de la maison,,,False,,,1802,2000,1,2025
D1245,Vendeur / Vendeuse en parfumerie,,,False,,,,,,
D1214,Vendeur / Vendeuse en prêt-à-porter,,,False,,,1802,2000,1,2025
D1426,Vendeur / Vendeuse en véhicules de collection,False,False,False,False,False,,,2,2025
D1213,Vendeur / Vendeuse grossiste en équipement du foyer,False,False,False,False,False,1802,2083,1,2025
D1107,Vendeur / Vendeuse grossiste en produits frais,False,False,False,False,False,1802,2000,1,2025
D1110,Vendeur ambulant / Vendeuse ambulante,False,False,False,False,False,,,2,2025
D1251,Vendeur de tabac-presse / Vendeuse de tabac-presse,,,False,,True,,,,
H1305,Vérificateur / Vérificatrice de conformité industrielle,False,False,False,False,False,1802,3167,5,2025
A1504,Vétérinaire,False,False,False,True,True,1802,3914,5,2025
A1418,Viticulteur / Viticultrice,,,True,,,1802,2010,2,2025
B1618,Vitrailliste,,,False,,,,,,
G1708,Voiturier / Voiturière,False,False,False,False,False,1802,2070,3,2025
F1115,Vulcanologue,False,False,True,True,False,,,5,2025
E1210,Web designer,True,False,False,False,False,,,1,2025
G1302,Yield manager,,,False,True,,1848,3500,1,2025
