,romeCode,label,mainName,subDomain,DomainID
0,A1203,Agent / Agente d'entretien des espaces verts,Agent / Agente d'entretien des espaces verts,"Élevage, pêche",79
1,A1302,Agent / Agente de diagnostic et de contrôle en agriculture,Agent / Agente de diagnostic et de contrôle en agriculture,"Agriculture, sylviculture",79
2,N3116,Agent / Agente de service général maritime,Agent / Agente de service général maritime,"Élevage, pêche",79
3,A1444,Aide agricole en production fruitière,Aide agricole en production fruitière,"Agriculture, sylviculture",79
4,A1402,Aide agricole en production végétale,Aide agricole en production végétale,"Agriculture, sylviculture",79
5,A1403,Aide d'élevage agricole,Aide d'élevage agricole,"Élevage, pêche",79
6,A1428,Algoculteur / Algocultrice,Algoculteur / Algocultrice,"Élevage, pêche",79
7,A1429,Apiculteur / Apicultrice,Apiculteur / Apicultrice,"Élevage, pêche",79
8,A1404,Aquaculteur / Aquacultrice,Aquaculteur / Aquacultrice,"Élevage, pêche",79
9,A1405,Arboriculteur / Arboricultrice,Arboriculteur / Arboricultrice,"Agriculture, sylviculture",79
10,A1409,Aviculteur / Avicultrice,Aviculteur / Avicultrice,"Élevage, pêche",79
11,N3118,Bosco de la navigation maritime,Bosco de la navigation maritime,"Élevage, pêche",79
12,K2419,Botaniste,Botaniste,"Agriculture, sylviculture",79
13,A1201,Bûcheron / Bûcheronne,Bûcheron / Bûcheronne,"Agriculture, sylviculture",79
14,A1406,Capitaine de pêche,Capitaine de pêche,"Élevage, pêche",79
15,L1403,Cavalier / Cavalière d'entraînement,Cavalier / Cavalière d'entraînement,"Élevage, pêche",79
16,A1422,Caviste de chai,Caviste de chai,"Agriculture, sylviculture",79
17,A1437,Champignonniste,Champignonniste,"Agriculture, sylviculture",79
18,A1316,Chargé / Chargée de conservation ex-situ,Chargé / Chargée de conservation ex-situ,"Agriculture, sylviculture",79
19,A1321,Chargé / Chargée de mission thématique durable,Chargé / Chargée de mission thématique durable,"Agriculture, sylviculture",79
20,I1110,Chef / Cheffe d'atelier machines agricoles,Chef / Cheffe d'atelier machines agricoles,"Agriculture, sylviculture",79
21,A1207,Chef / Cheffe d'équipe de travaux de milieux naturels,Chef / Cheffe d'équipe de travaux de milieux naturels,"Agriculture, sylviculture",79
22,A1212,Chef / Cheffe d'équipe de travaux forestiers,Chef / Cheffe d'équipe de travaux forestiers,"Agriculture, sylviculture",79
23,A1420,Chef / Cheffe de culture responsable d'unité de production agricole,Chef / Cheffe de culture responsable d'unité de production agricole,"Agriculture, sylviculture",79
24,K2412,Chercheur / Chercheuse du monde aquatique,Chercheur / Chercheuse du monde aquatique,"Élevage, pêche",79
25,A1509,Comportementaliste animalier / Comportementaliste animalière,Comportementaliste animalier / Comportementaliste animalière,"Élevage, pêche",79
26,N4117,Conducteur / Conductrice d'attelage,Conducteur / Conductrice d'attelage,"Élevage, pêche",79
27,A1101,Conducteur / Conductrice d'engins agricoles,Conducteur / Conductrice d'engins agricoles,"Agriculture, sylviculture",79
28,A1102,Conducteur / Conductrice d'engins d'exploitation forestière,Conducteur / Conductrice d'engins d'exploitation forestière,"Agriculture, sylviculture",79
29,A1218,Conducteur / Conductrice de travaux de milieux naturels,Conducteur / Conductrice de travaux de milieux naturels,"Agriculture, sylviculture",79
30,A1436,Conducteur / Conductrice de travaux en entreprise de travaux agricoles,Conducteur / Conductrice de travaux en entreprise de travaux agricoles,"Agriculture, sylviculture",79
31,A1213,Conducteur / Conductrice de travaux forestiers,Conducteur / Conductrice de travaux forestiers,"Agriculture, sylviculture",79
32,A1221,Conducteur / Conductrice de travaux paysagers,Conducteur / Conductrice de travaux paysagers,"Agriculture, sylviculture",79
33,N4133,Conducteur / Conductrice de véhicule grumier,Conducteur / Conductrice de véhicule grumier,"Agriculture, sylviculture",79
34,I1328,Conseiller / Conseillère en hydraulique agricole,Conseiller / Conseillère en hydraulique agricole,"Agriculture, sylviculture",79
35,A1304,Conseiller / Conseillère technique agricole,Conseiller / Conseillère technique agricole,"Agriculture, sylviculture",79
36,A1401,Cueilleur / Cueilleuse de fruits,Cueilleur / Cueilleuse de fruits,"Agriculture, sylviculture",79
37,A1440,Cultivateur urbain / Cultivatrice urbaine,Cultivateur urbain / Cultivatrice urbaine,"Agriculture, sylviculture",79
38,A1512,Dentiste équin,Dentiste équin,"Agriculture, sylviculture",79
39,A1512,Dentiste équin,Dentiste équin,"Élevage, pêche",79
40,A1219,Directeur / Directrice espaces verts et biodiversité,Directeur / Directrice espaces verts et biodiversité,"Agriculture, sylviculture",79
41,A1426,Educateur canin / Educatrice canine,Educateur canin / Educatrice canine,"Élevage, pêche",79
42,A1209,Elagueur / Elagueuse,Elagueur / Elagueuse,"Agriculture, sylviculture",79
43,A1435,Eleveur / Eleveuse d'animaux de compagnie,Eleveur / Eleveuse d'animaux de compagnie,"Élevage, pêche",79
44,A1408,Eleveur / Eleveuse d'animaux sauvages,Eleveur / Eleveuse d'animaux sauvages,"Élevage, pêche",79
45,A1439,Eleveur / Eleveuse d'équidés,Eleveur / Eleveuse d'équidés,"Élevage, pêche",79
46,A1410,Eleveur / Eleveuse d'ovins,Eleveur / Eleveuse d'ovins,"Élevage, pêche",79
47,A1407,Eleveur / Eleveuse de bovins,Eleveur / Eleveuse de bovins,"Élevage, pêche",79
48,A1442,Eleveur / Eleveuse de lapins,Eleveur / Eleveuse de lapins,"Élevage, pêche",79
49,A1411,Eleveur / Eleveuse de porcins,Eleveur / Eleveuse de porcins,"Élevage, pêche",79
50,A1416,Exploitant / Exploitante agricole,Exploitant / Exploitante agricole,"Agriculture, sylviculture",79
51,A1416,Exploitant / Exploitante agricole,Exploitant / Exploitante agricole,"Élevage, pêche",79
52,A1412,Fromager-affineur / Fromagère-affineuse,Fromager-affineur / Fromagère-affineuse,"Élevage, pêche",79
53,A1204,Garde nature,Garde nature,"Agriculture, sylviculture",79
54,A1317,Gestionnaire d'aires marines protégées,Gestionnaire d'aires marines protégées,"Agriculture, sylviculture",79
55,A1427,Goémonier / Goémonière,Goémonier / Goémonière,"Élevage, pêche",79
56,A1314,Halieute,Halieute,"Agriculture, sylviculture",79
57,A1314,Halieute,Halieute,"Élevage, pêche",79
58,A1447,Herboriste,Herboriste,"Agriculture, sylviculture",79
59,A1414,Horticulteur / Horticultrice,Horticulteur / Horticultrice,"Agriculture, sylviculture",79
60,A1324,Ingénieur / Ingénieure biogaz,Ingénieur / Ingénieure biogaz,"Élevage, pêche",79
61,A1303,Ingénieur / Ingénieure d'études et de recherche agricoles,Ingénieur / Ingénieure d'études et de recherche agricoles,"Agriculture, sylviculture",79
62,A1319,Ingénieur / Ingénieure écologue,Ingénieur / Ingénieure écologue,"Agriculture, sylviculture",79
63,A1307,Ingénieur forestier / Ingénieure forestière,Ingénieur forestier / Ingénieure forestière,"Agriculture, sylviculture",79
64,A1208,Jardinier / Jardinière paysagiste,Jardinier / Jardinière paysagiste,"Agriculture, sylviculture",79
65,A1220,Jardinier / Jardinière paysagiste en terrain de sport,Jardinier / Jardinière paysagiste en terrain de sport,"Agriculture, sylviculture",79
66,N3114,Lamaneur / Lamaneuse,Lamaneur / Lamaneuse,"Élevage, pêche",79
67,F1707,Maçon / Maçonne du paysage,Maçon / Maçonne du paysage,"Agriculture, sylviculture",79
68,A1446,Maître / Maîtresse de chai,Maître / Maîtresse de chai,"Agriculture, sylviculture",79
69,A1433,Maraîcher / Maraîchère,Maraîcher / Maraîchère,"Agriculture, sylviculture",79
70,D1119,Mareyeur / Mareyeuse,Mareyeur / Mareyeuse,"Élevage, pêche",79
71,N3117,Marin de la plaisance professionnelle,Marin de la plaisance professionnelle,"Élevage, pêche",79
72,A1415,Marin-pêcheur,Marin-pêcheur,"Élevage, pêche",79
73,I1603,Mécanicien-réparateur / Mécanicienne-réparatrice en matériels agricoles,Mécanicien-réparateur / Mécanicienne-réparatrice en matériels agricoles,"Agriculture, sylviculture",79
74,I1603,Mécanicien-réparateur / Mécanicienne-réparatrice en matériels agricoles,Mécanicien-réparateur / Mécanicienne-réparatrice en matériels agricoles,"Élevage, pêche",79
75,A1423,Œnologue,Œnologue,"Agriculture, sylviculture",79
76,H2205,Opérateur / Opératrice de production en industrie du bois,Opérateur / Opératrice de production en industrie du bois,"Agriculture, sylviculture",79
77,A1323,Ornithologue,Ornithologue,"Agriculture, sylviculture",79
78,A1432,Osiériculteur / Osiéricultrice,Osiériculteur / Osiéricultrice,"Agriculture, sylviculture",79
79,A1430,Ouvrier / Ouvrière aquacole,Ouvrier / Ouvrière aquacole,"Élevage, pêche",79
80,A1202,Ouvrier / Ouvrière d'entretien des espaces naturels,Ouvrier / Ouvrière d'entretien des espaces naturels,"Agriculture, sylviculture",79
81,A1202,Ouvrier / Ouvrière d'entretien des espaces naturels,Ouvrier / Ouvrière d'entretien des espaces naturels,"Élevage, pêche",79
82,A1431,Ouvrier / Ouvrière piscicole,Ouvrier / Ouvrière piscicole,"Élevage, pêche",79
83,A1419,Ouvrier agricole polyvalent / Ouvrière agricole polyvalente,Ouvrier agricole polyvalent / Ouvrière agricole polyvalente,"Agriculture, sylviculture",79
84,A1419,Ouvrier agricole polyvalent / Ouvrière agricole polyvalente,Ouvrier agricole polyvalent / Ouvrière agricole polyvalente,"Élevage, pêche",79
85,A1210,Ouvrier forestier / Ouvrière forestière,Ouvrier forestier / Ouvrière forestière,"Agriculture, sylviculture",79
86,A1421,Palefrenier soigneur / Palefrenière soigneuse,Palefrenier soigneur / Palefrenière soigneuse,"Élevage, pêche",79
87,A1438,Pêcheur / Pêcheuse à pied,Pêcheur / Pêcheuse à pied,"Élevage, pêche",79
88,A1445,Pêcheur sous-marin / Pêcheuse sous-marine,Pêcheur sous-marin / Pêcheuse sous-marine,"Élevage, pêche",79
89,A1441,Pépiniériste,Pépiniériste,"Agriculture, sylviculture",79
90,A1424,Pisciculteur / Piscicultrice,Pisciculteur / Piscicultrice,"Élevage, pêche",79
91,A1510,Préparateur / Préparatrice d'équidés,Préparateur / Préparatrice d'équidés,"Élevage, pêche",79
92,A1425,Ramendeur / Ramendeuse,Ramendeur / Ramendeuse,"Élevage, pêche",79
93,H2216,Responsable de parc à grumes,Responsable de parc à grumes,"Agriculture, sylviculture",79
94,H2218,Responsable de production en industrie du bois,Responsable de production en industrie du bois,"Agriculture, sylviculture",79
95,H2217,Responsable de scierie,Responsable de scierie,"Agriculture, sylviculture",79
96,H3306,Responsable de silo,Responsable de silo,"Agriculture, sylviculture",79
97,A1417,Saliculteur / Salicultrice,Saliculteur / Salicultrice,"Agriculture, sylviculture",79
98,N3113,Steward yachting polyvalent / Steward yachting polyvalente,Steward yachting polyvalent / Steward yachting polyvalente,"Élevage, pêche",79
99,A1205,Sylviculteur / Sylvicultrice,Sylviculteur / Sylvicultrice,"Agriculture, sylviculture",79
100,A1434,Tabaculteur / Tabacultrice,Tabaculteur / Tabacultrice,"Agriculture, sylviculture",79
101,A1309,Technicien / Technicienne d'élevage équin,Technicien / Technicienne d'élevage équin,"Élevage, pêche",79
102,K2325,Technicien / Technicienne d'exploitation méthanisation,Technicien / Technicienne d'exploitation méthanisation,"Élevage, pêche",79
103,A1308,Technicien / Technicienne de l'insémination animale,Technicien / Technicienne de l'insémination animale,"Élevage, pêche",79
104,A1310,Technicien / Technicienne de production animale,Technicien / Technicienne de production animale,"Élevage, pêche",79
105,A1322,Technicien / Technicienne de rivière,Technicien / Technicienne de rivière,"Agriculture, sylviculture",79
106,A1318,Technicien / Technicienne de travaux de gestion de milieu naturel,Technicien / Technicienne de travaux de gestion de milieu naturel,"Agriculture, sylviculture",79
107,A1301,Technicien / Technicienne en agriculture,Technicien / Technicienne en agriculture,"Agriculture, sylviculture",79
108,A1315,Technicien / Technicienne naturaliste,Technicien / Technicienne naturaliste,"Agriculture, sylviculture",79
109,A1320,Technicien en foncier rural / Technicienne en foncier rural,Technicien en foncier rural / Technicienne en foncier rural,"Agriculture, sylviculture",79
110,A1311,Technicien forestier / Technicienne forestière,Technicien forestier / Technicienne forestière,"Agriculture, sylviculture",79
111,A1418,Viticulteur / Viticultrice,Viticulteur / Viticultrice,"Agriculture, sylviculture",79
112,G1231,Accompagnateur / Accompagnatrice nature,Accompagnateur / Accompagnatrice nature,Environnement,80
113,A1215,Agent / Agente d'aires marines protégées,Agent / Agente d'aires marines protégées,Environnement,80
114,A1203,Agent / Agente d'entretien des espaces verts,Agent / Agente d'entretien des espaces verts,Environnement,80
115,K2301,Agent / Agente d'exploitation des réseaux d'assainissement,Agent / Agente d'exploitation des réseaux d'assainissement,Environnement,80
116,K2318,Agent / Agente de déchèterie,Agent / Agente de déchèterie,Environnement,80
117,K2326,Agent / Agente de mise en fourrière animale,Agent / Agente de mise en fourrière animale,Environnement,80
118,K2307,Agent / Agente de propreté urbaine,Agent / Agente de propreté urbaine,Environnement,80
119,K2304,Agent / Agente de tri des déchets,Agent / Agente de tri des déchets,Environnement,80
120,K2310,Ambassadeur / Ambassadrice du tri,Ambassadeur / Ambassadrice du tri,Environnement,80
121,K1803,Animateur / Animatrice de développement régional,Animateur / Animatrice de développement régional,Environnement,80
122,G1106,Animateur / Animatrice du patrimoine,Animateur / Animatrice du patrimoine,Environnement,80
123,K2419,Botaniste,Botaniste,Environnement,80
124,A1306,Chargé / Chargée d'étude naturaliste,Chargé / Chargée d'étude naturaliste,Environnement,80
125,K1813,Chargé / Chargée de mission eaux pluviales,Chargé / Chargée de mission eaux pluviales,Environnement,80
126,A1313,Chargé / Chargée de mission environnement,Chargé / Chargée de mission environnement,Environnement,80
127,M1413,Chargé / Chargée de mission RSE - Responsabilité Sociétale de l'Entreprise,Chargé / Chargée de mission RSE - Responsabilité Sociétale de l'Entreprise,Environnement,80
128,A1321,Chargé / Chargée de mission thématique durable,Chargé / Chargée de mission thématique durable,Environnement,80
129,A1325,Chargé / Chargée de projet Biodiversité,Chargé / Chargée de projet Biodiversité,Environnement,80
130,K1811,Chargé / Chargée de projet en aménagement du territoire,Chargé / Chargée de projet en aménagement du territoire,Environnement,80
131,K2320,Chargé / Chargée du traitement des déchets,Chargé / Chargée du traitement des déchets,Environnement,80
132,H2919,Charpentier / Charpentière métallique en construction navale,Charpentier / Charpentière métallique en construction navale,Environnement,80
133,A1207,Chef / Cheffe d'équipe de travaux de milieux naturels,Chef / Cheffe d'équipe de travaux de milieux naturels,Environnement,80
134,F1207,Chef / Cheffe d'équipe travaux publics,Chef / Cheffe d'équipe travaux publics,Environnement,80
135,K2413,Chercheur / Chercheuse des écosystèmes,Chercheur / Chercheuse des écosystèmes,Environnement,80
136,K2420,Chercheur / Chercheuse du monde forestier,Chercheur / Chercheuse du monde forestier,Environnement,80
137,K2417,Chercheur / Chercheuse du monde marin,Chercheur / Chercheuse du monde marin,Environnement,80
138,K2421,Chercheur / Chercheuse du monde microbien et microbiologique,Chercheur / Chercheuse du monde microbien et microbiologique,Environnement,80
139,K2418,Chercheur animalier / Chercheuse animalière,Chercheur animalier / Chercheuse animalière,Environnement,80
140,F1302,Conducteur / Conductrice d'engins de chantier,Conducteur / Conductrice d'engins de chantier,Environnement,80
141,H2709,Conducteur / Conductrice d'installation d'incinération,Conducteur / Conductrice d'installation d'incinération,Environnement,80
142,N4118,Conducteur / Conductrice de matériel de collecte,Conducteur / Conductrice de matériel de collecte,Environnement,80
143,A1218,Conducteur / Conductrice de travaux de milieux naturels,Conducteur / Conductrice de travaux de milieux naturels,Environnement,80
144,A1213,Conducteur / Conductrice de travaux forestiers,Conducteur / Conductrice de travaux forestiers,Environnement,80
145,I1328,Conseiller / Conseillère en hydraulique agricole,Conseiller / Conseillère en hydraulique agricole,Environnement,80
146,M1411,Consultant / Consultante en énergie renouvelable,Consultant / Consultante en énergie renouvelable,Environnement,80
147,A1440,Cultivateur urbain / Cultivatrice urbaine,Cultivateur urbain / Cultivatrice urbaine,Environnement,80
148,I1504,Décontaminateur / Décontamineuse nucléaire et radiologique,Décontaminateur / Décontamineuse nucléaire et radiologique,Environnement,80
149,A1512,Dentiste équin,Dentiste équin,Environnement,80
150,I1508,Désamianteur / Désamianteuse,Désamianteur / Désamianteuse,Environnement,80
151,G1103,Directeur / Directrice d'espace naturel protégé,Directeur / Directrice d'espace naturel protégé,Environnement,80
152,M1306,Directeur / Directrice de bureau d'étude de la biodiversité,Directeur / Directrice de bureau d'étude de la biodiversité,Environnement,80
153,M1218,Directeur / Directrice de l'environnement de travail,Directeur / Directrice de l'environnement de travail,Environnement,80
154,A1312,Directeur / Directrice environnement,Directeur / Directrice environnement,Environnement,80
155,A1219,Directeur / Directrice espaces verts et biodiversité,Directeur / Directrice espaces verts et biodiversité,Environnement,80
156,G1240,Educateur / Educatrice nature environnement,Educateur / Educatrice nature environnement,Environnement,80
157,K1203,Educateur technique spécialisé / Educatrice technique spécialisée,Educateur technique spécialisé / Educatrice technique spécialisée,Environnement,80
158,K2321,Egoutier / Egoutière,Egoutier / Egoutière,Environnement,80
159,A1209,Elagueur / Elagueuse,Elagueur / Elagueuse,Environnement,80
160,G1210,Enseignant / Enseignante d'équitation,Enseignant / Enseignante d'équitation,Environnement,80
161,K2303,Equipier / Equipière de collecte de déchets,Equipier / Equipière de collecte de déchets,Environnement,80
162,K2324,Ferrailleur / Ferrailleuse de métal,Ferrailleur / Ferrailleuse de métal,Environnement,80
163,F1712,Ferrailleur / Ferrailleuse du BTP,Ferrailleur / Ferrailleuse du BTP,Environnement,80
164,A1204,Garde nature,Garde nature,Environnement,80
165,F1105,Géologue,Géologue,Environnement,80
166,M1895,Géomaticien / Géomaticienne,Géomaticien / Géomaticienne,Environnement,80
167,F1143,Géophysicien / Géophysicienne,Géophysicien / Géophysicienne,Environnement,80
168,F1128,Géotechnicien / Géotechnicienne,Géotechnicien / Géotechnicienne,Environnement,80
169,F1138,Géothermicien / Géothermicienne,Géothermicien / Géothermicienne,Environnement,80
170,F1123,Glaciologue,Glaciologue,Environnement,80
171,F1124,Hydrologue,Hydrologue,Environnement,80
172,A1324,Ingénieur / Ingénieure biogaz,Ingénieur / Ingénieure biogaz,Environnement,80
173,F1145,Ingénieur / Ingénieure en génie maritime,Ingénieur / Ingénieure en génie maritime,Environnement,80
174,K2312,Ingénieur / Ingénieure responsable propreté nettoiement,Ingénieur / Ingénieure responsable propreté nettoiement,Environnement,80
175,A1307,Ingénieur forestier / Ingénieure forestière,Ingénieur forestier / Ingénieure forestière,Environnement,80
176,H1301,Inspecteur / Inspectrice de conformité,Inspecteur / Inspectrice de conformité,Environnement,80
177,F1707,Maçon / Maçonne du paysage,Maçon / Maçonne du paysage,Environnement,80
178,G1242,Médiateur / Médiatrice scientifique,Médiateur / Médiatrice scientifique,Environnement,80
179,I1501,Opérateur / Opératrice cordiste,Opérateur / Opératrice cordiste,Environnement,80
180,I1507,Opérateur / Opératrice démantèlement nucléaire,Opérateur / Opératrice démantèlement nucléaire,Environnement,80
181,K2308,Opérateur / Opératrice de tri en récupération et revalorisation,Opérateur / Opératrice de tri en récupération et revalorisation,Environnement,80
182,A1323,Ornithologue,Ornithologue,Environnement,80
183,A1202,Ouvrier / Ouvrière d'entretien des espaces naturels,Ouvrier / Ouvrière d'entretien des espaces naturels,Environnement,80
184,A1214,Patrouilleur modeleur / Patrouilleuse modeleuse VTT,Patrouilleur modeleur / Patrouilleuse modeleuse VTT,Environnement,80
185,F1119,Pédologue,Pédologue,Environnement,80
186,I1512,Programmateur / Programmatrice des travaux sur cordes,Programmateur / Programmatrice des travaux sur cordes,Environnement,80
187,F1621,Ramoneur / Ramoneuse,Ramoneur / Ramoneuse,Environnement,80
188,G1243,Responsable d'éducation et d'animation à l'environnement,Responsable d'éducation et d'animation à l'environnement,Environnement,80
189,K2316,Responsable d'usine de production d'eau potable,Responsable d'usine de production d'eau potable,Environnement,80
190,K2302,Responsable de collecte de déchets,Responsable de collecte de déchets,Environnement,80
191,A1217,Responsable de gardes nature,Responsable de gardes nature,Environnement,80
192,K2311,Responsable de site de traitement des déchets,Responsable de site de traitement des déchets,Environnement,80
193,K2306,Responsable de site éco-industriel,Responsable de site éco-industriel,Environnement,80
194,A1216,Responsable de site naturel protégé,Responsable de site naturel protégé,Environnement,80
195,H1311,Responsable en santé environnementale,Responsable en santé environnementale,Environnement,80
196,M1410,Responsable Green IT,Responsable Green IT,Environnement,80
197,K2323,Responsable propreté urbaine,Responsable propreté urbaine,Environnement,80
198,M1406,Responsable RSE (Responsabilité Sociétale de l'Entreprise),Responsable RSE (Responsabilité Sociétale de l'Entreprise),Environnement,80
199,F1118,Sismologue,Sismologue,Environnement,80
200,I1506,Superviseur / Superviseuse cordiste,Superviseur / Superviseuse cordiste,Environnement,80
201,I1511,Technicien / Technicienne cordiste,Technicien / Technicienne cordiste,Environnement,80
202,K2317,Technicien / Technicienne d'exploitation d'eau potable,Technicien / Technicienne d'exploitation d'eau potable,Environnement,80
203,K2325,Technicien / Technicienne d'exploitation méthanisation,Technicien / Technicienne d'exploitation méthanisation,Environnement,80
204,K2314,Technicien / Technicienne de maintenance de systèmes d'irrigation,Technicien / Technicienne de maintenance de systèmes d'irrigation,Environnement,80
205,A1322,Technicien / Technicienne de rivière,Technicien / Technicienne de rivière,Environnement,80
206,I1514,Technicien / Technicienne en dépollution,Technicien / Technicienne en dépollution,Environnement,80
207,H1303,"Technicien / Technicienne en Hygiène, Sécurité, Environnement industriel (HSE)","Technicien / Technicienne en Hygiène, Sécurité, Environnement industriel (HSE)",Environnement,80
208,I1503,Technicien / Technicienne en risques technologiques,Technicien / Technicienne en risques technologiques,Environnement,80
209,K2322,Technicien / Technicienne en traitement des eaux,Technicien / Technicienne en traitement des eaux,Environnement,80
210,I1505,Technicien / Technicienne logistique combustible nucléaire,Technicien / Technicienne logistique combustible nucléaire,Environnement,80
211,A1315,Technicien / Technicienne naturaliste,Technicien / Technicienne naturaliste,Environnement,80
212,K2309,Technicien / Technicienne réutilisation recyclage,Technicien / Technicienne réutilisation recyclage,Environnement,80
213,K2313,Technicien chargé / Technicienne chargée de la police des eaux,Technicien chargé / Technicienne chargée de la police des eaux,Environnement,80
214,A1320,Technicien en foncier rural / Technicienne en foncier rural,Technicien en foncier rural / Technicienne en foncier rural,Environnement,80
215,A1311,Technicien forestier / Technicienne forestière,Technicien forestier / Technicienne forestière,Environnement,80
216,F1115,Vulcanologue,Vulcanologue,Environnement,80
217,I1634,Accastilleur / Accastilleuse,Accastilleur / Accastilleuse,Maintenance,81
218,A1203,Agent / Agente d'entretien des espaces verts,Agent / Agente d'entretien des espaces verts,Nettoyage,81
219,I1204,Agent / Agente d'entretien des piscines,Agent / Agente d'entretien des piscines,Nettoyage,81
220,I1203,Agent / Agente d'entretien du bâtiment,Agent / Agente d'entretien du bâtiment,Maintenance,81
221,I1202,Agent / Agente d'exploitation de la voirie,Agent / Agente d'exploitation de la voirie,Nettoyage,81
222,I1202,Agent / Agente d'exploitation de la voirie,Agent / Agente d'exploitation de la voirie,Maintenance,81
223,K2301,Agent / Agente d'exploitation des réseaux d'assainissement,Agent / Agente d'exploitation des réseaux d'assainissement,Maintenance,81
224,K2305,Agent / Agente de désinsectisation,Agent / Agente de désinsectisation,Nettoyage,81
225,I1207,Agent / Agente de maintenance de mobilier urbain et publicitaire,Agent / Agente de maintenance de mobilier urbain et publicitaire,Maintenance,81
226,I1409,Agent / Agente de maintenance en bureautique,Agent / Agente de maintenance en bureautique,Maintenance,81
227,I1633,Agent / Agente de maintenance nautique,Agent / Agente de maintenance nautique,Maintenance,81
228,K2204,Agent / Agente de nettoyage industriel,Agent / Agente de nettoyage industriel,Nettoyage,81
229,K2205,Agent / Agente de propreté de locaux,Agent / Agente de propreté de locaux,Nettoyage,81
230,I1210,Agent de maintenance qualifié / Agente de maintenance qualifiée en camping,Agent de maintenance qualifié / Agente de maintenance qualifiée en camping,Maintenance,81
231,I1637,Aménageur / Aménageuse de véhicules,Aménageur / Aménageuse de véhicules,Maintenance,81
232,I1301,Ascensoriste,Ascensoriste,Maintenance,81
233,K1718,Chargé / Chargée de navigation maritime sur navire militaire,Chargé / Chargée de navigation maritime sur navire militaire,Maintenance,81
234,H2919,Charpentier / Charpentière métallique en construction navale,Charpentier / Charpentière métallique en construction navale,Maintenance,81
235,I1308,Chauffagiste,Chauffagiste,Maintenance,81
236,I1332,Chef / Cheffe d'atelier de maintenance industrielle,Chef / Cheffe d'atelier de maintenance industrielle,Maintenance,81
237,I1333,Chef / Cheffe d'équipe d'installation industrielle,Chef / Cheffe d'équipe d'installation industrielle,Maintenance,81
238,I1206,Chef / Cheffe d'équipe en mobilier urbain et publicitaire,Chef / Cheffe d'équipe en mobilier urbain et publicitaire,Maintenance,81
239,A1211,Chef / Cheffe d'équipe paysagiste,Chef / Cheffe d'équipe paysagiste,Nettoyage,81
240,H2924,Conducteur / Conductrice de ligne de production en industrie métallurgique,Conducteur / Conductrice de ligne de production en industrie métallurgique,Maintenance,81
241,A1219,Directeur / Directrice espaces verts et biodiversité,Directeur / Directrice espaces verts et biodiversité,Nettoyage,81
242,N3211,Directeur de port / Directrice de port,Directeur de port / Directrice de port,Maintenance,81
243,A1209,Elagueur / Elagueuse,Elagueur / Elagueuse,Nettoyage,81
244,I1335,Electromécanicien / Electromécanicienne d'équipements industriels,Electromécanicien / Electromécanicienne d'équipements industriels,Maintenance,81
245,D1228,Employé / Employée de laverie automatique,Employé / Employée de laverie automatique,Nettoyage,81
246,I1306,Frigoriste,Frigoriste,Maintenance,81
247,I1313,Hydraulicien industriel / Hydraulicienne industrielle,Hydraulicien industriel / Hydraulicienne industrielle,Maintenance,81
248,I1102,Ingénieur / Ingénieure de maintenance industrielle,Ingénieur / Ingénieure de maintenance industrielle,Maintenance,81
249,K2312,Ingénieur / Ingénieure responsable propreté nettoiement,Ingénieur / Ingénieure responsable propreté nettoiement,Nettoyage,81
250,I1121,Ingénieur de maintenance / Ingénieure de maintenance,Ingénieur de maintenance / Ingénieure de maintenance,Maintenance,81
251,I1205,Installateur vérificateur / Installatrice vérificatrice d'extincteurs,Installateur vérificateur / Installatrice vérificatrice d'extincteurs,Maintenance,81
252,I1318,Instrumentiste Industriel / Industrielle,Instrumentiste Industriel / Industrielle,Maintenance,81
253,M1217,"Intendant / Intendante d'établissement scolaire (lycée, collège...)","Intendant / Intendante d'établissement scolaire (lycée, collège...)",Maintenance,81
254,A1208,Jardinier / Jardinière paysagiste,Jardinier / Jardinière paysagiste,Nettoyage,81
255,K2202,Laveur / Laveuse de vitres,Laveur / Laveuse de vitres,Nettoyage,81
256,D1242,Linger / Lingère,Linger / Lingère,Nettoyage,81
257,I1602,Mécanicien / Mécanicienne avion,Mécanicien / Mécanicienne avion,Maintenance,81
258,I1636,Mécanicien / Mécanicienne cabine,Mécanicien / Mécanicienne cabine,Maintenance,81
259,I1616,Mécanicien / Mécanicienne d'engins de chantier et de travaux publics,Mécanicien / Mécanicienne d'engins de chantier et de travaux publics,Maintenance,81
260,I1310,Mécanicien / Mécanicienne de maintenance industrielle,Mécanicien / Mécanicienne de maintenance industrielle,Maintenance,81
261,I1613,Mécanicien / Mécanicienne des véhicules des transports routiers,Mécanicien / Mécanicienne des véhicules des transports routiers,Maintenance,81
262,I1618,Mécanicien / Mécanicienne en matériels motorisés de parcs et jardins,Mécanicien / Mécanicienne en matériels motorisés de parcs et jardins,Maintenance,81
263,I1605,Mécanicien / Mécanicienne en mécanique marine ou navale,Mécanicien / Mécanicienne en mécanique marine ou navale,Maintenance,81
264,I1607,Mécanicien / Mécanicienne motocycles,Mécanicien / Mécanicienne motocycles,Maintenance,81
265,I1635,Mécanicien / Mécanicienne structure avion,Mécanicien / Mécanicienne structure avion,Maintenance,81
266,I1620,Mécanicien-réparateur / Mécanicienne-réparatrice d'engins de levage et de manutention,Mécanicien-réparateur / Mécanicienne-réparatrice d'engins de levage et de manutention,Maintenance,81
267,I1603,Mécanicien-réparateur / Mécanicienne-réparatrice en matériels agricoles,Mécanicien-réparateur / Mécanicienne-réparatrice en matériels agricoles,Maintenance,81
268,I1331,Nivoculteur / Nivocultrice,Nivoculteur / Nivocultrice,Maintenance,81
269,I1501,Opérateur / Opératrice cordiste,Opérateur / Opératrice cordiste,Maintenance,81
270,I1212,Opérateur / Opératrice d'installation ou maintenance industrielle,Opérateur / Opératrice d'installation ou maintenance industrielle,Maintenance,81
271,I1632,Opérateur / Opératrice de vérification des dispositifs embarqués Véhicules Légers VL,Opérateur / Opératrice de vérification des dispositifs embarqués Véhicules Légers VL,Maintenance,81
272,N3107,Pilote fluvial / Pilote fluviale,Pilote fluvial / Pilote fluviale,Nettoyage,81
273,N3107,Pilote fluvial / Pilote fluviale,Pilote fluvial / Pilote fluviale,Maintenance,81
274,I1502,Plongeur scaphandrier / Plongeuse scaphandrière,Plongeur scaphandrier / Plongeuse scaphandrière,Maintenance,81
275,I1601,Préparateur / Préparatrice de bateau,Préparateur / Préparatrice de bateau,Maintenance,81
276,I1512,Programmateur / Programmatrice des travaux sur cordes,Programmateur / Programmatrice des travaux sur cordes,Nettoyage,81
277,I1107,Responsable d'atelier de mécanique parcs et jardins,Responsable d'atelier de mécanique parcs et jardins,Maintenance,81
278,I1326,Responsable d'équipe maintenance,Responsable d'équipe maintenance,Maintenance,81
279,I1106,Responsable de maintenance réseaux des territoires connectés,Responsable de maintenance réseaux des territoires connectés,Maintenance,81
280,K2203,Responsable de secteur en propreté de locaux,Responsable de secteur en propreté de locaux,Nettoyage,81
281,D1304,Responsable de station de lavage,Responsable de station de lavage,Nettoyage,81
282,D1304,Responsable de station de lavage,Responsable de station de lavage,Maintenance,81
283,K2323,Responsable propreté urbaine,Responsable propreté urbaine,Nettoyage,81
284,K2323,Responsable propreté urbaine,Responsable propreté urbaine,Maintenance,81
285,I1506,Superviseur / Superviseuse cordiste,Superviseur / Superviseuse cordiste,Nettoyage,81
286,I1511,Technicien / Technicienne cordiste,Technicien / Technicienne cordiste,Nettoyage,81
287,I1329,Technicien / Technicienne d'exploitation et de maintenance des équipements audiovisuels,Technicien / Technicienne d'exploitation et de maintenance des équipements audiovisuels,Maintenance,81
288,I1324,Technicien / Technicienne d'installation d'équipements industriels,Technicien / Technicienne d'installation d'équipements industriels,Maintenance,81
289,I1316,"Technicien / Technicienne de maintenance Chauffage, Ventilation et Climatisation - CVC","Technicien / Technicienne de maintenance Chauffage, Ventilation et Climatisation - CVC",Maintenance,81
290,I1321,Technicien / Technicienne de maintenance d'éoliennes,Technicien / Technicienne de maintenance d'éoliennes,Nettoyage,81
291,I1321,Technicien / Technicienne de maintenance d'éoliennes,Technicien / Technicienne de maintenance d'éoliennes,Maintenance,81
292,I1302,Technicien / Technicienne de maintenance d'installations automatisées,Technicien / Technicienne de maintenance d'installations automatisées,Maintenance,81
293,I1303,Technicien / Technicienne de maintenance de distributeurs automatiques,Technicien / Technicienne de maintenance de distributeurs automatiques,Maintenance,81
294,K2314,Technicien / Technicienne de maintenance de systèmes d'irrigation,Technicien / Technicienne de maintenance de systèmes d'irrigation,Maintenance,81
295,I1402,Technicien / Technicienne de maintenance en appareils électroménagers,Technicien / Technicienne de maintenance en appareils électroménagers,Maintenance,81
296,I1327,Technicien / Technicienne de maintenance en matériel biomédical,Technicien / Technicienne de maintenance en matériel biomédical,Maintenance,81
297,I1323,Technicien / Technicienne de maintenance ferroviaire,Technicien / Technicienne de maintenance ferroviaire,Maintenance,81
298,I1304,Technicien / Technicienne de maintenance industrielle,Technicien / Technicienne de maintenance industrielle,Maintenance,81
299,H1246,Technicien / Technicienne en bureau d'études aéronautiques,Technicien / Technicienne en bureau d'études aéronautiques,Maintenance,81
300,I1503,Technicien / Technicienne en risques technologiques,Technicien / Technicienne en risques technologiques,Nettoyage,81
301,I1503,Technicien / Technicienne en risques technologiques,Technicien / Technicienne en risques technologiques,Maintenance,81
302,I1336,Technicien / Technicienne froid embarqué routier,Technicien / Technicienne froid embarqué routier,Maintenance,81
303,K2319,Technicien / Technicienne hygiéniste,Technicien / Technicienne hygiéniste,Nettoyage,81
304,I1305,Technicien / Technicienne installation et maintenance électronique,Technicien / Technicienne installation et maintenance électronique,Maintenance,81
305,I1325,Technicien-cuisiniste / Technicienne-cuisiniste en cuisines professionnelles,Technicien-cuisiniste / Technicienne-cuisiniste en cuisines professionnelles,Maintenance,81
306,I1408,Technicien-réparateur / Technicienne-réparatrice d'appareils photographiques,Technicien-réparateur / Technicienne-réparatrice d'appareils photographiques,Maintenance,81
307,B1815,Technicien voilier / Technicienne voilière,Technicien voilier / Technicienne voilière,Maintenance,81
308,G1231,Accompagnateur / Accompagnatrice nature,Accompagnateur / Accompagnatrice nature,Culture et patrimoine,82
309,G1248,Agent / Agente d'accueil en cinéma,Agent / Agente d'accueil en cinéma,Culture et patrimoine,82
310,A1215,Agent / Agente d'aires marines protégées,Agent / Agente d'aires marines protégées,Culture et patrimoine,82
311,K1803,Animateur / Animatrice de développement régional,Animateur / Animatrice de développement régional,Culture et patrimoine,82
312,G1106,Animateur / Animatrice du patrimoine,Animateur / Animatrice du patrimoine,Culture et patrimoine,82
313,K2125,Archéologue,Archéologue,Culture et patrimoine,82
314,K1613,Archiviste,Archiviste,Culture et patrimoine,82
315,K1603,Bibliothécaire,Bibliothécaire,Culture et patrimoine,82
316,K1808,Chargé / Chargée de développement culturel,Chargé / Chargée de développement culturel,Culture et patrimoine,82
317,K1605,Commissaire d'exposition,Commissaire d'exposition,Culture et patrimoine,82
318,K1612,Conservateur / Conservatrice d'archives,Conservateur / Conservatrice d'archives,Culture et patrimoine,82
319,K1607,Conservateur / Conservatrice des antiquités et objets d'art,Conservateur / Conservatrice des antiquités et objets d'art,Culture et patrimoine,82
320,K1602,Conservateur / Conservatrice du patrimoine,Conservateur / Conservatrice du patrimoine,Culture et patrimoine,82
321,K1604,Directeur / Directrice d'établissement culturel,Directeur / Directrice d'établissement culturel,Culture et patrimoine,82
322,K1608,Directeur / Directrice d'établissement patrimonial,Directeur / Directrice d'établissement patrimonial,Culture et patrimoine,82
323,K1614,Directeur / Directrice de médiathèque,Directeur / Directrice de médiathèque,Culture et patrimoine,82
324,K1601,Documentaliste,Documentaliste,Culture et patrimoine,82
325,H2207,Ebéniste,Ebéniste,Culture et patrimoine,82
326,G1240,Educateur / Educatrice nature environnement,Educateur / Educatrice nature environnement,Culture et patrimoine,82
327,D1233,Galeriste,Galeriste,Culture et patrimoine,82
328,A1204,Garde nature,Garde nature,Culture et patrimoine,82
329,A1317,Gestionnaire d'aires marines protégées,Gestionnaire d'aires marines protégées,Culture et patrimoine,82
330,G1201,Guide-accompagnateur / Guide-accompagnatrice,Guide-accompagnateur / Guide-accompagnatrice,Culture et patrimoine,82
331,G1222,Guide-conférencier / Guide-conférencière,Guide-conférencier / Guide-conférencière,Culture et patrimoine,82
332,G1227,Guide-interprète,Guide-interprète,Culture et patrimoine,82
333,K2140,Historien / Historienne,Historien / Historienne,Culture et patrimoine,82
334,G1242,Médiateur / Médiatrice scientifique,Médiateur / Médiatrice scientifique,Culture et patrimoine,82
335,B1102,Mosaïste d'art,Mosaïste d'art,Culture et patrimoine,82
336,K2411,Musicologue,Musicologue,Culture et patrimoine,82
337,A1323,Ornithologue,Ornithologue,Culture et patrimoine,82
338,G1225,Ouvreur / Ouvreuse de salle de spectacles,Ouvreur / Ouvreuse de salle de spectacles,Culture et patrimoine,82
339,K2415,Paléographe,Paléographe,Culture et patrimoine,82
340,K2414,Paléontologue,Paléontologue,Culture et patrimoine,82
341,K1610,Régisseur d'œuvres d'art / Régisseuse d'œuvres d'art,Régisseur d'œuvres d'art / Régisseuse d'œuvres d'art,Culture et patrimoine,82
342,G1243,Responsable d'éducation et d'animation à l'environnement,Responsable d'éducation et d'animation à l'environnement,Culture et patrimoine,82
343,A1217,Responsable de gardes nature,Responsable de gardes nature,Culture et patrimoine,82
344,G1249,Responsable de hall de cinéma,Responsable de hall de cinéma,Culture et patrimoine,82
345,K1606,Responsable de la conservation préventive,Responsable de la conservation préventive,Culture et patrimoine,82
346,A1216,Responsable de site naturel protégé,Responsable de site naturel protégé,Culture et patrimoine,82
347,A1322,Technicien / Technicienne de rivière,Technicien / Technicienne de rivière,Culture et patrimoine,82
348,K1609,Technicien / Technicienne en manipulation d'œuvres d'art,Technicien / Technicienne en manipulation d'œuvres d'art,Culture et patrimoine,82
349,H3302,Agent / Agente de conditionnement,Agent / Agente de conditionnement,Industrie - Alimentaire,83
350,H2105,Agent / Agente de production en industrie alimentaire,Agent / Agente de production en industrie alimentaire,Industrie - Alimentaire,83
351,H3307,Agent / Agente de silo,Agent / Agente de silo,Industrie - Alimentaire,83
352,K2419,Botaniste,Botaniste,Industrie - Alimentaire,83
353,H2108,Boulanger pâtissier industriel / Boulangère pâtissière industrielle,Boulanger pâtissier industriel / Boulangère pâtissière industrielle,Industrie - Alimentaire,83
354,A1413,Brasseur / Brasseuse de bière,Brasseur / Brasseuse de bière,Industrie - Alimentaire,83
355,A1422,Caviste de chai,Caviste de chai,Industrie - Alimentaire,83
356,H2515,Chef / Cheffe d'atelier en industrie de transformation,Chef / Cheffe d'atelier en industrie de transformation,Industrie - Alimentaire,83
357,H2504,Chef / Cheffe d'équipe en industrie,Chef / Cheffe d'équipe en industrie,Industrie - Alimentaire,83
358,D1111,Chef / Cheffe de laboratoire en charcuterie,Chef / Cheffe de laboratoire en charcuterie,Industrie - Alimentaire,83
359,H2506,Chef / Cheffe de production en industrie agroalimentaire,Chef / Cheffe de production en industrie agroalimentaire,Industrie - Alimentaire,83
360,D1112,Chef charcutier-traiteur / Cheffe charcutière-traiteuse,Chef charcutier-traiteur / Cheffe charcutière-traiteuse,Industrie - Alimentaire,83
361,D1117,Chef pâtissier / Cheffe pâtissière,Chef pâtissier / Cheffe pâtissière,Industrie - Alimentaire,83
362,D1115,Chocolatier / Chocolatière,Chocolatier / Chocolatière,Industrie - Alimentaire,83
363,A1443,Cidrier / Cidrière,Cidrier / Cidrière,Industrie - Alimentaire,83
364,H3301,Conducteur / Conductrice de ligne de conditionnement,Conducteur / Conductrice de ligne de conditionnement,Industrie - Alimentaire,83
365,H3305,Conducteur / Conductrice de machines de conditionnement,Conducteur / Conductrice de machines de conditionnement,Industrie - Alimentaire,83
366,H2102,Conducteur / Conductrice de machines en industrie alimentaire,Conducteur / Conductrice de machines en industrie alimentaire,Industrie - Alimentaire,83
367,H3303,Cuisinier / Cuisinière en industrie chimique,Cuisinier / Cuisinière en industrie chimique,Industrie - Alimentaire,83
368,H1244,Formulateur / Formulatrice de produits alimentaires,Formulateur / Formulatrice de produits alimentaires,Industrie - Alimentaire,83
369,A1412,Fromager-affineur / Fromagère-affineuse,Fromager-affineur / Fromagère-affineuse,Industrie - Alimentaire,83
370,H2104,Fromager industriel / Fromagère industrielle,Fromager industriel / Fromagère industrielle,Industrie - Alimentaire,83
371,D1118,Glacier / Glacière,Glacier / Glacière,Industrie - Alimentaire,83
372,A1303,Ingénieur / Ingénieure d'études et de recherche agricoles,Ingénieur / Ingénieure d'études et de recherche agricoles,Industrie - Alimentaire,83
373,A1446,Maître / Maîtresse de chai,Maître / Maîtresse de chai,Industrie - Alimentaire,83
374,D1119,Mareyeur / Mareyeuse,Mareyeur / Mareyeuse,Industrie - Alimentaire,83
375,A1423,Œnologue,Œnologue,Industrie - Alimentaire,83
376,H2107,Opérateur / Opératrice de préparation de poissons et produits de la mer,Opérateur / Opératrice de préparation de poissons et produits de la mer,Industrie - Alimentaire,83
377,H2103,Opérateur / Opératrice de transformation des viandes,Opérateur / Opératrice de transformation des viandes,Industrie - Alimentaire,83
378,H2101,Ouvrier / Ouvrière d'abattoir,Ouvrier / Ouvrière d'abattoir,Industrie - Alimentaire,83
379,D1104,Pâtissier / Pâtissière,Pâtissier / Pâtissière,Industrie - Alimentaire,83
380,H2109,Pilote d'installation automatisée en industrie alimentaire,Pilote d'installation automatisée en industrie alimentaire,Industrie - Alimentaire,83
381,N1113,Préparateur / Préparatrice au drive,Préparateur / Préparatrice au drive,Industrie - Alimentaire,83
382,H1242,Responsable de développement industriel en bioproduction,Responsable de développement industriel en bioproduction,Industrie - Alimentaire,83
383,H3306,Responsable de silo,Responsable de silo,Industrie - Alimentaire,83
384,H2106,Technicien / Technicienne de fabrication en industrie alimentaire,Technicien / Technicienne de fabrication en industrie alimentaire,Industrie - Alimentaire,83
385,D1120,Tourier / Tourière,Tourier / Tourière,Industrie - Alimentaire,83
386,I1634,Accastilleur / Accastilleuse,Accastilleur / Accastilleuse,Industries,84
387,M1101,Acheteur / Acheteuse,Acheteur / Acheteuse,Industries,84
388,H2918,Affûteur / Affûteuse d'outillage industriel,Affûteur / Affûteuse d'outillage industriel,Industries,84
389,H2219,Agent / Agente d'encadrement en ameublement,Agent / Agente d'encadrement en ameublement,Industries,84
390,H2801,Agent / Agente de fabrication du verre,Agent / Agente de fabrication du verre,Industries,84
391,H1214,Agent / Agente de laboratoire de recherche industrielle,Agent / Agente de laboratoire de recherche industrielle,Industries,84
392,I1633,Agent / Agente de maintenance nautique,Agent / Agente de maintenance nautique,Industries,84
393,H2220,Agent / Agente de montage en ameublement,Agent / Agente de montage en ameublement,Industries,84
394,F1706,Agent / Agente de préfabrication de l'industrie du béton,Agent / Agente de préfabrication de l'industrie du béton,Industries,84
395,H2810,Agent / Agente technique de centrale à enrobés,Agent / Agente technique de centrale à enrobés,Industries,84
396,H2901,Ajusteur-monteur / Ajusteuse-monteuse,Ajusteur-monteur / Ajusteuse-monteuse,Industries,84
397,A1505,Animalier / Animalière de laboratoire,Animalier / Animalière de laboratoire,Industries,84
398,H1308,Animateur / Animatrice en Hygiène Sécurité Environnement (HSE),Animateur / Animatrice en Hygiène Sécurité Environnement (HSE),Industries,84
399,F1144,Architecte naval / Architecte navale,Architecte naval / Architecte navale,Industries,84
400,H1241,Architecte système hydrogène,Architecte système hydrogène,Industries,84
401,I1301,Ascensoriste,Ascensoriste,Industries,84
402,H2909,Assembleur monteur / Assembleuse monteuse,Assembleur monteur / Assembleuse monteuse,Industries,84
403,H1508,Assureur / Assureuse qualité industrie,Assureur / Assureuse qualité industrie,Industries,84
404,H1515,Auditeur / Auditrice qualité en industrie,Auditeur / Auditrice qualité en industrie,Industries,84
405,H1208,Automaticien / Automaticienne en bureau d'études,Automaticien / Automaticienne en bureau d'études,Industries,84
406,H1215,"Bioinformaticien / Bioinformaticienne en études, recherche et développement","Bioinformaticien / Bioinformaticienne en études, recherche et développement",Industries,84
407,H1525,Biologiste de contrôle fabrication en industrie,Biologiste de contrôle fabrication en industrie,Industries,84
408,K2403,Biostatisticien / Biostatisticienne,Biostatisticien / Biostatisticienne,Industries,84
409,H2807,Bobineur / Bobineuse de fils et fibres de verre,Bobineur / Bobineuse de fils et fibres de verre,Industries,84
410,F1626,Calorifugeur / Calorifugeuse,Calorifugeur / Calorifugeuse,Industries,84
411,N1101,Cariste,Cariste,Industries,84
412,H1109,Chargé / Chargée d'affaires nucléaire,Chargé / Chargée d'affaires nucléaire,Industries,84
413,E1112,Chargé / Chargée de communication,Chargé / Chargée de communication,Industries,84
414,M1714,Chargé / Chargée de l'information promotionnelle du médicament en industrie pharmaceutique,Chargé / Chargée de l'information promotionnelle du médicament en industrie pharmaceutique,Industries,84
415,A1313,Chargé / Chargée de mission environnement,Chargé / Chargée de mission environnement,Industries,84
416,H1514,Chargé / Chargée de pharmacovigilance en industrie pharmaceutique,Chargé / Chargée de pharmacovigilance en industrie pharmaceutique,Industries,84
417,K2404,Chargé / Chargée de recherche en industrie pharmaceutique,Chargé / Chargée de recherche en industrie pharmaceutique,Industries,84
418,H1507,Chargé / Chargée des affaires réglementaires,Chargé / Chargée des affaires réglementaires,Industries,84
419,E1103,Chargé / Chargée des relations publiques,Chargé / Chargée des relations publiques,Industries,84
420,H1511,Chargé / Chargée de validation-qualification en industrie pharmaceutique,Chargé / Chargée de validation-qualification en industrie pharmaceutique,Industries,84
421,H2919,Charpentier / Charpentière métallique en construction navale,Charpentier / Charpentière métallique en construction navale,Industries,84
422,H2902,Chaudronnier / Chaudronnière,Chaudronnier / Chaudronnière,Industries,84
423,I1308,Chauffagiste,Chauffagiste,Industries,84
424,I1332,Chef / Cheffe d'atelier de maintenance industrielle,Chef / Cheffe d'atelier de maintenance industrielle,Industries,84
425,H2515,Chef / Cheffe d'atelier en industrie de transformation,Chef / Cheffe d'atelier en industrie de transformation,Industries,84
426,I1333,Chef / Cheffe d'équipe d'installation industrielle,Chef / Cheffe d'équipe d'installation industrielle,Industries,84
427,H2426,Chef / Cheffe d'équipe en atelier de coupe,Chef / Cheffe d'équipe en atelier de coupe,Industries,84
428,H2504,Chef / Cheffe d'équipe en industrie,Chef / Cheffe d'équipe en industrie,Industries,84
429,N1112,Chef / Cheffe d'équipe logistique,Chef / Cheffe d'équipe logistique,Industries,84
430,F1203,Chef / Cheffe de carrière,Chef / Cheffe de carrière,Industries,84
431,M1709,Chef / Cheffe de gamme en industrie pharmaceutique,Chef / Cheffe de gamme en industrie pharmaceutique,Industries,84
432,H3304,Chef / Cheffe de ligne conditionnement,Chef / Cheffe de ligne conditionnement,Industries,84
433,H1238,Chef / Cheffe de projet conception industrielle en mécanique,Chef / Cheffe de projet conception industrielle en mécanique,Industries,84
434,H1524,Chef / Cheffe de projet contrôle qualité,Chef / Cheffe de projet contrôle qualité,Industries,84
435,H1105,Chef de projets santé / Cheffe de projets santé,Chef de projets santé / Cheffe de projets santé,Industries,84
436,D1402,Commercial / Commerciale grands comptes et entreprises,Commercial / Commerciale grands comptes et entreprises,Industries,84
437,B1612,Concepteur / Conceptrice numérique en bijouterie joaillerie,Concepteur / Conceptrice numérique en bijouterie joaillerie,Industries,84
438,H2702,Conducteur / Conductrice de bloc nucléaire,Conducteur / Conductrice de bloc nucléaire,Industries,84
439,H3301,Conducteur / Conductrice de ligne de conditionnement,Conducteur / Conductrice de ligne de conditionnement,Industries,84
440,H2924,Conducteur / Conductrice de ligne de production en industrie métallurgique,Conducteur / Conductrice de ligne de production en industrie métallurgique,Industries,84
441,H2203,Conducteur / Conductrice de machines de fabrication de panneaux à base de bois,Conducteur / Conductrice de machines de fabrication de panneaux à base de bois,Industries,84
442,H2406,Conducteur / Conductrice de machines de traitement textile,Conducteur / Conductrice de machines de traitement textile,Industries,84
443,H2808,Conducteur / Conductrice de presses en production transformation du verre,Conducteur / Conductrice de presses en production transformation du verre,Industries,84
444,H2302,Conducteur / Conductrice de procédé de fabrication en industrie pharmaceutique,Conducteur / Conductrice de procédé de fabrication en industrie pharmaceutique,Industries,84
445,H1518,Consultant / Consultante qualité,Consultant / Consultante qualité,Industries,84
446,H1223,Coordinateur / Coordinatrice d'études cliniques en industrie pharmaceutique,Coordinateur / Coordinatrice d'études cliniques en industrie pharmaceutique,Industries,84
447,N1306,Coordonnateur / Coordonnatrice de projet logistique humanitaire,Coordonnateur / Coordonnatrice de projet logistique humanitaire,Industries,84
448,H2409,Coupeur / Coupeuse en industrie textile et matériaux souples,Coupeur / Coupeuse en industrie textile et matériaux souples,Industries,84
449,M1405,Data scientist,Data scientist,Industries,84
450,I1504,Décontaminateur / Décontamineuse nucléaire et radiologique,Décontaminateur / Décontamineuse nucléaire et radiologique,Industries,84
451,D1413,Délégué / Déléguée pharmaceutique,Délégué / Déléguée pharmaceutique,Industries,84
452,D1412,Délégué médical hospitalier / Déléguée médicale hospitalière,Délégué médical hospitalier / Déléguée médicale hospitalière,Industries,84
453,H1204,Designer,Designer,Industries,84
454,H1202,Dessinateur / Dessinatrice en électricité-électronique,Dessinateur / Dessinatrice en électricité-électronique,Industries,84
455,H1203,Dessinateur-projeteur / Dessinatrice-projeteuse en mécanique,Dessinateur-projeteur / Dessinatrice-projeteuse en mécanique,Industries,84
456,M1303,Directeur / Directrice de filiale,Directeur / Directrice de filiale,Industries,84
457,M1708,Directeur / Directrice de l'accès au marché en industrie pharmaceutique,Directeur / Directrice de l'accès au marché en industrie pharmaceutique,Industries,84
458,E1109,Directeur / Directrice de la communication,Directeur / Directrice de la communication,Industries,84
459,H2510,Directeur / Directrice de production industrielle,Directeur / Directrice de production industrielle,Industries,84
460,K2406,Directeur / Directrice de recherche en industrie pharmaceutique,Directeur / Directrice de recherche en industrie pharmaceutique,Industries,84
461,M1102,Directeur / Directrice des achats,Directeur / Directrice des achats,Industries,84
462,H1512,Directeur / Directrice de zone en industrie pharmaceutique,Directeur / Directrice de zone en industrie pharmaceutique,Industries,84
463,A1312,Directeur / Directrice environnement,Directeur / Directrice environnement,Industries,84
464,N1304,Directeur / Directrice logistique,Directeur / Directrice logistique,Industries,84
465,M1301,Dirigeant / Dirigeante d'entreprise privée,Dirigeant / Dirigeante d'entreprise privée,Industries,84
466,K1601,Documentaliste,Documentaliste,Industries,84
467,I1309,Electricien / Electricienne de maintenance,Electricien / Electricienne de maintenance,Industries,84
468,I1335,Electromécanicien / Electromécanicienne d'équipements industriels,Electromécanicien / Electromécanicienne d'équipements industriels,Industries,84
469,I1334,Electronicien / Electronicienne de maintenance aéronautique,Electronicien / Electronicienne de maintenance aéronautique,Industries,84
470,H3308,Emballeur industriel / Emballeuse industrielle,Emballeur industriel / Emballeuse industrielle,Industries,84
471,M1412,Ergonome,Ergonome,Industries,84
472,M1856,Expert / Experte en cybersécurité,Expert / Experte en cybersécurité,Industries,84
473,H1516,Expert / Experte métrologue,Expert / Experte métrologue,Industries,84
474,M1305,Fablab Manager,Fablab Manager,Industries,84
475,H2907,Fondeur / Fondeuse en métallurgie,Fondeur / Fondeuse en métallurgie,Industries,84
476,F1401,Foreur / Foreuse,Foreur / Foreuse,Industries,84
477,F1403,Foreur / Foreuse pétrole et gaz,Foreur / Foreuse pétrole et gaz,Industries,84
478,H2904,Forgeron industriel / Forgeronne industrielle,Forgeron industriel / Forgeronne industrielle,Industries,84
479,I1306,Frigoriste,Frigoriste,Industries,84
480,H1403,Gestionnaire de flux de production,Gestionnaire de flux de production,Industries,84
481,I1313,Hydraulicien industriel / Hydraulicienne industrielle,Hydraulicien industriel / Hydraulicienne industrielle,Industries,84
482,H1212,Ingénieur / Ingénieure brevet en industrie,Ingénieur / Ingénieure brevet en industrie,Industries,84
483,F1122,Ingénieur / Ingénieure Chantier nucléaire,Ingénieur / Ingénieure Chantier nucléaire,Industries,84
484,H1533,Ingénieur / Ingénieure CND END,Ingénieur / Ingénieure CND END,Industries,84
485,H1102,Ingénieur / Ingénieure d'affaires en industrie,Ingénieur / Ingénieure d'affaires en industrie,Industries,84
486,H1534,Ingénieur / Ingénieure d'analyse industrielle,Ingénieur / Ingénieure d'analyse industrielle,Industries,84
487,F1212,Ingénieur / Ingénieure d'exploitation de gisements,Ingénieur / Ingénieure d'exploitation de gisements,Industries,84
488,H2509,Ingénieur / Ingénieure de fonderie ou de forge,Ingénieur / Ingénieure de fonderie ou de forge,Industries,84
489,H1410,Ingénieur / Ingénieure de gestion de la production,Ingénieur / Ingénieure de gestion de la production,Industries,84
490,I1102,Ingénieur / Ingénieure de maintenance industrielle,Ingénieur / Ingénieure de maintenance industrielle,Industries,84
491,F1116,Ingénieur / Ingénieure démantèlement et assainissement,Ingénieur / Ingénieure démantèlement et assainissement,Industries,84
492,H2502,Ingénieur / Ingénieure de production,Ingénieur / Ingénieure de production,Industries,84
493,H2514,Ingénieur / Ingénieure en génie des matériaux,Ingénieur / Ingénieure en génie des matériaux,Industries,84
494,H1230,Ingénieur / Ingénieure essais vérification et validation (V&V) en milieu nucléaire,Ingénieur / Ingénieure essais vérification et validation (V&V) en milieu nucléaire,Industries,84
495,F1141,Ingénieur / Ingénieure études conception électrique,Ingénieur / Ingénieure études conception électrique,Industries,84
496,H2508,Ingénieur / Ingénieure exploitation nucléaire,Ingénieur / Ingénieure exploitation nucléaire,Industries,84
497,H1302,"Ingénieur / Ingénieure Hygiène, Sécurité et Environnement en industrie (HSE)","Ingénieur / Ingénieure Hygiène, Sécurité et Environnement en industrie (HSE)",Industries,84
498,H1402,Ingénieur / Ingénieure méthodes et process,Ingénieur / Ingénieure méthodes et process,Industries,84
499,H1206,Ingénieur / Ingénieure R&D en industrie,Ingénieur / Ingénieure R&D en industrie,Industries,84
500,F1129,Ingénieur / Ingénieure réservoir,Ingénieur / Ingénieure réservoir,Industries,84
501,H1409,Ingénieur / Ingénieure soudage,Ingénieur / Ingénieure soudage,Industries,84
502,H1406,Ingénieur / Ingénieure supply chain en industrie,Ingénieur / Ingénieure supply chain en industrie,Industries,84
503,H1306,Ingénieur / Ingénieure sûreté en industrie nucléaire,Ingénieur / Ingénieure sûreté en industrie nucléaire,Industries,84
504,I1121,Ingénieur de maintenance / Ingénieure de maintenance,Ingénieur de maintenance / Ingénieure de maintenance,Industries,84
505,H1520,Ingénieur qualité / Ingénieure qualité,Ingénieur qualité / Ingénieure qualité,Industries,84
506,H1312,Inspecteur / Inspectrice de sites industriels,Inspecteur / Inspectrice de sites industriels,Industries,84
507,I1318,Instrumentiste Industriel / Industrielle,Instrumentiste Industriel / Industrielle,Industries,84
508,B1607,Lapidaire - Diamantaire,Lapidaire - Diamantaire,Industries,84
509,H3411,Laqueur industriel / Laqueuse industrielle,Laqueur industriel / Laqueuse industrielle,Industries,84
510,N1110,Magasinier / Magasinière,Magasinier / Magasinière,Industries,84
511,N1105,Manutentionnaire,Manutentionnaire,Industries,84
512,I1616,Mécanicien / Mécanicienne d'engins de chantier et de travaux publics,Mécanicien / Mécanicienne d'engins de chantier et de travaux publics,Industries,84
513,I1310,Mécanicien / Mécanicienne de maintenance industrielle,Mécanicien / Mécanicienne de maintenance industrielle,Industries,84
514,I1605,Mécanicien / Mécanicienne en mécanique marine ou navale,Mécanicien / Mécanicienne en mécanique marine ou navale,Industries,84
515,I1620,Mécanicien-réparateur / Mécanicienne-réparatrice d'engins de levage et de manutention,Mécanicien-réparateur / Mécanicienne-réparatrice d'engins de levage et de manutention,Industries,84
516,H1245,Mécatronicien / Mécatronicienne,Mécatronicien / Mécatronicienne,Industries,84
517,H2908,Modeleur / Modeleuse,Modeleur / Modeleuse,Industries,84
518,H2411,Monteur / Monteuse prototypiste cuir et matériaux souples,Monteur / Monteuse prototypiste cuir et matériaux souples,Industries,84
519,H2605,Monteur-câbleur / Monteuse-câbleuse,Monteur-câbleur / Monteuse-câbleuse,Industries,84
520,H3203,Mouleur-stratifieur / Mouleuse-stratifieuse,Mouleur-stratifieur / Mouleuse-stratifieuse,Industries,84
521,I1501,Opérateur / Opératrice cordiste,Opérateur / Opératrice cordiste,Industries,84
522,I1212,Opérateur / Opératrice d'installation ou maintenance industrielle,Opérateur / Opératrice d'installation ou maintenance industrielle,Industries,84
523,H2303,Opérateur / Opératrice de fabrication en industrie pharmaceutique,Opérateur / Opératrice de fabrication en industrie pharmaceutique,Industries,84
524,H2802,Opérateur / Opératrice de fabrication en matériaux de construction,Opérateur / Opératrice de fabrication en matériaux de construction,Industries,84
525,H2410,Opérateur / Opératrice de finition en industrie du textile,Opérateur / Opératrice de finition en industrie du textile,Industries,84
526,H1531,Opérateur / Opératrice de laboratoire d'analyse industrielle,Opérateur / Opératrice de laboratoire d'analyse industrielle,Industries,84
527,I1507,Opérateur / Opératrice démantèlement nucléaire,Opérateur / Opératrice démantèlement nucléaire,Industries,84
528,H2809,Opérateur / Opératrice de poste centralisé en cimenterie,Opérateur / Opératrice de poste centralisé en cimenterie,Industries,84
529,H2706,Opérateur / Opératrice de production en énergie nucléaire,Opérateur / Opératrice de production en énergie nucléaire,Industries,84
530,H3401,Opérateur / Opératrice de traitement d'abrasion de surface,Opérateur / Opératrice de traitement d'abrasion de surface,Industries,84
531,H3402,Opérateur / Opératrice de traitement de surface,Opérateur / Opératrice de traitement de surface,Industries,84
532,B1603,Opérateur / Opératrice en bijouterie,Opérateur / Opératrice en bijouterie,Industries,84
533,H2906,Opérateur / Opératrice en fabrication mécanique,Opérateur / Opératrice en fabrication mécanique,Industries,84
534,H2803,Opérateur / Opératrice en Industrie Céramique,Opérateur / Opératrice en Industrie Céramique,Industries,84
535,H3406,Opérateur / Opératrice en polissage de bijouterie ou d'orfèvrerie,Opérateur / Opératrice en polissage de bijouterie ou d'orfèvrerie,Industries,84
536,H2407,Opérateur / Opératrice sur machine de transformation et de finition des cuirs et peaux,Opérateur / Opératrice sur machine de transformation et de finition des cuirs et peaux,Industries,84
537,F1506,Ouvrier / Ouvrière de la construction modulaire hors-site,Ouvrier / Ouvrière de la construction modulaire hors-site,Industries,84
538,H2921,Ouvrier / Ouvrière de montage en construction automobile,Ouvrier / Ouvrière de montage en construction automobile,Industries,84
539,H3404,Peintre industriel / Peintre industrielle,Peintre industriel / Peintre industrielle,Industries,84
540,H2804,Pilote de centrale de béton,Pilote de centrale de béton,Industries,84
541,H2705,Pilote de ligne de production de composants et de cellules pour batteries de véhicules électriques,Pilote de ligne de production de composants et de cellules pour batteries de véhicules électriques,Industries,84
542,H2811,Plieur / Plieuse de verre plat,Plieur / Plieuse de verre plat,Industries,84
543,H3405,Polisseur / Polisseuse en bijouterie ou joaillerie ou orfèvrerie,Polisseur / Polisseuse en bijouterie ou joaillerie ou orfèvrerie,Industries,84
544,H3409,Polisseur / Polisseuse sur verre,Polisseur / Polisseuse sur verre,Industries,84
545,I1601,Préparateur / Préparatrice de bateau,Préparateur / Préparatrice de bateau,Industries,84
546,N1103,Préparateur / Préparatrice de commandes,Préparateur / Préparatrice de commandes,Industries,84
547,H3309,Préparateur / Préparatrice de mélange en industrie,Préparateur / Préparatrice de mélange en industrie,Industries,84
548,I1512,Programmateur / Programmatrice des travaux sur cordes,Programmateur / Programmatrice des travaux sur cordes,Industries,84
549,H1408,Programmeur / Programmeuse en Conception de Fabrication Assistée par Ordinateur (CFAO),Programmeur / Programmeuse en Conception de Fabrication Assistée par Ordinateur (CFAO),Industries,84
550,H2920,Prototypiste en mécanique,Prototypiste en mécanique,Industries,84
551,H1207,Rédacteur / Rédactrice technique,Rédacteur / Rédactrice technique,Industries,84
552,H1226,Rédacteur médical / Rédactrice médicale en industrie pharmaceutique,Rédacteur médical / Rédactrice médicale en industrie pharmaceutique,Industries,84
553,H2912,Régleur / Régleuse d'équipements industriels,Régleur / Régleuse d'équipements industriels,Industries,84
554,H1103,Responsable d'affaires en industrie pharmaceutique,Responsable d'affaires en industrie pharmaceutique,Industries,84
555,M1713,Responsable d'associations de patients en industrie pharmaceutique,Responsable d'associations de patients en industrie pharmaceutique,Industries,84
556,H2511,Responsable d'atelier de blanchisserie industrielle,Responsable d'atelier de blanchisserie industrielle,Industries,84
557,I1326,Responsable d'équipe maintenance,Responsable d'équipe maintenance,Industries,84
558,F1211,Responsable d'exploitation de gisements pétrole et gaz,Responsable d'exploitation de gisements pétrole et gaz,Industries,84
559,H2503,Responsable d'îlot de production,Responsable d'îlot de production,Industries,84
560,H1532,Responsable de contrôle non destructif en industrie,Responsable de contrôle non destructif en industrie,Industries,84
561,H1242,Responsable de développement industriel en bioproduction,Responsable de développement industriel en bioproduction,Industries,84
562,H1501,Responsable de laboratoire d'analyse industrielle,Responsable de laboratoire d'analyse industrielle,Industries,84
563,H1517,Responsable de laboratoire de contrôle en industrie pharmaceutique,Responsable de laboratoire de contrôle en industrie pharmaceutique,Industries,84
564,H1307,Responsable de la conformité industrielle,Responsable de la conformité industrielle,Industries,84
565,M1407,Responsable de la veille scientifique et technique en industrie pharmaceutique,Responsable de la veille scientifique et technique en industrie pharmaceutique,Industries,84
566,H2507,Responsable de ligne de production industrielle,Responsable de ligne de production industrielle,Industries,84
567,M1302,Responsable de Petite ou Moyenne Entreprise -PME-,Responsable de Petite ou Moyenne Entreprise -PME-,Industries,84
568,H1513,Responsable de pharmacovigilance en industrie pharmaceutique,Responsable de pharmacovigilance en industrie pharmaceutique,Industries,84
569,H1218,Responsable de projet recherche et développement,Responsable de projet recherche et développement,Industries,84
570,H1509,Responsable des affaires règlementaires en industrie pharmaceutique,Responsable des affaires règlementaires en industrie pharmaceutique,Industries,84
571,H1527,Responsable de sécurité industrielle,Responsable de sécurité industrielle,Industries,84
572,H1234,Responsable de service de rédaction technique,Responsable de service de rédaction technique,Industries,84
573,H1216,Responsable des études épidémiologiques,Responsable des études épidémiologiques,Industries,84
574,M1408,Responsable des études pharmaco-économiques en industrie pharmaceutique,Responsable des études pharmaco-économiques en industrie pharmaceutique,Industries,84
575,K2306,Responsable de site éco-industriel,Responsable de site éco-industriel,Industries,84
576,H1213,Responsable du développement clinique en industrie pharmaceutique,Responsable du développement clinique en industrie pharmaceutique,Industries,84
577,D1411,Responsable Efficacité Commerciale (SFE) en industrie pharmaceutique,Responsable Efficacité Commerciale (SFE) en industrie pharmaceutique,Industries,84
578,N1302,Responsable entrepôt logistique,Responsable entrepôt logistique,Industries,84
579,H1519,Responsable éthique-déontologie-conformité en industrie pharmaceutique,Responsable éthique-déontologie-conformité en industrie pharmaceutique,Industries,84
580,H1220,Responsable formulation en industrie pharmaceutique,Responsable formulation en industrie pharmaceutique,Industries,84
581,H1304,Responsable Hygiène Sécurité Environnement (HSE) en industrie,Responsable Hygiène Sécurité Environnement (HSE) en industrie,Industries,84
582,N1301,Responsable logistique,Responsable logistique,Industries,84
583,H1222,Responsable médical / Responsable médicale des études cliniques en industrie pharmaceutique,Responsable médical / Responsable médicale des études cliniques en industrie pharmaceutique,Industries,84
584,J1106,Responsable médical / Responsable médicale en région (RMR-MSL) en industrie pharmaceutique,Responsable médical / Responsable médicale en région (RMR-MSL) en industrie pharmaceutique,Industries,84
585,H1407,Responsable méthodes-industrialisation,Responsable méthodes-industrialisation,Industries,84
586,H1219,Responsable opérationnel / Responsable opérationnelle des études cliniques en industrie pharmaceutique,Responsable opérationnel / Responsable opérationnelle des études cliniques en industrie pharmaceutique,Industries,84
587,H1401,Responsable ordonnancement-lancement-planification en industrie,Responsable ordonnancement-lancement-planification en industrie,Industries,84
588,H1502,Responsable qualité en industrie,Responsable qualité en industrie,Industries,84
589,H1523,Responsable Qualité Sécurité Environnement -QSE- en industrie,Responsable Qualité Sécurité Environnement -QSE- en industrie,Industries,84
590,M1710,Responsable régional / Responsable régionale des relations scientifiques médicales,Responsable régional / Responsable régionale des relations scientifiques médicales,Industries,84
591,H1310,Responsable sécurité sanitaire en agroalimentaire,Responsable sécurité sanitaire en agroalimentaire,Industries,84
592,H1405,Responsable supply chain en industrie,Responsable supply chain en industrie,Industries,84
593,H2913,Soudeur / Soudeuse,Soudeur / Soudeuse,Industries,84
594,I1506,Superviseur / Superviseuse cordiste,Superviseur / Superviseuse cordiste,Industries,84
595,F1612,Tailleur / Tailleuse de pierre,Tailleur / Tailleuse de pierre,Industries,84
596,I1511,Technicien / Technicienne cordiste,Technicien / Technicienne cordiste,Industries,84
597,H2701,Technicien / Technicienne d'exploitation en production d'énergie thermique,Technicien / Technicienne d'exploitation en production d'énergie thermique,Industries,84
598,H2708,Technicien / Technicienne d'exploitation nucléaire,Technicien / Technicienne d'exploitation nucléaire,Industries,84
599,I1324,Technicien / Technicienne d'installation d'équipements industriels,Technicien / Technicienne d'installation d'équipements industriels,Industries,84
600,F1404,Technicien / Technicienne de forage pétrole et gaz,Technicien / Technicienne de forage pétrole et gaz,Industries,84
601,H2805,Technicien / Technicienne de l'industrie du verre,Technicien / Technicienne de l'industrie du verre,Industries,84
602,H1503,Technicien / Technicienne de laboratoire d'analyse industrielle,Technicien / Technicienne de laboratoire d'analyse industrielle,Industries,84
603,H1510,Technicien / Technicienne de laboratoire de contrôle en industrie pharmaceutique,Technicien / Technicienne de laboratoire de contrôle en industrie pharmaceutique,Industries,84
604,H1224,Technicien / Technicienne de laboratoire de recherche-développement,Technicien / Technicienne de laboratoire de recherche-développement,Industries,84
605,I1316,"Technicien / Technicienne de maintenance Chauffage, Ventilation et Climatisation - CVC","Technicien / Technicienne de maintenance Chauffage, Ventilation et Climatisation - CVC",Industries,84
606,I1321,Technicien / Technicienne de maintenance d'éoliennes,Technicien / Technicienne de maintenance d'éoliennes,Industries,84
607,I1320,Technicien / Technicienne de maintenance d'équipements connectés,Technicien / Technicienne de maintenance d'équipements connectés,Industries,84
608,I1302,Technicien / Technicienne de maintenance d'installations automatisées,Technicien / Technicienne de maintenance d'installations automatisées,Industries,84
609,I1327,Technicien / Technicienne de maintenance en matériel biomédical,Technicien / Technicienne de maintenance en matériel biomédical,Industries,84
610,I1304,Technicien / Technicienne de maintenance industrielle,Technicien / Technicienne de maintenance industrielle,Industries,84
611,H2516,Technicien / Technicienne de production du travail des métaux,Technicien / Technicienne de production du travail des métaux,Industries,84
612,H1521,Technicien / Technicienne de validation-qualification,Technicien / Technicienne de validation-qualification,Industries,84
613,H1243,Technicien / Technicienne en bioproduction,Technicien / Technicienne en bioproduction,Industries,84
614,H1235,Technicien / Technicienne en conception industrielle en mécanique,Technicien / Technicienne en conception industrielle en mécanique,Industries,84
615,H1522,Technicien / Technicienne en contrôles et essais non destructifs (CND END),Technicien / Technicienne en contrôles et essais non destructifs (CND END),Industries,84
616,H1303,"Technicien / Technicienne en Hygiène, Sécurité, Environnement industriel (HSE)","Technicien / Technicienne en Hygiène, Sécurité, Environnement industriel (HSE)",Industries,84
617,H1309,Technicien / Technicienne en radioprotection,Technicien / Technicienne en radioprotection,Industries,84
618,H2707,Technicien / Technicienne essais en industrie nucléaire,Technicien / Technicienne essais en industrie nucléaire,Industries,84
619,H1217,Technicien / Technicienne formulation en industrie pharmaceutique,Technicien / Technicienne formulation en industrie pharmaceutique,Industries,84
620,I1336,Technicien / Technicienne froid embarqué routier,Technicien / Technicienne froid embarqué routier,Industries,84
621,H2806,Technicien / Technicienne fusion en industrie verrière,Technicien / Technicienne fusion en industrie verrière,Industries,84
622,I1305,Technicien / Technicienne installation et maintenance électronique,Technicien / Technicienne installation et maintenance électronique,Industries,84
623,I1505,Technicien / Technicienne logistique combustible nucléaire,Technicien / Technicienne logistique combustible nucléaire,Industries,84
624,H1404,Technicien / Technicienne méthodes,Technicien / Technicienne méthodes,Industries,84
625,H1528,Technicien / Technicienne qualité en industrie,Technicien / Technicienne qualité en industrie,Industries,84
626,H1526,Technicien / Technicienne qualité-surveillance d'installations industrielles,Technicien / Technicienne qualité-surveillance d'installations industrielles,Industries,84
627,H1210,Technicien / Technicienne R&D,Technicien / Technicienne R&D,Industries,84
628,H2710,Technicien / Technicienne responsable d'installation hydrogène,Technicien / Technicienne responsable d'installation hydrogène,Industries,84
629,H1108,Technicien / Technicienne support client en industrie,Technicien / Technicienne support client en industrie,Industries,84
630,B1815,Technicien voilier / Technicienne voilière,Technicien voilier / Technicienne voilière,Industries,84
631,B1611,Trieur / Trieuse de pierres et perles,Trieur / Trieuse de pierres et perles,Industries,84
632,H2903,Usineur / Usineuse,Usineur / Usineuse,Industries,84
633,H1305,Vérificateur / Vérificatrice de conformité industrielle,Vérificateur / Vérificatrice de conformité industrielle,Industries,84
634,K1112,Addictologue,Addictologue,Médical,85
635,H1214,Agent / Agente de laboratoire de recherche industrielle,Agent / Agente de laboratoire de recherche industrielle,Médical,85
636,J1301,Agent / Agente de service hospitalier (ASH),Agent / Agente de service hospitalier (ASH),Médical,85
637,D1203,Agent / Agente de soins en hydrothérapie,Agent / Agente de soins en hydrothérapie,Médical,85
638,J1309,Agent / Agente de stérilisation de service hospitalier,Agent / Agente de stérilisation de service hospitalier,Médical,85
639,J1501,Aide-soignant / Aide-soignante,Aide-soignant / Aide-soignante,Médical,85
640,J1129,Allergologue,Allergologue,Médical,85
641,J1305,Ambulancier / Ambulancière,Ambulancier / Ambulancière,Médical,85
642,J1142,Angiologue,Angiologue,Médical,85
643,A1505,Animalier / Animalière de laboratoire,Animalier / Animalière de laboratoire,Soins animaliers,85
644,A1505,Animalier / Animalière de laboratoire,Animalier / Animalière de laboratoire,Médical,85
645,K1105,Art thérapeute,Art thérapeute,Médical,85
646,J1312,Assistant / Assistante dentaire,Assistant / Assistante dentaire,Médical,85
647,D1436,Assistant / Assistante de régulation médicale (ARM),Assistant / Assistante de régulation médicale (ARM),Médical,85
648,J1303,Assistant / Assistante médico-technique,Assistant / Assistante médico-technique,Médical,85
649,H1508,Assureur / Assureuse qualité industrie,Assureur / Assureuse qualité industrie,Médical,85
650,K2405,Attaché / Attachée de recherche clinique en milieu hospitalier,Attaché / Attachée de recherche clinique en milieu hospitalier,Médical,85
651,J1401,Audioprothésiste,Audioprothésiste,Médical,85
652,H1515,Auditeur / Auditrice qualité en industrie,Auditeur / Auditrice qualité en industrie,Médical,85
653,J1304,Auxiliaire de puériculture,Auxiliaire de puériculture,Médical,85
654,A1501,Auxiliaire vétérinaire,Auxiliaire vétérinaire,Soins animaliers,85
655,J1201,Biologiste médical / Biologiste médicale,Biologiste médical / Biologiste médicale,Médical,85
656,K2403,Biostatisticien / Biostatisticienne,Biostatisticien / Biostatisticienne,Médical,85
657,J1308,Brancardier / Brancardière,Brancardier / Brancardière,Médical,85
658,J1502,Cadre de santé d'unité de soins ou de service paramédical,Cadre de santé d'unité de soins ou de service paramédical,Médical,85
659,J1140,Cardiologue,Cardiologue,Médical,85
660,M1714,Chargé / Chargée de l'information promotionnelle du médicament en industrie pharmaceutique,Chargé / Chargée de l'information promotionnelle du médicament en industrie pharmaceutique,Médical,85
661,H1529,Chargé / Chargée de matériovigilance,Chargé / Chargée de matériovigilance,Médical,85
662,K1414,Chargé / Chargée de mission santé publique,Chargé / Chargée de mission santé publique,Médical,85
663,H1514,Chargé / Chargée de pharmacovigilance en industrie pharmaceutique,Chargé / Chargée de pharmacovigilance en industrie pharmaceutique,Médical,85
664,M1709,Chef / Cheffe de gamme en industrie pharmaceutique,Chef / Cheffe de gamme en industrie pharmaceutique,Médical,85
665,C1123,Chef / Cheffe de service de la sécurité sociale,Chef / Cheffe de service de la sécurité sociale,Médical,85
666,H1105,Chef de projets santé / Cheffe de projets santé,Chef de projets santé / Cheffe de projets santé,Médical,85
667,J1416,Chiropracteur / Chiropractrice,Chiropracteur / Chiropractrice,Médical,85
668,J1119,Chirurgien / Chirurgienne,Chirurgien / Chirurgienne,Médical,85
669,J1122,Chirurgien plasticien / Chirurgienne plasticienne,Chirurgien plasticien / Chirurgienne plasticienne,Médical,85
670,H3301,Conducteur / Conductrice de ligne de conditionnement,Conducteur / Conductrice de ligne de conditionnement,Médical,85
671,H2302,Conducteur / Conductrice de procédé de fabrication en industrie pharmaceutique,Conducteur / Conductrice de procédé de fabrication en industrie pharmaceutique,Médical,85
672,K1214,Conseiller / Conseillère en génétique,Conseiller / Conseillère en génétique,Médical,85
673,D1405,Conseiller / Conseillère en information médicale,Conseiller / Conseillère en information médicale,Médical,85
674,D1248,Conseiller / Conseillère en matériel médical ou paramédical,Conseiller / Conseillère en matériel médical ou paramédical,Médical,85
675,H1223,Coordinateur / Coordinatrice d'études cliniques en industrie pharmaceutique,Coordinateur / Coordinatrice d'études cliniques en industrie pharmaceutique,Médical,85
676,J1414,Coordinateur / Coordinatrice en activité physique adaptée,Coordinateur / Coordinatrice en activité physique adaptée,Médical,85
677,H3303,Cuisinier / Cuisinière en industrie chimique,Cuisinier / Cuisinière en industrie chimique,Médical,85
678,D1413,Délégué / Déléguée pharmaceutique,Délégué / Déléguée pharmaceutique,Médical,85
679,D1412,Délégué médical hospitalier / Déléguée médicale hospitalière,Délégué médical hospitalier / Déléguée médicale hospitalière,Médical,85
680,J1103,Dentiste,Dentiste,Médical,85
681,A1512,Dentiste équin,Dentiste équin,Soins animaliers,85
682,J1113,Dermatologue,Dermatologue,Médical,85
683,J1402,Diététicien / Diététicienne,Diététicien / Diététicienne,Médical,85
684,K1413,Directeur / Directrice d'établissement à caractère social,Directeur / Directrice d'établissement à caractère social,Médical,85
685,K1403,Directeur / Directrice d'établissement pour personnes âgées,Directeur / Directrice d'établissement pour personnes âgées,Médical,85
686,K1415,Directeur / Directrice d'établissement privé de santé,Directeur / Directrice d'établissement privé de santé,Médical,85
687,K1421,Directeur / Directrice de centre hospitalier,Directeur / Directrice de centre hospitalier,Médical,85
688,M1708,Directeur / Directrice de l'accès au marché en industrie pharmaceutique,Directeur / Directrice de l'accès au marché en industrie pharmaceutique,Médical,85
689,J1204,Directeur / Directrice de laboratoire d'analyses de biologie médicale,Directeur / Directrice de laboratoire d'analyses de biologie médicale,Médical,85
690,J1203,Directeur / Directrice de laboratoire d'analyses vétérinaires,Directeur / Directrice de laboratoire d'analyses vétérinaires,Soins animaliers,85
691,K2406,Directeur / Directrice de recherche en industrie pharmaceutique,Directeur / Directrice de recherche en industrie pharmaceutique,Médical,85
692,H1104,Directeur / Directrice des affaires médicales pharmaceutiques,Directeur / Directrice des affaires médicales pharmaceutiques,Médical,85
693,K1601,Documentaliste,Documentaliste,Médical,85
694,K1301,Educateur / Educatrice en locomotion,Educateur / Educatrice en locomotion,Médical,85
695,G1220,Educateur sportif / Educatrice sportive spécialisé(e) en activités physiques et sportives adaptées,Educateur sportif / Educatrice sportive spécialisé(e) en activités physiques et sportives adaptées,Médical,85
696,J1125,Endocrinologue,Endocrinologue,Médical,85
697,J1415,Enseignant / Enseignante en activité physique adaptée (EAPA),Enseignant / Enseignante en activité physique adaptée (EAPA),Médical,85
698,M1412,Ergonome,Ergonome,Médical,85
699,J1403,Ergothérapeute,Ergothérapeute,Médical,85
700,H1516,Expert / Experte métrologue,Expert / Experte métrologue,Médical,85
701,A1511,Gardien / Gardienne d'animaux,Gardien / Gardienne d'animaux,Soins animaliers,85
702,J1121,Gastro-entérologue,Gastro-entérologue,Médical,85
703,J1116,Gériatre,Gériatre,Médical,85
704,J1136,Gérontologue,Gérontologue,Médical,85
705,M1212,Gestionnaire de lits,Gestionnaire de lits,Médical,85
706,K1109,Graphothérapeute,Graphothérapeute,Médical,85
707,J1111,Gynécologue,Gynécologue,Médical,85
708,J1117,Hématologue,Hématologue,Médical,85
709,J1104,Homme sage-femme / Sage-femme,Homme sage-femme / Sage-femme,Médical,85
710,J1503,Infirmier / Infirmière anesthésiste (IADE),Infirmier / Infirmière anesthésiste (IADE),Médical,85
711,J1504,Infirmier / Infirmière de bloc opératoire (IBODE),Infirmier / Infirmière de bloc opératoire (IBODE),Médical,85
712,J1505,Infirmier / Infirmière de prévention,Infirmier / Infirmière de prévention,Médical,85
713,J1512,Infirmier / Infirmière de santé au travail,Infirmier / Infirmière de santé au travail,Médical,85
714,J1508,Infirmier / Infirmière en Pratique Avancée (IPA),Infirmier / Infirmière en Pratique Avancée (IPA),Médical,85
715,J1506,Infirmier / Infirmière en soins généraux (IDE),Infirmier / Infirmière en soins généraux (IDE),Médical,85
716,J1511,Infirmier / Infirmière scolaire,Infirmier / Infirmière scolaire,Médical,85
717,J1510,Infirmier coordonnateur / Infirmière coordonnatrice (IDEC),Infirmier coordonnateur / Infirmière coordonnatrice (IDEC),Médical,85
718,K1411,Inspecteur / Inspectrice vétérinaire,Inspecteur / Inspectrice vétérinaire,Soins animaliers,85
719,K1411,Inspecteur / Inspectrice vétérinaire,Inspecteur / Inspectrice vétérinaire,Médical,85
720,M1417,Intervenant / Intervenante en Prévention des Risques Professionnels - IPRP,Intervenant / Intervenante en Prévention des Risques Professionnels - IPRP,Médical,85
721,J1404,Kinésithérapeute,Kinésithérapeute,Médical,85
722,J1306,Manipulateur / Manipulatrice d'électroradiologie médicale,Manipulateur / Manipulatrice d'électroradiologie médicale,Médical,85
723,A1502,Maréchal-ferrant / Maréchale-ferrante,Maréchal-ferrant / Maréchale-ferrante,Soins animaliers,85
724,J1124,Médecin Anesthésiste Réanimateur / Réanimatrice (MAR),Médecin Anesthésiste Réanimateur / Réanimatrice (MAR),Médical,85
725,K1402,Médecin conseil,Médecin conseil,Médical,85
726,J1105,Médecin coordonnateur,Médecin coordonnateur,Médical,85
727,J1109,Médecin de la Protection Maternelle et Infantile -PMI-,Médecin de la Protection Maternelle et Infantile -PMI-,Médical,85
728,J1123,Médecin des armées,Médecin des armées,Médical,85
729,J1126,Médecin du sport,Médecin du sport,Médical,85
730,J1101,Médecin du travail et de prévention,Médecin du travail et de prévention,Médical,85
731,J1102,Médecin généraliste,Médecin généraliste,Médical,85
732,J1110,Médecin légiste,Médecin légiste,Médical,85
733,J1120,Médecin phlébologue,Médecin phlébologue,Médical,85
734,J1108,Médecin régulateur,Médecin régulateur,Médical,85
735,M1617,Médecin responsable de la Documentation et de l'Information Médicale (Médecin responsable DIM),Médecin responsable de la Documentation et de l'Information Médicale (Médecin responsable DIM),Médical,85
736,J1107,Médecin scolaire,Médecin scolaire,Médical,85
737,J1127,Médecin urgentiste,Médecin urgentiste,Médical,85
738,K1220,Médiateur / Médiatrice en santé,Médiateur / Médiatrice en santé,Médical,85
739,J1137,Néphrologue,Néphrologue,Médical,85
740,J1139,Neurochirurgien / Neurochirurgienne,Neurochirurgien / Neurochirurgienne,Médical,85
741,J1132,Neurologue,Neurologue,Médical,85
742,J1112,Oncologue,Oncologue,Médical,85
743,H2304,Opérateur / Opératrice de fabrication des industries chimiques,Opérateur / Opératrice de fabrication des industries chimiques,Médical,85
744,H2303,Opérateur / Opératrice de fabrication en industrie pharmaceutique,Opérateur / Opératrice de fabrication en industrie pharmaceutique,Médical,85
745,J1134,Ophtalmologue,Ophtalmologue,Médical,85
746,J1405,Opticien / Opticienne,Opticien / Opticienne,Médical,85
747,J1141,Orthodontiste,Orthodontiste,Médical,85
748,J1406,Orthophoniste,Orthophoniste,Médical,85
749,J1411,Orthoprothésiste,Orthoprothésiste,Médical,85
750,J1407,Orthoptiste,Orthoptiste,Médical,85
751,J1408,Ostéopathe,Ostéopathe,Médical,85
752,A1507,Ostéopathe animalier / Ostéopathe animalière,Ostéopathe animalier / Ostéopathe animalière,Soins animaliers,85
753,J1130,Oto-rhino-laryngologiste (ORL),Oto-rhino-laryngologiste (ORL),Médical,85
754,J1115,Pédiatre,Pédiatre,Médical,85
755,J1409,Pédicure-podologue,Pédicure-podologue,Médical,85
756,J1202,Pharmacien / Pharmacienne,Pharmacien / Pharmacienne,Médical,85
757,J1413,Physiothérapeute,Physiothérapeute,Médical,85
758,J1128,Pneumologue,Pneumologue,Médical,85
759,J1307,Préparateur / Préparatrice en pharmacie,Préparateur / Préparatrice en pharmacie,Médical,85
760,J1410,Prothésiste dentaire,Prothésiste dentaire,Médical,85
761,K1111,Psychanalyste,Psychanalyste,Médical,85
762,J1131,Psychiatre,Psychiatre,Médical,85
763,K1104,Psychologue,Psychologue,Médical,85
764,K1113,Psychologue du travail,Psychologue du travail,Médical,85
765,K1114,Psychologue scolaire,Psychologue scolaire,Médical,85
766,J1412,Psychomotricien / Psychomotricienne,Psychomotricien / Psychomotricienne,Médical,85
767,J1507,Puériculteur / Puéricultrice,Puériculteur / Puéricultrice,Médical,85
768,J1118,Radiologue,Radiologue,Médical,85
769,M1713,Responsable d'associations de patients en industrie pharmaceutique,Responsable d'associations de patients en industrie pharmaceutique,Médical,85
770,H1517,Responsable de laboratoire de contrôle en industrie pharmaceutique,Responsable de laboratoire de contrôle en industrie pharmaceutique,Médical,85
771,M1407,Responsable de la veille scientifique et technique en industrie pharmaceutique,Responsable de la veille scientifique et technique en industrie pharmaceutique,Médical,85
772,H2507,Responsable de ligne de production industrielle,Responsable de ligne de production industrielle,Médical,85
773,H1513,Responsable de pharmacovigilance en industrie pharmaceutique,Responsable de pharmacovigilance en industrie pharmaceutique,Médical,85
774,H1218,Responsable de projet recherche et développement,Responsable de projet recherche et développement,Médical,85
775,H1509,Responsable des affaires règlementaires en industrie pharmaceutique,Responsable des affaires règlementaires en industrie pharmaceutique,Médical,85
776,J1509,Responsable de secteur coordinateur / Responsable de secteur coordinatrice,Responsable de secteur coordinateur / Responsable de secteur coordinatrice,Médical,85
777,H1216,Responsable des études épidémiologiques,Responsable des études épidémiologiques,Médical,85
778,M1408,Responsable des études pharmaco-économiques en industrie pharmaceutique,Responsable des études pharmaco-économiques en industrie pharmaceutique,Médical,85
779,H1213,Responsable du développement clinique en industrie pharmaceutique,Responsable du développement clinique en industrie pharmaceutique,Médical,85
780,D1411,Responsable Efficacité Commerciale (SFE) en industrie pharmaceutique,Responsable Efficacité Commerciale (SFE) en industrie pharmaceutique,Médical,85
781,H1519,Responsable éthique-déontologie-conformité en industrie pharmaceutique,Responsable éthique-déontologie-conformité en industrie pharmaceutique,Médical,85
782,H1220,Responsable formulation en industrie pharmaceutique,Responsable formulation en industrie pharmaceutique,Médical,85
783,H1304,Responsable Hygiène Sécurité Environnement (HSE) en industrie,Responsable Hygiène Sécurité Environnement (HSE) en industrie,Médical,85
784,H1222,Responsable médical / Responsable médicale des études cliniques en industrie pharmaceutique,Responsable médical / Responsable médicale des études cliniques en industrie pharmaceutique,Médical,85
785,J1106,Responsable médical / Responsable médicale en région (RMR-MSL) en industrie pharmaceutique,Responsable médical / Responsable médicale en région (RMR-MSL) en industrie pharmaceutique,Médical,85
786,H1219,Responsable opérationnel / Responsable opérationnelle des études cliniques en industrie pharmaceutique,Responsable opérationnel / Responsable opérationnelle des études cliniques en industrie pharmaceutique,Médical,85
787,M1710,Responsable régional / Responsable régionale des relations scientifiques médicales,Responsable régional / Responsable régionale des relations scientifiques médicales,Médical,85
788,J1114,Rhumatologue,Rhumatologue,Médical,85
789,M1609,Secrétaire médical / Secrétaire médicale,Secrétaire médical / Secrétaire médicale,Médical,85
790,J1138,Sexologue,Sexologue,Médical,85
791,A1506,Soigneur animalier / Soigneuse animalière,Soigneur animalier / Soigneuse animalière,Soins animaliers,85
792,M1880,Spécialiste e-santé,Spécialiste e-santé,Médical,85
793,J1133,Stomatologue,Stomatologue,Médical,85
794,D1428,Superviseur / Superviseuse technique et logistique en assistance de régulation médicale,Superviseur / Superviseuse technique et logistique en assistance de régulation médicale,Médical,85
795,A1308,Technicien / Technicienne de l'insémination animale,Technicien / Technicienne de l'insémination animale,Soins animaliers,85
796,J1302,Technicien / Technicienne de laboratoire d'analyses médicales,Technicien / Technicienne de laboratoire d'analyses médicales,Médical,85
797,H1510,Technicien / Technicienne de laboratoire de contrôle en industrie pharmaceutique,Technicien / Technicienne de laboratoire de contrôle en industrie pharmaceutique,Médical,85
798,H1224,Technicien / Technicienne de laboratoire de recherche-développement,Technicien / Technicienne de laboratoire de recherche-développement,Médical,85
799,I1327,Technicien / Technicienne de maintenance en matériel biomédical,Technicien / Technicienne de maintenance en matériel biomédical,Médical,85
800,H1243,Technicien / Technicienne en bioproduction,Technicien / Technicienne en bioproduction,Médical,85
801,C1124,Technicien / Technicienne sécurité sociale,Technicien / Technicienne sécurité sociale,Médical,85
802,A1503,Toiletteur / Toiletteuse d'animaux,Toiletteur / Toiletteuse d'animaux,Soins animaliers,85
803,J1311,Transporteur / Transporteuse de produits de santé,Transporteur / Transporteuse de produits de santé,Médical,85
804,J1135,Urologue,Urologue,Médical,85
805,A1504,Vétérinaire,Vétérinaire,Soins animaliers,85
806,N2207,Agent / Agente d'accompagnement du transport,Agent / Agente d'accompagnement du transport,Service à la personne,86
807,A1215,Agent / Agente d'aires marines protégées,Agent / Agente d'aires marines protégées,Service à la personne,86
808,K2604,Agent / Agente de crématorium,Agent / Agente de crématorium,Service à la personne,86
809,D1203,Agent / Agente de soins en hydrothérapie,Agent / Agente de soins en hydrothérapie,Service à la personne,86
810,K1311,Assistant / Assistante de vie aux familles,Assistant / Assistante de vie aux familles,Service à la personne,86
811,M1616,Auxiliaire de gestion des écoles de conduite,Auxiliaire de gestion des écoles de conduite,Service à la personne,86
812,K1314,Auxiliaire de vie sociale auprès d'enfants,Auxiliaire de vie sociale auprès d'enfants,Service à la personne,86
813,D1216,Barbier / Barbière,Barbier / Barbière,Service à la personne,86
814,A1509,Comportementaliste animalier / Comportementaliste animalière,Comportementaliste animalier / Comportementaliste animalière,Service à la personne,86
815,N4124,Conducteur / Conductrice de taxi moto,Conducteur / Conductrice de taxi moto,Service à la personne,86
816,N4102,Conducteur / Conductrice de transport de particuliers,Conducteur / Conductrice de transport de particuliers,Service à la personne,86
817,N4112,Conducteur / Conductrice VTC,Conducteur / Conductrice VTC,Service à la personne,86
818,N4108,Conducteur accompagnateur / Conductrice accompagnatrice de personnes à mobilité réduite,Conducteur accompagnateur / Conductrice accompagnatrice de personnes à mobilité réduite,Service à la personne,86
819,N4123,Conducteur livreur installateur / Conductrice livreuse installatrice,Conducteur livreur installateur / Conductrice livreuse installatrice,Service à la personne,86
820,D1241,Conseiller / Conseillère en image personnelle,Conseiller / Conseillère en image personnelle,Service à la personne,86
821,K2602,Conseiller / Conseillère funéraire,Conseiller / Conseillère funéraire,Service à la personne,86
822,C1122,Contrôleur / Contrôleuse prestations de la sécurité sociale,Contrôleur / Contrôleuse prestations de la sécurité sociale,Service à la personne,86
823,K2606,Directeur / Directrice d'entreprise funéraire,Directeur / Directrice d'entreprise funéraire,Service à la personne,86
824,A1426,Educateur canin / Educatrice canine,Educateur canin / Educatrice canine,Service à la personne,86
825,K1313,Employé / Employée au pair,Employé / Employée au pair,Service à la personne,86
826,D1205,Employé / Employée de pressing,Employé / Employée de pressing,Service à la personne,86
827,K1304,Employé familial / Employée familiale,Employé familial / Employée familiale,Service à la personne,86
828,D1208,Esthéticien / Esthéticienne,Esthéticien / Esthéticienne,Service à la personne,86
829,D1218,Formateur coiffeur / Formatrice coiffeuse,Formateur coiffeur / Formatrice coiffeuse,Service à la personne,86
830,K1303,Garde d'enfant,Garde d'enfant,Service à la personne,86
831,A1511,Gardien / Gardienne d'animaux,Gardien / Gardienne d'animaux,Service à la personne,86
832,D1220,Gérant / Gérante salon de coiffure,Gérant / Gérante salon de coiffure,Service à la personne,86
833,A1447,Herboriste,Herboriste,Service à la personne,86
834,K2605,Maître / Maîtresse de cérémonie funéraire,Maître / Maîtresse de cérémonie funéraire,Service à la personne,86
835,D1222,Masseur / Masseuse bien-être,Masseur / Masseuse bien-être,Service à la personne,86
836,D1239,Perceur corporel / Perceuse corporelle,Perceur corporel / Perceuse corporelle,Service à la personne,86
837,K2601,Porteur / Porteuse funéraire,Porteur / Porteuse funéraire,Service à la personne,86
838,D1215,Posticheur / Posticheuse,Posticheur / Posticheuse,Service à la personne,86
839,D1240,Prothésiste ongulaire,Prothésiste ongulaire,Service à la personne,86
840,D1236,Repasseur / Repasseuse,Repasseur / Repasseuse,Service à la personne,86
841,D1225,Responsable d'institut de beauté,Responsable d'institut de beauté,Service à la personne,86
842,M1302,Responsable de Petite ou Moyenne Entreprise -PME-,Responsable de Petite ou Moyenne Entreprise -PME-,Service à la personne,86
843,D1229,Responsable de pressing,Responsable de pressing,Service à la personne,86
844,K1408,Responsable de secteur d'aide à domicile,Responsable de secteur d'aide à domicile,Service à la personne,86
845,K1216,Responsable de structure multi accueil petite enfance,Responsable de structure multi accueil petite enfance,Service à la personne,86
846,I1410,Responsable Service Après-Vente -SAV- en électroménager,Responsable Service Après-Vente -SAV- en électroménager,Service à la personne,86
847,D1217,Socio-coiffeur / Socio-coiffeuse,Socio-coiffeur / Socio-coiffeuse,Service à la personne,86
848,D1237,Socio-esthéticien / Socio-esthéticienne,Socio-esthéticien / Socio-esthéticienne,Service à la personne,86
849,K1106,Sophrologue,Sophrologue,Service à la personne,86
850,D1428,Superviseur / Superviseuse technique et logistique en assistance de régulation médicale,Superviseur / Superviseuse technique et logistique en assistance de régulation médicale,Service à la personne,86
851,D1244,Tatoueur / Tatoueuse,Tatoueur / Tatoueuse,Service à la personne,86
852,K2603,Thanatopracteur / Thanatopractrice,Thanatopracteur / Thanatopractrice,Service à la personne,86
853,L1503,Accessoiriste,Accessoiriste,Spectacle,87
854,L1216,Acteur / Actrice de complément,Acteur / Actrice de complément,Spectacle,87
855,L1312,Administrateur / Administratrice de tournées,Administrateur / Administratrice de tournées,Spectacle,87
856,G1248,Agent / Agente d'accueil en cinéma,Agent / Agente d'accueil en cinéma,Spectacle,87
857,D1515,Agent / Agente de billetterie,Agent / Agente de billetterie,Spectacle,87
858,L1303,Agent / Agente de talent,Agent / Agente de talent,Spectacle,87
859,L1303,Agent / Agente de talent,Agent / Agente de talent,Audiovisuel,87
860,L1510,Animateur / Animatrice 2D 3D - films d'animation,Animateur / Animatrice 2D 3D - films d'animation,Audiovisuel,87
861,L1103,Animateur / Animatrice d'antenne,Animateur / Animatrice d'antenne,Audiovisuel,87
862,G1223,Animateur / Animatrice en site de divertissement,Animateur / Animatrice en site de divertissement,Spectacle,87
863,L1523,Artificier / Artificière spectacle,Artificier / Artificière spectacle,Spectacle,87
864,B1304,Artisan démonstrateur / Artisane démonstratrice,Artisan démonstrateur / Artisane démonstratrice,Artisanat d'art,87
865,L1204,Artiste de cirque,Artiste de cirque,Spectacle,87
866,L1205,Artiste-interprète,Artiste-interprète,Spectacle,87
867,B1104,Artiste peintre,Artiste peintre,Artisanat d'art,87
868,B1101,Artiste Plasticien / Plasticienne,Artiste Plasticien / Plasticienne,Artisanat d'art,87
869,L1307,Assistant / Assistante mise en scène,Assistant / Assistante mise en scène,Spectacle,87
870,L1304,Assistant réalisateur / Assistante réalisatrice,Assistant réalisateur / Assistante réalisatrice,Audiovisuel,87
871,L1213,Auteur-compositeur-interprète / Auteure-compositrice-interprète,Auteur-compositeur-interprète / Auteure-compositrice-interprète,Spectacle,87
872,B1605,Bijoutier / Bijoutière,Bijoutier / Bijoutière,Artisanat d'art,87
873,B1404,Canneur rempailleur / Canneuse rempailleuse,Canneur rempailleur / Canneuse rempailleuse,Artisanat d'art,87
874,L1207,Cascadeur / Cascadeuse,Cascadeur / Cascadeuse,Spectacle,87
875,L1207,Cascadeur / Cascadeuse,Cascadeur / Cascadeuse,Audiovisuel,87
876,L1206,Cavalier / Cavalière de spectacle,Cavalier / Cavalière de spectacle,Spectacle,87
877,B1201,Céramiste,Céramiste,Artisanat d'art,87
878,L1212,Chanteur / Chanteuse,Chanteur / Chanteuse,Spectacle,87
879,E1130,Chargé / Chargée d'édition musicale graphique,Chargé / Chargée d'édition musicale graphique,Artisanat d'art,87
880,E1130,Chargé / Chargée d'édition musicale graphique,Chargé / Chargée d'édition musicale graphique,Audiovisuel,87
881,L1311,Chargé / Chargée de production de spectacles,Chargé / Chargée de production de spectacles,Spectacle,87
882,M1435,Chargé de tracking vérificateur / Chargée de tracking vérificatrice,Chargé de tracking vérificateur / Chargée de tracking vérificatrice,Audiovisuel,87
883,L1521,Chef / Cheffe accessoiriste,Chef / Cheffe accessoiriste,Spectacle,87
884,L1521,Chef / Cheffe accessoiriste,Chef / Cheffe accessoiriste,Audiovisuel,87
885,L1214,Chef / Cheffe d'orchestre,Chef / Cheffe d'orchestre,Spectacle,87
886,M1721,Chef / Cheffe de projet édition phonographique,Chef / Cheffe de projet édition phonographique,Audiovisuel,87
887,E1208,Chef / Cheffe de studio de photographie,Chef / Cheffe de studio de photographie,Audiovisuel,87
888,L1525,Chef / Cheffe machiniste spectacle,Chef / Cheffe machiniste spectacle,Spectacle,87
889,L1517,Chef coiffeur / Cheffe coiffeuse spectacle,Chef coiffeur / Cheffe coiffeuse spectacle,Spectacle,87
890,L1527,Chef constructeur / Cheffe constructrice en décors,Chef constructeur / Cheffe constructrice en décors,Spectacle,87
891,L1524,Chef décorateur / Cheffe décoratrice spectacle,Chef décorateur / Cheffe décoratrice spectacle,Spectacle,87
892,L1518,Chef habilleur / Cheffe habilleuse,Chef habilleur / Cheffe habilleuse,Spectacle,87
893,L1518,Chef habilleur / Cheffe habilleuse,Chef habilleur / Cheffe habilleuse,Audiovisuel,87
894,L1514,Chef opérateur / Cheffe opératrice image,Chef opérateur / Cheffe opératrice image,Audiovisuel,87
895,L1211,Chorégraphe,Chorégraphe,Spectacle,87
896,L1516,Coiffeur / Coiffeuse spectacle,Coiffeur / Coiffeuse spectacle,Spectacle,87
897,L1203,Comédien / Comédienne,Comédien / Comédienne,Spectacle,87
898,K1907,Commissaire-priseur / Commissaire-priseure,Commissaire-priseur / Commissaire-priseure,Artisanat d'art,87
899,L1520,Concepteur / Conceptrice de costumes,Concepteur / Conceptrice de costumes,Spectacle,87
900,L1520,Concepteur / Conceptrice de costumes,Concepteur / Conceptrice de costumes,Audiovisuel,87
901,E1125,Concepteur / Conceptrice de jeux vidéo,Concepteur / Conceptrice de jeux vidéo,Audiovisuel,87
902,B1612,Concepteur / Conceptrice numérique en bijouterie joaillerie,Concepteur / Conceptrice numérique en bijouterie joaillerie,Artisanat d'art,87
903,L1316,Conducteur / Conductrice d'antenne,Conducteur / Conductrice d'antenne,Audiovisuel,87
904,L1309,Coordinateur / Coordinatrice d'intimité,Coordinateur / Coordinatrice d'intimité,Audiovisuel,87
905,L1502,Costumier / Costumière,Costumier / Costumière,Spectacle,87
906,L1502,Costumier / Costumière,Costumier / Costumière,Audiovisuel,87
907,B1617,Coutelier / Coutelière d'art,Coutelier / Coutelière d'art,Artisanat d'art,87
908,B1803,Couturier / Couturière,Couturier / Couturière,Artisanat d'art,87
909,L1201,Danseur / Danseuse,Danseur / Danseuse,Spectacle,87
910,B1302,Décorateur / Décoratrice d'objets d'art,Décorateur / Décoratrice d'objets d'art,Artisanat d'art,87
911,E1211,Dessinateur-illustrateur / Dessinatrice-illustratrice,Dessinateur-illustrateur / Dessinatrice-illustratrice,Artisanat d'art,87
912,M1434,Développeur / Développeuse d'audience,Développeur / Développeuse d'audience,Audiovisuel,87
913,L1319,Directeur / Directrice artistique éditions de musique et phonographique,Directeur / Directrice artistique éditions de musique et phonographique,Audiovisuel,87
914,L1305,Directeur / Directrice artistique spectacle,Directeur / Directrice artistique spectacle,Spectacle,87
915,G1414,Directeur / Directrice d'exploitation de site de divertissement,Directeur / Directrice d'exploitation de site de divertissement,Spectacle,87
916,L1317,Directeur / Directrice de casting,Directeur / Directrice de casting,Spectacle,87
917,L1317,Directeur / Directrice de casting,Directeur / Directrice de casting,Audiovisuel,87
918,L1320,Directeur / Directrice de label,Directeur / Directrice de label,Audiovisuel,87
919,L1308,Directeur / Directrice de production audiovisuelle et cinéma,Directeur / Directrice de production audiovisuelle et cinéma,Audiovisuel,87
920,G1418,Directeur / Directrice de salle de cinéma,Directeur / Directrice de salle de cinéma,Spectacle,87
921,G1418,Directeur / Directrice de salle de cinéma,Directeur / Directrice de salle de cinéma,Audiovisuel,87
922,L1310,Directeur / Directrice de salle de spectacles,Directeur / Directrice de salle de spectacles,Spectacle,87
923,L1101,DJ,DJ,Spectacle,87
924,L1315,Documentariste,Documentariste,Audiovisuel,87
925,A1508,Dresseur animalier / Dresseuse animalière,Dresseur animalier / Dresseuse animalière,Spectacle,87
926,L1504,Eclairagiste,Eclairagiste,Spectacle,87
927,H2208,Façonnier / Façonnière d'ouvrages décoratifs en bois et matériaux associés,Façonnier / Façonnière d'ouvrages décoratifs en bois et matériaux associés,Artisanat d'art,87
928,B1501,Facteur / Factrice d'instruments à clavier,Facteur / Factrice d'instruments à clavier,Artisanat d'art,87
929,B1503,Facteur / Factrice d'instruments à vent,Facteur / Factrice d'instruments à vent,Artisanat d'art,87
930,B1502,Facteur / Factrice d'instruments de musique anciens,Facteur / Factrice d'instruments de musique anciens,Artisanat d'art,87
931,B1504,Facteur / Factrice de percussions,Facteur / Factrice de percussions,Artisanat d'art,87
932,H2922,Fondeur / Fondeuse en métaux précieux,Fondeur / Fondeuse en métaux précieux,Artisanat d'art,87
933,E1111,Game master,Game master,Audiovisuel,87
934,M1227,Gestionnaire de droits et de redevance,Gestionnaire de droits et de redevance,Artisanat d'art,87
935,M1227,Gestionnaire de droits et de redevance,Gestionnaire de droits et de redevance,Spectacle,87
936,M1227,Gestionnaire de droits et de redevance,Gestionnaire de droits et de redevance,Audiovisuel,87
937,B1303,Graveur / Graveuse d'art,Graveur / Graveuse d'art,Artisanat d'art,87
938,B1604,Horloger / Horlogère,Horloger / Horlogère,Artisanat d'art,87
939,L1215,Humoriste,Humoriste,Spectacle,87
940,K1611,Iconographe,Iconographe,Audiovisuel,87
941,B1606,Joaillier / Joaillière,Joaillier / Joaillière,Artisanat d'art,87
942,B1607,Lapidaire - Diamantaire,Lapidaire - Diamantaire,Artisanat d'art,87
943,B1505,Luthier / Luthière,Luthier / Luthière,Artisanat d'art,87
944,L1528,Machiniste de prise de vues,Machiniste de prise de vues,Spectacle,87
945,L1506,Machiniste spectacle,Machiniste spectacle,Spectacle,87
946,L1102,Mannequin,Mannequin,Spectacle,87
947,L1501,Maquilleur / Maquilleuse spectacle,Maquilleur / Maquilleuse spectacle,Spectacle,87
948,B1802,Maroquinier / Maroquinière,Maroquinier / Maroquinière,Artisanat d'art,87
949,L1208,Mascotte-personnage,Mascotte-personnage,Spectacle,87
950,K1213,Médiateur culturel / Médiatrice culturelle,Médiateur culturel / Médiatrice culturelle,Artisanat d'art,87
951,B1601,Métallier / Métallière d'art,Métallier / Métallière d'art,Artisanat d'art,87
952,L1301,Metteur / Metteuse en scène,Metteur / Metteuse en scène,Spectacle,87
953,H3407,Metteur au bain / Metteuse au bain argenture - dorure en orfèvrerie,Metteur au bain / Metteuse au bain argenture - dorure en orfèvrerie,Artisanat d'art,87
954,H3408,Metteur au point polisseur / Metteuse au point polisseuse sur matrice en orfèvrerie,Metteur au point polisseur / Metteuse au point polisseuse sur matrice en orfèvrerie,Artisanat d'art,87
955,B1614,Monteur / Monteuse en orfèvrerie,Monteur / Monteuse en orfèvrerie,Artisanat d'art,87
956,L1507,Monteur / Monteuse vidéo,Monteur / Monteuse vidéo,Audiovisuel,87
957,B1102,Mosaïste d'art,Mosaïste d'art,Artisanat d'art,87
958,E1207,Motion designer,Motion designer,Audiovisuel,87
959,L1202,Musicien / Musicienne,Musicien / Musicienne,Spectacle,87
960,L1522,Opérateur / Opératrice d'effets visuels physiques audiovisuel et cinéma,Opérateur / Opératrice d'effets visuels physiques audiovisuel et cinéma,Audiovisuel,87
961,E1202,Opérateur / Opératrice de laboratoire cinématographique,Opérateur / Opératrice de laboratoire cinématographique,Audiovisuel,87
962,L1505,Opérateur / Opératrice de prise de vues,Opérateur / Opératrice de prise de vues,Audiovisuel,87
963,B1616,Opérateur / Opératrice en horlogerie,Opérateur / Opératrice en horlogerie,Artisanat d'art,87
964,L1210,Orchestrateur / Orchestratrice,Orchestrateur / Orchestratrice,Spectacle,87
965,B1613,Orfèvre,Orfèvre,Artisanat d'art,87
966,B1608,Orfèvre planeur / Orfèvre planeuse,Orfèvre planeur / Orfèvre planeuse,Artisanat d'art,87
967,B1615,Orfèvre tourneur repousseur / Orfèvre tourneuse repousseuse,Orfèvre tourneur repousseur / Orfèvre tourneuse repousseuse,Artisanat d'art,87
968,L1209,Performeur / Performeuse de cabaret,Performeur / Performeuse de cabaret,Spectacle,87
969,E1201,Photographe professionnel / Photographe professionnelle,Photographe professionnel / Photographe professionnelle,Artisanat d'art,87
970,H3405,Polisseur / Polisseuse en bijouterie ou joaillerie ou orfèvrerie,Polisseur / Polisseuse en bijouterie ou joaillerie ou orfèvrerie,Artisanat d'art,87
971,L1302,Producteur / Productrice audiovisuel et cinéma,Producteur / Productrice audiovisuel et cinéma,Audiovisuel,87
972,L1313,Programmateur / Programmatrice salle de cinéma,Programmateur / Programmatrice salle de cinéma,Audiovisuel,87
973,L1306,Réalisateur / Réalisatrice audiovisuel,Réalisateur / Réalisatrice audiovisuel,Spectacle,87
974,L1306,Réalisateur / Réalisatrice audiovisuel,Réalisateur / Réalisatrice audiovisuel,Audiovisuel,87
975,L1509,Régisseur / Régisseuse de production,Régisseur / Régisseuse de production,Audiovisuel,87
976,L1526,Régisseur / Régisseuse de scène,Régisseur / Régisseuse de scène,Spectacle,87
977,L1512,Régisseur / Régisseuse de spectacles,Régisseur / Régisseuse de spectacles,Spectacle,87
978,L1512,Régisseur / Régisseuse de spectacles,Régisseur / Régisseuse de spectacles,Audiovisuel,87
979,B1609,Responsable d'atelier en bijouterie ou joaillerie,Responsable d'atelier en bijouterie ou joaillerie,Artisanat d'art,87
980,E1209,Responsable de laboratoire photographique,Responsable de laboratoire photographique,Artisanat d'art,87
981,G1707,Responsable de vestiaire,Responsable de vestiaire,Spectacle,87
982,E1213,Responsable technique de la projection,Responsable technique de la projection,Audiovisuel,87
983,B1403,Restaurateur / Restauratrice de livres anciens,Restaurateur / Restauratrice de livres anciens,Artisanat d'art,87
984,E1212,Restaurateur / Restauratrice numérique image,Restaurateur / Restauratrice numérique image,Audiovisuel,87
985,E1134,Scénariste,Scénariste,Spectacle,87
986,E1134,Scénariste,Scénariste,Audiovisuel,87
987,L1513,Scénographe,Scénographe,Spectacle,87
988,L1513,Scénographe,Scénographe,Audiovisuel,87
989,L1318,Scripte de programmes audiovisuels,Scripte de programmes audiovisuels,Audiovisuel,87
990,B1103,Sculpteur / Sculptrice,Sculpteur / Sculptrice,Artisanat d'art,87
991,B1610,Sertisseur / Sertisseuse en bijouterie ou joaillerie,Sertisseur / Sertisseuse en bijouterie ou joaillerie,Artisanat d'art,87
992,B1602,Souffleur / Souffleuse de verre,Souffleur / Souffleuse de verre,Artisanat d'art,87
993,E1214,Superviseur / Superviseuse de production virtuelle,Superviseur / Superviseuse de production virtuelle,Artisanat d'art,87
994,E1214,Superviseur / Superviseuse de production virtuelle,Superviseur / Superviseuse de production virtuelle,Spectacle,87
995,E1214,Superviseur / Superviseuse de production virtuelle,Superviseur / Superviseuse de production virtuelle,Audiovisuel,87
996,B1806,Tapissier / Tapissière d'ameublement,Tapissier / Tapissière d'ameublement,Artisanat d'art,87
997,D1244,Tatoueur / Tatoueuse,Tatoueur / Tatoueuse,Artisanat d'art,87
998,B1701,Taxidermiste,Taxidermiste,Artisanat d'art,87
999,E1204,Technicien / Technicienne d'exploitation cinématographique,Technicien / Technicienne d'exploitation cinématographique,Audiovisuel,87
1000,I1329,Technicien / Technicienne d'exploitation et de maintenance des équipements audiovisuels,Technicien / Technicienne d'exploitation et de maintenance des équipements audiovisuels,Spectacle,87
1001,I1329,Technicien / Technicienne d'exploitation et de maintenance des équipements audiovisuels,Technicien / Technicienne d'exploitation et de maintenance des équipements audiovisuels,Audiovisuel,87
1002,E1203,Technicien / Technicienne de laboratoire photographique,Technicien / Technicienne de laboratoire photographique,Artisanat d'art,87
1003,B1702,Technicien / Technicienne en ostéologie-moulage,Technicien / Technicienne en ostéologie-moulage,Artisanat d'art,87
1004,L1515,Technicien / Technicienne plateau,Technicien / Technicienne plateau,Spectacle,87
1005,L1511,Technicien / Technicienne spectacle en site de divertissement,Technicien / Technicienne spectacle en site de divertissement,Spectacle,87
1006,L1511,Technicien / Technicienne spectacle en site de divertissement,Technicien / Technicienne spectacle en site de divertissement,Audiovisuel,87
1007,L1519,Technicien / Technicienne vidéo,Technicien / Technicienne vidéo,Spectacle,87
1008,L1519,Technicien / Technicienne vidéo,Technicien / Technicienne vidéo,Audiovisuel,87
1009,B1816,Tisserand / Tisserande d'art,Tisserand / Tisserande d'art,Artisanat d'art,87
1010,B1611,Trieur / Trieuse de pierres et perles,Trieur / Trieuse de pierres et perles,Artisanat d'art,87
1011,B1401,Vannier / Vannière,Vannier / Vannière,Artisanat d'art,87
1012,B1618,Vitrailliste,Vitrailliste,Artisanat d'art,87
1013,M1101,Acheteur / Acheteuse,Acheteur / Acheteuse,Commerce de gros,88
1014,D1227,"Acheteur vendeur / Acheteuse vendeuse d'or, de métaux précieux","Acheteur vendeur / Acheteuse vendeuse d'or, de métaux précieux",Commerce de détail,88
1015,D1243,Acheteur vendeur / Acheteuse vendeuse en dépôt-vente,Acheteur vendeur / Acheteuse vendeuse en dépôt-vente,Commerce de détail,88
1016,D1515,Agent / Agente de billetterie,Agent / Agente de billetterie,Commerce de détail,88
1017,M1851,Analyste décisionnel - Business Intelligence,Analyste décisionnel - Business Intelligence,Commerce de détail,88
1018,D1501,Animateur / Animatrice de vente,Animateur / Animatrice de vente,Grande distribution,88
1019,D1501,Animateur / Animatrice de vente,Animateur / Animatrice de vente,Commerce de détail,88
1020,D1501,Animateur / Animatrice de vente,Animateur / Animatrice de vente,Commerce de gros,88
1021,I1307,Antenniste,Antenniste,Commerce de détail,88
1022,N1303,Approvisionneur / Approvisionneuse logistique,Approvisionneur / Approvisionneuse logistique,Grande distribution,88
1023,N1303,Approvisionneur / Approvisionneuse logistique,Approvisionneur / Approvisionneuse logistique,Commerce de détail,88
1024,N1303,Approvisionneur / Approvisionneuse logistique,Approvisionneur / Approvisionneuse logistique,Commerce de gros,88
1025,M1619,Approvisionneur / Approvisionneuse points de distribution,Approvisionneur / Approvisionneuse points de distribution,Grande distribution,88
1026,M1619,Approvisionneur / Approvisionneuse points de distribution,Approvisionneur / Approvisionneuse points de distribution,Commerce de détail,88
1027,D1431,Assistant / Assistante achat,Assistant / Assistante achat,Grande distribution,88
1028,D1431,Assistant / Assistante achat,Assistant / Assistante achat,Commerce de détail,88
1029,D1431,Assistant / Assistante achat,Assistant / Assistante achat,Commerce de gros,88
1030,D1409,Assistant / Assistante administration des ventes,Assistant / Assistante administration des ventes,Commerce de détail,88
1031,D1409,Assistant / Assistante administration des ventes,Assistant / Assistante administration des ventes,Commerce de gros,88
1032,D1438,Assistant / Assistante e-commerce,Assistant / Assistante e-commerce,Commerce de détail,88
1033,D1438,Assistant / Assistante e-commerce,Assistant / Assistante e-commerce,Commerce de gros,88
1034,D1429,Assistant / Assistante import-export,Assistant / Assistante import-export,Grande distribution,88
1035,D1429,Assistant / Assistante import-export,Assistant / Assistante import-export,Commerce de détail,88
1036,D1429,Assistant / Assistante import-export,Assistant / Assistante import-export,Commerce de gros,88
1037,D1432,Assistant / Assistante service clients,Assistant / Assistante service clients,Grande distribution,88
1038,D1432,Assistant / Assistante service clients,Assistant / Assistante service clients,Commerce de détail,88
1039,D1432,Assistant / Assistante service clients,Assistant / Assistante service clients,Commerce de gros,88
1040,D1401,Assistant commercial / Assistante commerciale,Assistant commercial / Assistante commerciale,Commerce de gros,88
1041,D1410,Attaché commercial / Attachée commerciale,Attaché commercial / Attachée commerciale,Commerce de gros,88
1042,D1101,Boucher / Bouchère,Boucher / Bouchère,Commerce de détail,88
1043,D1102,Boulanger / Boulangère,Boulanger / Boulangère,Commerce de détail,88
1044,D1201,Brocanteur / Brocanteuse,Brocanteur / Brocanteuse,Commerce de détail,88
1045,D1420,Cadre Technico-commercial / CadreTechnico-commerciale,Cadre Technico-commercial / CadreTechnico-commerciale,Commerce de détail,88
1046,N1101,Cariste,Cariste,Grande distribution,88
1047,N1101,Cariste,Cariste,Commerce de détail,88
1048,N1101,Cariste,Cariste,Commerce de gros,88
1049,M1720,Category Manager Responsable (CATMAN),Category Manager Responsable (CATMAN),Grande distribution,88
1050,M1720,Category Manager Responsable (CATMAN),Category Manager Responsable (CATMAN),Commerce de détail,88
1051,D1103,Charcutier-traiteur / Charcutière-traiteuse,Charcutier-traiteur / Charcutière-traiteuse,Commerce de détail,88
1052,M1430,Chargé / Chargée d'études commerciales,Chargé / Chargée d'études commerciales,Commerce de détail,88
1053,D1224,Chargé / Chargée de location d'engins et de matériel de chantier,Chargé / Chargée de location d'engins et de matériel de chantier,Grande distribution,88
1054,D1224,Chargé / Chargée de location d'engins et de matériel de chantier,Chargé / Chargée de location d'engins et de matériel de chantier,Commerce de détail,88
1055,D1224,Chargé / Chargée de location d'engins et de matériel de chantier,Chargé / Chargée de location d'engins et de matériel de chantier,Commerce de gros,88
1056,D1506,Chargé / Chargée de merchandising,Chargé / Chargée de merchandising,Grande distribution,88
1057,D1415,Chargé / Chargée de relation client,Chargé / Chargée de relation client,Commerce de gros,88
1058,I1108,Chef / Cheffe d'atelier engins de chantier,Chef / Cheffe d'atelier engins de chantier,Commerce de gros,88
1059,D1252,Chef / Cheffe d'équipe de vente en pièces de rechange et d'accessoires de véhicules,Chef / Cheffe d'équipe de vente en pièces de rechange et d'accessoires de véhicules,Commerce de détail,88
1060,N1112,Chef / Cheffe d'équipe logistique,Chef / Cheffe d'équipe logistique,Grande distribution,88
1061,N1112,Chef / Cheffe d'équipe logistique,Chef / Cheffe d'équipe logistique,Commerce de détail,88
1062,N1112,Chef / Cheffe d'équipe logistique,Chef / Cheffe d'équipe logistique,Commerce de gros,88
1063,D1111,Chef / Cheffe de laboratoire en charcuterie,Chef / Cheffe de laboratoire en charcuterie,Commerce de détail,88
1064,D1503,Chef / Cheffe de rayon de produits non alimentaires,Chef / Cheffe de rayon de produits non alimentaires,Grande distribution,88
1065,D1502,Chef / Cheffe de rayon produits alimentaires,Chef / Cheffe de rayon produits alimentaires,Grande distribution,88
1066,D1513,Chef / Cheffe de rayon produits frais,Chef / Cheffe de rayon produits frais,Grande distribution,88
1067,D1517,Chef / Cheffe de secteur distribution,Chef / Cheffe de secteur distribution,Grande distribution,88
1068,D1510,Chef / Cheffe de secteur magasin,Chef / Cheffe de secteur magasin,Grande distribution,88
1069,D1417,Chef / Cheffe des ventes,Chef / Cheffe des ventes,Commerce de détail,88
1070,D1417,Chef / Cheffe des ventes,Chef / Cheffe des ventes,Commerce de gros,88
1071,D1109,Chef boucher / Cheffe bouchère,Chef boucher / Cheffe bouchère,Commerce de détail,88
1072,D1108,Chef boulanger / Cheffe boulangère,Chef boulanger / Cheffe boulangère,Commerce de détail,88
1073,D1112,Chef charcutier-traiteur / Cheffe charcutière-traiteuse,Chef charcutier-traiteur / Cheffe charcutière-traiteuse,Commerce de détail,88
1074,D1117,Chef pâtissier / Cheffe pâtissière,Chef pâtissier / Cheffe pâtissière,Commerce de détail,88
1075,D1115,Chocolatier / Chocolatière,Chocolatier / Chocolatière,Commerce de détail,88
1076,D1202,Coiffeur / Coiffeuse,Coiffeur / Coiffeuse,Commerce de détail,88
1077,D1416,Commercial / Commerciale auprès d'une clientèle d'entreprises,Commercial / Commerciale auprès d'une clientèle d'entreprises,Commerce de gros,88
1078,D1433,Commercial / Commerciale export,Commercial / Commerciale export,Commerce de détail,88
1079,D1433,Commercial / Commerciale export,Commercial / Commerciale export,Commerce de gros,88
1080,D1402,Commercial / Commerciale grands comptes et entreprises,Commercial / Commerciale grands comptes et entreprises,Commerce de gros,88
1081,D1113,Commercial itinérant / Commerciale itinérante en entreprise de commerce de gros,Commercial itinérant / Commerciale itinérante en entreprise de commerce de gros,Grande distribution,88
1082,D1113,Commercial itinérant / Commerciale itinérante en entreprise de commerce de gros,Commercial itinérant / Commerciale itinérante en entreprise de commerce de gros,Commerce de gros,88
1083,K1907,Commissaire-priseur / Commissaire-priseure,Commissaire-priseur / Commissaire-priseure,Commerce de détail,88
1084,D1223,Conseiller / Conseillère de vente en pièces de rechange et accessoires de véhicules,Conseiller / Conseillère de vente en pièces de rechange et accessoires de véhicules,Commerce de détail,88
1085,D1248,Conseiller / Conseillère en matériel médical ou paramédical,Conseiller / Conseillère en matériel médical ou paramédical,Commerce de détail,88
1086,I1628,Conseiller / Conseillère technique cycles,Conseiller / Conseillère technique cycles,Commerce de détail,88
1087,D1403,Conseiller commercial / Conseillère commerciale auprès des particuliers,Conseiller commercial / Conseillère commerciale auprès des particuliers,Commerce de détail,88
1088,D1424,Conseiller vendeur / Conseillère vendeuse à domicile,Conseiller vendeur / Conseillère vendeuse à domicile,Commerce de détail,88
1089,D1427,Conseiller vendeur / Conseillère vendeuse d'autocars,Conseiller vendeur / Conseillère vendeuse d'autocars,Commerce de détail,88
1090,D1425,Conseiller vendeur / Conseillère vendeuse de véhicules poids lourds,Conseiller vendeur / Conseillère vendeuse de véhicules poids lourds,Commerce de détail,88
1091,M1823,Consultant / Consultante avant-vente,Consultant / Consultante avant-vente,Commerce de détail,88
1092,N1306,Coordonnateur / Coordonnatrice de projet logistique humanitaire,Coordonnateur / Coordonnatrice de projet logistique humanitaire,Grande distribution,88
1093,N1306,Coordonnateur / Coordonnatrice de projet logistique humanitaire,Coordonnateur / Coordonnatrice de projet logistique humanitaire,Commerce de détail,88
1094,N1306,Coordonnateur / Coordonnatrice de projet logistique humanitaire,Coordonnateur / Coordonnatrice de projet logistique humanitaire,Commerce de gros,88
1095,D1442,Courtier / Courtière en bateau,Courtier / Courtière en bateau,Commerce de gros,88
1096,D1419,Courtier / Courtière en vins,Courtier / Courtière en vins,Commerce de détail,88
1097,F1139,Décorateur / Décoratrice d'intérieur,Décorateur / Décoratrice d'intérieur,Commerce de détail,88
1098,M1303,Directeur / Directrice de filiale,Directeur / Directrice de filiale,Grande distribution,88
1099,D1504,Directeur / Directrice de magasin de grande distribution,Directeur / Directrice de magasin de grande distribution,Grande distribution,88
1100,M1102,Directeur / Directrice des achats,Directeur / Directrice des achats,Commerce de gros,88
1101,H1512,Directeur / Directrice de zone en industrie pharmaceutique,Directeur / Directrice de zone en industrie pharmaceutique,Grande distribution,88
1102,N1304,Directeur / Directrice logistique,Directeur / Directrice logistique,Grande distribution,88
1103,N1304,Directeur / Directrice logistique,Directeur / Directrice logistique,Commerce de détail,88
1104,N1304,Directeur / Directrice logistique,Directeur / Directrice logistique,Commerce de gros,88
1105,D1512,Directeur régional / Directrice régionale d'hypermarché ou de supermarché,Directeur régional / Directrice régionale d'hypermarché ou de supermarché,Grande distribution,88
1106,D1253,Disquaire,Disquaire,Commerce de détail,88
1107,D1507,Employé / Employée de rayon libre-service,Employé / Employée de rayon libre-service,Grande distribution,88
1108,B1301,Etalagiste,Etalagiste,Grande distribution,88
1109,K2324,Ferrailleur / Ferrailleuse de métal,Ferrailleur / Ferrailleuse de métal,Commerce de détail,88
1110,F1712,Ferrailleur / Ferrailleuse du BTP,Ferrailleur / Ferrailleuse du BTP,Commerce de gros,88
1111,D1209,Fleuriste,Fleuriste,Commerce de détail,88
1112,D1233,Galeriste,Galeriste,Commerce de détail,88
1113,D1301,Gérant / Gérante de magasin d'alimentation générale,Gérant / Gérante de magasin d'alimentation générale,Commerce de détail,88
1114,D1118,Glacier / Glacière,Glacier / Glacière,Commerce de détail,88
1115,A1447,Herboriste,Herboriste,Commerce de détail,88
1116,D1505,Hôte / Hôtesse de caisse,Hôte / Hôtesse de caisse,Grande distribution,88
1117,D1505,Hôte / Hôtesse de caisse,Hôte / Hôtesse de caisse,Commerce de détail,88
1118,D1250,Libraire,Libraire,Commerce de détail,88
1119,F1710,Magasinier / Magasinière en négoce des matériaux de construction,Magasinier / Magasinière en négoce des matériaux de construction,Commerce de gros,88
1120,K1816,Manager de commerce et territoire,Manager de commerce et territoire,Commerce de détail,88
1121,N1105,Manutentionnaire,Manutentionnaire,Grande distribution,88
1122,N1105,Manutentionnaire,Manutentionnaire,Commerce de détail,88
1123,N1105,Manutentionnaire,Manutentionnaire,Commerce de gros,88
1124,D1119,Mareyeur / Mareyeuse,Mareyeur / Mareyeuse,Commerce de détail,88
1125,D1119,Mareyeur / Mareyeuse,Mareyeur / Mareyeuse,Commerce de gros,88
1126,D1222,Masseur / Masseuse bien-être,Masseur / Masseuse bien-être,Commerce de détail,88
1127,I1607,Mécanicien / Mécanicienne motocycles,Mécanicien / Mécanicienne motocycles,Commerce de détail,88
1128,D1116,Négociant / Négociante en bétail,Négociant / Négociante en bétail,Commerce de détail,88
1129,D1116,Négociant / Négociante en bétail,Négociant / Négociante en bétail,Commerce de gros,88
1130,D1511,Opérateur / Opératrice de station service,Opérateur / Opératrice de station service,Grande distribution,88
1131,J1405,Opticien / Opticienne,Opticien / Opticienne,Commerce de détail,88
1132,D1104,Pâtissier / Pâtissière,Pâtissier / Pâtissière,Commerce de détail,88
1133,D1105,Poissonnier / Poissonnière,Poissonnier / Poissonnière,Commerce de détail,88
1134,N1103,Préparateur / Préparatrice de commandes,Préparateur / Préparatrice de commandes,Grande distribution,88
1135,N1103,Préparateur / Préparatrice de commandes,Préparateur / Préparatrice de commandes,Commerce de détail,88
1136,D1439,Représentant / Représentante en biens et en services auprès des entreprises,Représentant / Représentante en biens et en services auprès des entreprises,Commerce de détail,88
1137,D1439,Représentant / Représentante en biens et en services auprès des entreprises,Représentant / Représentante en biens et en services auprès des entreprises,Commerce de gros,88
1138,K2116,Responsable d'unité d'enseignement de la conduite de véhicule,Responsable d'unité d'enseignement de la conduite de véhicule,Commerce de détail,88
1139,D1302,Responsable de boutique,Responsable de boutique,Commerce de détail,88
1140,D1302,Responsable de boutique,Responsable de boutique,Commerce de gros,88
1141,D1508,Responsable de caisses,Responsable de caisses,Grande distribution,88
1142,D1508,Responsable de caisses,Responsable de caisses,Commerce de détail,88
1143,D1509,Responsable de département en grande distribution,Responsable de département en grande distribution,Grande distribution,88
1144,M1701,Responsable de l'administration des ventes,Responsable de l'administration des ventes,Commerce de gros,88
1145,D1305,Responsable de magasin cycles,Responsable de magasin cycles,Commerce de détail,88
1146,D1304,Responsable de station de lavage,Responsable de station de lavage,Commerce de détail,88
1147,D1303,Responsable de station-service,Responsable de station-service,Commerce de détail,88
1148,E1113,Responsable e-commerce,Responsable e-commerce,Commerce de détail,88
1149,E1113,Responsable e-commerce,Responsable e-commerce,Commerce de gros,88
1150,D1444,Responsable grands comptes,Responsable grands comptes,Commerce de gros,88
1151,N1301,Responsable logistique,Responsable logistique,Grande distribution,88
1152,N1301,Responsable logistique,Responsable logistique,Commerce de détail,88
1153,N1301,Responsable logistique,Responsable logistique,Commerce de gros,88
1154,D1516,Responsable merchandising,Responsable merchandising,Grande distribution,88
1155,G1613,Restaurateur ambulant / Restauratrice ambulante,Restaurateur ambulant / Restauratrice ambulante,Commerce de détail,88
1156,G1804,Sommelier / Sommelière,Sommelier / Sommelière,Commerce de détail,88
1157,I1402,Technicien / Technicienne de maintenance en appareils électroménagers,Technicien / Technicienne de maintenance en appareils électroménagers,Grande distribution,88
1158,I1402,Technicien / Technicienne de maintenance en appareils électroménagers,Technicien / Technicienne de maintenance en appareils électroménagers,Commerce de détail,88
1159,D1407,Technico-commercial / Technico-commerciale,Technico-commercial / Technico-commerciale,Commerce de détail,88
1160,D1441,Technico-commercial / Technico-commerciale de l'industrie et des services nautiques,Technico-commercial / Technico-commerciale de l'industrie et des services nautiques,Commerce de détail,88
1161,D1441,Technico-commercial / Technico-commerciale de l'industrie et des services nautiques,Technico-commercial / Technico-commerciale de l'industrie et des services nautiques,Commerce de gros,88
1162,D1418,Technico-commercial / Technico-commerciale produits bois,Technico-commercial / Technico-commerciale produits bois,Commerce de gros,88
1163,D1114,Torréfacteur / Torréfactrice,Torréfacteur / Torréfactrice,Commerce de détail,88
1164,D1404,Vendeur / Vendeuse automobile,Vendeur / Vendeuse automobile,Commerce de détail,88
1165,D1219,Vendeur / Vendeuse conseil en jardinerie,Vendeur / Vendeuse conseil en jardinerie,Commerce de détail,88
1166,D1211,Vendeur / Vendeuse d'articles de sport et loisirs,Vendeur / Vendeuse d'articles de sport et loisirs,Commerce de détail,88
1167,D1249,Vendeur / Vendeuse de cuisines,Vendeur / Vendeuse de cuisines,Commerce de détail,88
1168,D1221,Vendeur / Vendeuse de produits culturels et ludiques,Vendeur / Vendeuse de produits culturels et ludiques,Commerce de détail,88
1169,D1246,Vendeur / Vendeuse en accessoires de la personne,Vendeur / Vendeuse en accessoires de la personne,Commerce de détail,88
1170,D1210,Vendeur / Vendeuse en animalerie,Vendeur / Vendeuse en animalerie,Commerce de détail,88
1171,D1254,Vendeur / Vendeuse en articles de papeterie et loisirs créatifs,Vendeur / Vendeuse en articles de papeterie et loisirs créatifs,Commerce de détail,88
1172,D1247,Vendeur / Vendeuse en articles de puériculture,Vendeur / Vendeuse en articles de puériculture,Grande distribution,88
1173,D1247,Vendeur / Vendeuse en articles de puériculture,Vendeur / Vendeuse en articles de puériculture,Commerce de détail,88
1174,D1106,Vendeur / Vendeuse en épicerie,Vendeur / Vendeuse en épicerie,Commerce de détail,88
1175,D1212,Vendeur / Vendeuse en équipement de la maison,Vendeur / Vendeuse en équipement de la maison,Grande distribution,88
1176,D1212,Vendeur / Vendeuse en équipement de la maison,Vendeur / Vendeuse en équipement de la maison,Commerce de détail,88
1177,D1245,Vendeur / Vendeuse en parfumerie,Vendeur / Vendeuse en parfumerie,Grande distribution,88
1178,D1245,Vendeur / Vendeuse en parfumerie,Vendeur / Vendeuse en parfumerie,Commerce de détail,88
1179,D1214,Vendeur / Vendeuse en prêt-à-porter,Vendeur / Vendeuse en prêt-à-porter,Commerce de détail,88
1180,D1213,Vendeur / Vendeuse grossiste en équipement du foyer,Vendeur / Vendeuse grossiste en équipement du foyer,Commerce de gros,88
1181,D1107,Vendeur / Vendeuse grossiste en produits frais,Vendeur / Vendeuse grossiste en produits frais,Grande distribution,88
1182,D1107,Vendeur / Vendeuse grossiste en produits frais,Vendeur / Vendeuse grossiste en produits frais,Commerce de gros,88
1183,D1110,Vendeur ambulant / Vendeuse ambulante,Vendeur ambulant / Vendeuse ambulante,Commerce de détail,88
1184,D1251,Vendeur de tabac-presse / Vendeuse de tabac-presse,Vendeur de tabac-presse / Vendeuse de tabac-presse,Commerce de détail,88
1185,E1313,Agent / Agente d'encadrement en industrie graphique,Agent / Agente d'encadrement en industrie graphique,Imprimerie,89
1186,E1304,Agent / Agente de façonnage et routage,Agent / Agente de façonnage et routage,Imprimerie,89
1187,E1303,Chef / Cheffe de fabrication en industrie graphique,Chef / Cheffe de fabrication en industrie graphique,Imprimerie,89
1188,H3102,Conducteur / Conductrice d'installation de pâte à papier,Conducteur / Conductrice d'installation de pâte à papier,Papier,89
1189,H3106,Conducteur / Conductrice de ligne en industrie papetière,Conducteur / Conductrice de ligne en industrie papetière,Imprimerie,89
1190,H3106,Conducteur / Conductrice de ligne en industrie papetière,Conducteur / Conductrice de ligne en industrie papetière,Papier,89
1191,H3101,Conducteur / Conductrice de machines à papier ou carton,Conducteur / Conductrice de machines à papier ou carton,Papier,89
1192,E1314,Conducteur / Conductrice de machines à pelliculer,Conducteur / Conductrice de machines à pelliculer,Imprimerie,89
1193,E1314,Conducteur / Conductrice de machines à pelliculer,Conducteur / Conductrice de machines à pelliculer,Papier,89
1194,E1316,Conducteur / Conductrice de machines à sérigraphier,Conducteur / Conductrice de machines à sérigraphier,Imprimerie,89
1195,E1301,Conducteur / Conductrice de machines d'impression,Conducteur / Conductrice de machines d'impression,Imprimerie,89
1196,E1302,Conducteur / Conductrice de machines de façonnage routage,Conducteur / Conductrice de machines de façonnage routage,Imprimerie,89
1197,E1315,Conducteur / Conductrice de machines de reliure automatique,Conducteur / Conductrice de machines de reliure automatique,Imprimerie,89
1198,E1315,Conducteur / Conductrice de machines de reliure automatique,Conducteur / Conductrice de machines de reliure automatique,Papier,89
1199,E1310,Contrôleur / Contrôleuse qualité en industrie graphique,Contrôleur / Contrôleuse qualité en industrie graphique,Imprimerie,89
1200,H3303,Cuisinier / Cuisinière en industrie chimique,Cuisinier / Cuisinière en industrie chimique,Papier,89
1201,E1415,Directeur / Directrice de la production publicitaire,Directeur / Directrice de la production publicitaire,Imprimerie,89
1202,E1415,Directeur / Directrice de la production publicitaire,Directeur / Directrice de la production publicitaire,Papier,89
1203,E1306,Opérateur / Opératrice de prépresse,Opérateur / Opératrice de prépresse,Imprimerie,89
1204,H3104,Opérateur / Opératrice de production de papier carton,Opérateur / Opératrice de production de papier carton,Papier,89
1205,H3103,Opérateur / Opératrice de production de pâte à papier,Opérateur / Opératrice de production de pâte à papier,Papier,89
1206,E1307,Opérateur / Opératrice en reprographie,Opérateur / Opératrice en reprographie,Imprimerie,89
1207,E1311,Régleur / Régleuse de machines de façonnage routage,Régleur / Régleuse de machines de façonnage routage,Imprimerie,89
1208,B1402,Relieur / Relieuse d'art,Relieur / Relieuse d'art,Imprimerie,89
1209,B1402,Relieur / Relieuse d'art,Relieur / Relieuse d'art,Papier,89
1210,E1309,Responsable d'atelier de façonnage routage,Responsable d'atelier de façonnage routage,Imprimerie,89
1211,B1403,Restaurateur / Restauratrice de livres anciens,Restaurateur / Restauratrice de livres anciens,Papier,89
1212,H3105,Technicien / Technicienne de production en industrie papetière,Technicien / Technicienne de production en industrie papetière,Papier,89
1213,E1308,Technicien / Technicienne des industries graphiques,Technicien / Technicienne des industries graphiques,Imprimerie,89
1214,H1240,Agent / Agente de finissage couleurs et effets cuirs et peaux,Agent / Agente de finissage couleurs et effets cuirs et peaux,Industrie - Textile et mode,90
1215,H2427,Applicateur / Applicatrice en tannerie-mégisserie,Applicateur / Applicatrice en tannerie-mégisserie,Industrie - Textile et mode,90
1216,B1807,Assistant / Assistante styliste,Assistant / Assistante styliste,Industrie - Textile et mode,90
1217,B1804,Brodeur / Brodeuse,Brodeur / Brodeuse,Industrie - Textile et mode,90
1218,H2515,Chef / Cheffe d'atelier en industrie de transformation,Chef / Cheffe d'atelier en industrie de transformation,Industrie - Textile et mode,90
1219,H2426,Chef / Cheffe d'équipe en atelier de coupe,Chef / Cheffe d'équipe en atelier de coupe,Industrie - Textile et mode,90
1220,H2513,Chef / Cheffe d'équipe et d'atelier cuir et peaux,Chef / Cheffe d'équipe et d'atelier cuir et peaux,Industrie - Textile et mode,90
1221,H2505,Chef / Cheffe d'équipe et d'atelier textile,Chef / Cheffe d'équipe et d'atelier textile,Industrie - Textile et mode,90
1222,H2424,Chef / Cheffe de ligne chromo en industrie textile,Chef / Cheffe de ligne chromo en industrie textile,Industrie - Textile et mode,90
1223,H1201,Coloriste en industrie,Coloriste en industrie,Industrie - Textile et mode,90
1224,H2405,Conducteur / Conductrice de ligne de production de textiles non-tissés,Conducteur / Conductrice de ligne de production de textiles non-tissés,Industrie - Textile et mode,90
1225,H2404,Conducteur / Conductrice de machine de production et transformation des fils,Conducteur / Conductrice de machine de production et transformation des fils,Industrie - Textile et mode,90
1226,H2403,Conducteur / Conductrice de machines de fabrication de produits textiles,Conducteur / Conductrice de machines de fabrication de produits textiles,Industrie - Textile et mode,90
1227,H2406,Conducteur / Conductrice de machines de traitement textile,Conducteur / Conductrice de machines de traitement textile,Industrie - Textile et mode,90
1228,H2417,Conducteur / Conductrice de rame textile,Conducteur / Conductrice de rame textile,Industrie - Textile et mode,90
1229,H2415,Contrôleur / Contrôleuse en industrie textile,Contrôleur / Contrôleuse en industrie textile,Industrie - Textile et mode,90
1230,D1206,Cordonnier / Cordonnière,Cordonnier / Cordonnière,Industrie - Textile et mode,90
1231,H2409,Coupeur / Coupeuse en industrie textile et matériaux souples,Coupeur / Coupeuse en industrie textile et matériaux souples,Industrie - Textile et mode,90
1232,B1803,Couturier / Couturière,Couturier / Couturière,Industrie - Textile et mode,90
1233,H2402,Couturier industriel / Couturière industrielle de l'habillement,Couturier industriel / Couturière industrielle de l'habillement,Industrie - Textile et mode,90
1234,B1814,Directeur / Directrice de collection,Directeur / Directrice de collection,Industrie - Textile et mode,90
1235,K2201,Employé / Employée de blanchisserie industrielle,Employé / Employée de blanchisserie industrielle,Industrie - Textile et mode,90
1236,H2425,Fileur / Fileuse en industrie textile,Fileur / Fileuse en industrie textile,Industrie - Textile et mode,90
1237,B1810,Fourreur / Fourreuse,Fourreur / Fourreuse,Industrie - Textile et mode,90
1238,H2416,Gainier industriel / Gainière industrielle,Gainier industriel / Gainière industrielle,Industrie - Textile et mode,90
1239,H2408,Imprimeur / Imprimeuse textile,Imprimeur / Imprimeuse textile,Industrie - Textile et mode,90
1240,H1102,Ingénieur / Ingénieure d'affaires en industrie,Ingénieur / Ingénieure d'affaires en industrie,Industrie - Textile et mode,90
1241,B1802,Maroquinier / Maroquinière,Maroquinier / Maroquinière,Industrie - Textile et mode,90
1242,H2423,Mécanicien / Mécanicienne industrie textile et de l'habillement,Mécanicien / Mécanicienne industrie textile et de l'habillement,Industrie - Textile et mode,90
1243,B1812,Modéliste,Modéliste,Industrie - Textile et mode,90
1244,H1205,Modéliste industriel / Modéliste industrielle,Modéliste industriel / Modéliste industrielle,Industrie - Textile et mode,90
1245,B1801,Modiste,Modiste,Industrie - Textile et mode,90
1246,H2411,Monteur / Monteuse prototypiste cuir et matériaux souples,Monteur / Monteuse prototypiste cuir et matériaux souples,Industrie - Textile et mode,90
1247,D1226,Nettoyeur / Nettoyeuse en cuir et peausserie,Nettoyeur / Nettoyeuse en cuir et peausserie,Industrie - Textile et mode,90
1248,H2413,Noueur / Noueuse de chaîne de tissage,Noueur / Noueuse de chaîne de tissage,Industrie - Textile et mode,90
1249,H2401,"Opérateur / Opératrice de fabrication industrie des cuirs, peaux et matériaux associés","Opérateur / Opératrice de fabrication industrie des cuirs, peaux et matériaux associés",Industrie - Textile et mode,90
1250,H2410,Opérateur / Opératrice de finition en industrie du textile,Opérateur / Opératrice de finition en industrie du textile,Industrie - Textile et mode,90
1251,H2414,"Opérateur / Opératrice de préparation ou de finition sur articles de cuirs, peaux ou matériaux associés","Opérateur / Opératrice de préparation ou de finition sur articles de cuirs, peaux ou matériaux associés",Industrie - Textile et mode,90
1252,H2418,Opérateur / Opératrice sur machine de production et transformation des fils,Opérateur / Opératrice sur machine de production et transformation des fils,Industrie - Textile et mode,90
1253,H2407,Opérateur / Opératrice sur machine de transformation et de finition des cuirs et peaux,Opérateur / Opératrice sur machine de transformation et de finition des cuirs et peaux,Industrie - Textile et mode,90
1254,H2419,Passementier / Passementière,Passementier / Passementière,Industrie - Textile et mode,90
1255,H2412,Patronnier / Patronnière,Patronnier / Patronnière,Industrie - Textile et mode,90
1256,H1231,Patronnier / Patronnière en chaussures,Patronnier / Patronnière en chaussures,Industrie - Textile et mode,90
1257,B1808,Premier / Première d'atelier,Premier / Première d'atelier,Industrie - Textile et mode,90
1258,H2421,Racheliste,Racheliste,Industrie - Textile et mode,90
1259,H2420,Repasseur / Repasseuse en industrie textile et de l'habillement,Repasseur / Repasseuse en industrie textile et de l'habillement,Industrie - Textile et mode,90
1260,H2512,Responsable d'atelier de fabrication de produits non-tissés,Responsable d'atelier de fabrication de produits non-tissés,Industrie - Textile et mode,90
1261,D1207,Retoucheur / Retoucheuse en habillement,Retoucheur / Retoucheuse en habillement,Industrie - Textile et mode,90
1262,B1809,Sellier / Sellière,Sellier / Sellière,Industrie - Textile et mode,90
1263,B1811,Sellier-garnisseur / Sellière-garnisseuse,Sellier-garnisseur / Sellière-garnisseuse,Industrie - Textile et mode,90
1264,B1805,Styliste,Styliste,Industrie - Textile et mode,90
1265,B1813,Tailleur / Tailleuse,Tailleur / Tailleuse,Industrie - Textile et mode,90
1266,H2422,Tapissier industriel / Tapissière industrielle,Tapissier industriel / Tapissière industrielle,Industrie - Textile et mode,90
1267,H1232,Technicien / Technicienne d'études en industrie des matériaux souples,Technicien / Technicienne d'études en industrie des matériaux souples,Industrie - Textile et mode,90
1268,B1815,Technicien voilier / Technicienne voilière,Technicien voilier / Technicienne voilière,Industrie - Textile et mode,90
1269,C1105,Actuaire en assurances,Actuaire en assurances,Assurance,91
1270,C1402,Agent / Agente technique des régimes de retraite complémentaire et de prévoyance,Agent / Agente technique des régimes de retraite complémentaire et de prévoyance,Assurance,91
1271,C1402,Agent / Agente technique des régimes de retraite complémentaire et de prévoyance,Agent / Agente technique des régimes de retraite complémentaire et de prévoyance,Banque,91
1272,C1402,Agent / Agente technique des régimes de retraite complémentaire et de prévoyance,Agent / Agente technique des régimes de retraite complémentaire et de prévoyance,Finance,91
1273,C1401,Agent administratif / Agente administrative banque ou assurance,Agent administratif / Agente administrative banque ou assurance,Banque,91
1274,C1112,Agent général / Agente générale d'assurance,Agent général / Agente générale d'assurance,Assurance,91
1275,C1202,Analyste de crédits et risques bancaires,Analyste de crédits et risques bancaires,Banque,91
1276,M1201,Analyste financier / Analyste financière,Analyste financier / Analyste financière,Finance,91
1277,C1114,Assureur / Assureuse maritime,Assureur / Assureuse maritime,Assurance,91
1278,M1202,Auditeur comptable et financier / Auditrice comptable et financière,Auditeur comptable et financier / Auditrice comptable et financière,Finance,91
1279,C1403,Cadre technique de la banque,Cadre technique de la banque,Assurance,91
1280,C1403,Cadre technique de la banque,Cadre technique de la banque,Banque,91
1281,C1403,Cadre technique de la banque,Cadre technique de la banque,Finance,91
1282,C1201,Chargé / Chargée d'accueil et de services clientèle bancaire,Chargé / Chargée d'accueil et de services clientèle bancaire,Banque,91
1283,C1203,Chargé / Chargée d'affaires bancaires,Chargé / Chargée d'affaires bancaires,Banque,91
1284,C1119,Chargé / Chargée d'affaires en assurances,Chargé / Chargée d'affaires en assurances,Assurance,91
1285,C1119,Chargé / Chargée d'affaires en assurances,Chargé / Chargée d'affaires en assurances,Banque,91
1286,C1119,Chargé / Chargée d'affaires en assurances,Chargé / Chargée d'affaires en assurances,Finance,91
1287,C1214,Chargé / Chargée d'études crédits bancaires,Chargé / Chargée d'études crédits bancaires,Assurance,91
1288,C1214,Chargé / Chargée d'études crédits bancaires,Chargé / Chargée d'études crédits bancaires,Banque,91
1289,C1214,Chargé / Chargée d'études crédits bancaires,Chargé / Chargée d'études crédits bancaires,Finance,91
1290,C1107,Chargé / Chargée d'indemnisations en assurances,Chargé / Chargée d'indemnisations en assurances,Assurance,91
1291,C1116,Chargé / Chargée de clientèle centre d'appels en assurances,Chargé / Chargée de clientèle centre d'appels en assurances,Assurance,91
1292,C1116,Chargé / Chargée de clientèle centre d'appels en assurances,Chargé / Chargée de clientèle centre d'appels en assurances,Banque,91
1293,C1116,Chargé / Chargée de clientèle centre d'appels en assurances,Chargé / Chargée de clientèle centre d'appels en assurances,Finance,91
1294,C1101,Chargé / Chargée de produit en assurances,Chargé / Chargée de produit en assurances,Assurance,91
1295,C1123,Chef / Cheffe de service de la sécurité sociale,Chef / Cheffe de service de la sécurité sociale,Assurance,91
1296,C1123,Chef / Cheffe de service de la sécurité sociale,Chef / Cheffe de service de la sécurité sociale,Banque,91
1297,C1123,Chef / Cheffe de service de la sécurité sociale,Chef / Cheffe de service de la sécurité sociale,Finance,91
1298,M1223,Chef / Cheffe des services administratifs et financiers,Chef / Cheffe des services administratifs et financiers,Finance,91
1299,K1910,Commissaire à la Cour des comptes,Commissaire à la Cour des comptes,Finance,91
1300,C1212,Conseiller / Conseillère à distance de banque,Conseiller / Conseillère à distance de banque,Assurance,91
1301,C1212,Conseiller / Conseillère à distance de banque,Conseiller / Conseillère à distance de banque,Banque,91
1302,C1212,Conseiller / Conseillère à distance de banque,Conseiller / Conseillère à distance de banque,Finance,91
1303,C1206,Conseiller / Conseillère de clientèle bancaire,Conseiller / Conseillère de clientèle bancaire,Banque,91
1304,C1120,Conseiller / Conseillère en études actuarielles,Conseiller / Conseillère en études actuarielles,Assurance,91
1305,C1120,Conseiller / Conseillère en études actuarielles,Conseiller / Conseillère en études actuarielles,Banque,91
1306,C1120,Conseiller / Conseillère en études actuarielles,Conseiller / Conseillère en études actuarielles,Finance,91
1307,M1219,Conseiller / Conseillère en fusion et acquisition,Conseiller / Conseillère en fusion et acquisition,Finance,91
1308,C1217,Conseiller commercial / Conseillère commerciale de banque,Conseiller commercial / Conseillère commerciale de banque,Assurance,91
1309,C1217,Conseiller commercial / Conseillère commerciale de banque,Conseiller commercial / Conseillère commerciale de banque,Banque,91
1310,C1217,Conseiller commercial / Conseillère commerciale de banque,Conseiller commercial / Conseillère commerciale de banque,Finance,91
1311,C1102,Conseiller commercial / Conseillère commerciale et relation client en assurances,Conseiller commercial / Conseillère commerciale et relation client en assurances,Assurance,91
1312,C1115,Conseiller retraite / Conseillère retraite,Conseiller retraite / Conseillère retraite,Assurance,91
1313,C1115,Conseiller retraite / Conseillère retraite,Conseiller retraite / Conseillère retraite,Banque,91
1314,C1115,Conseiller retraite / Conseillère retraite,Conseiller retraite / Conseillère retraite,Finance,91
1315,C1215,Contrôleur / Contrôleuse de banque,Contrôleur / Contrôleuse de banque,Assurance,91
1316,C1215,Contrôleur / Contrôleuse de banque,Contrôleur / Contrôleuse de banque,Banque,91
1317,C1215,Contrôleur / Contrôleuse de banque,Contrôleur / Contrôleuse de banque,Finance,91
1318,C1122,Contrôleur / Contrôleuse prestations de la sécurité sociale,Contrôleur / Contrôleuse prestations de la sécurité sociale,Assurance,91
1319,C1122,Contrôleur / Contrôleuse prestations de la sécurité sociale,Contrôleur / Contrôleuse prestations de la sécurité sociale,Banque,91
1320,C1122,Contrôleur / Contrôleuse prestations de la sécurité sociale,Contrôleur / Contrôleuse prestations de la sécurité sociale,Finance,91
1321,K2506,Convoyeur / Convoyeuse de fonds,Convoyeur / Convoyeuse de fonds,Banque,91
1322,C1103,Courtier / Courtière en assurance,Courtier / Courtière en assurance,Assurance,91
1323,C1208,Courtier / Courtière en banque,Courtier / Courtière en banque,Banque,91
1324,C1207,Directeur / Directrice d'agence bancaire,Directeur / Directrice d'agence bancaire,Banque,91
1325,C1213,Directeur / Directrice d'organisme de crédit,Directeur / Directrice d'organisme de crédit,Assurance,91
1326,C1213,Directeur / Directrice d'organisme de crédit,Directeur / Directrice d'organisme de crédit,Banque,91
1327,C1213,Directeur / Directrice d'organisme de crédit,Directeur / Directrice d'organisme de crédit,Finance,91
1328,M1208,Directeur / Directrice du contrôle de gestion,Directeur / Directrice du contrôle de gestion,Finance,91
1329,M1205,Directeur administratif et financier / Directrice administrative et financière (DAF),Directeur administratif et financier / Directrice administrative et financière (DAF),Finance,91
1330,M1224,Economiste financier / Economiste financière,Economiste financier / Economiste financière,Finance,91
1331,C1127,Expert / Experte à distance sinistres et dommages en assurances,Expert / Experte à distance sinistres et dommages en assurances,Assurance,91
1332,C1127,Expert / Experte à distance sinistres et dommages en assurances,Expert / Experte à distance sinistres et dommages en assurances,Banque,91
1333,C1127,Expert / Experte à distance sinistres et dommages en assurances,Expert / Experte à distance sinistres et dommages en assurances,Finance,91
1334,C1113,Expert / Experte en assurances dommages automobile,Expert / Experte en assurances dommages automobile,Assurance,91
1335,C1106,Expert / Experte risques en assurances,Expert / Experte risques en assurances,Assurance,91
1336,C1304,Gestionnaire d'organisme de placement collectif en valeurs mobilières -OPCVM-,Gestionnaire d'organisme de placement collectif en valeurs mobilières -OPCVM-,Assurance,91
1337,C1304,Gestionnaire d'organisme de placement collectif en valeurs mobilières -OPCVM-,Gestionnaire d'organisme de placement collectif en valeurs mobilières -OPCVM-,Banque,91
1338,C1304,Gestionnaire d'organisme de placement collectif en valeurs mobilières -OPCVM-,Gestionnaire d'organisme de placement collectif en valeurs mobilières -OPCVM-,Finance,91
1339,C1204,Gestionnaire de produits bancaires,Gestionnaire de produits bancaires,Finance,91
1340,M1228,Gestionnaire de risques financiers,Gestionnaire de risques financiers,Finance,91
1341,C1302,Gestionnaire des opérations sur les marchés financiers,Gestionnaire des opérations sur les marchés financiers,Finance,91
1342,C1109,Gestionnaire en assurances,Gestionnaire en assurances,Assurance,91
1343,C1130,Gestionnaire en protection sociale,Gestionnaire en protection sociale,Assurance,91
1344,C1130,Gestionnaire en protection sociale,Gestionnaire en protection sociale,Banque,91
1345,C1130,Gestionnaire en protection sociale,Gestionnaire en protection sociale,Finance,91
1346,C1211,Guichetier vendeur / Guichetière vendeuse,Guichetier vendeur / Guichetière vendeuse,Assurance,91
1347,C1211,Guichetier vendeur / Guichetière vendeuse,Guichetier vendeur / Guichetière vendeuse,Banque,91
1348,C1211,Guichetier vendeur / Guichetière vendeuse,Guichetier vendeur / Guichetière vendeuse,Finance,91
1349,C1121,Inspecteur / Inspectrice des assurances,Inspecteur / Inspectrice des assurances,Assurance,91
1350,C1121,Inspecteur / Inspectrice des assurances,Inspecteur / Inspectrice des assurances,Banque,91
1351,C1121,Inspecteur / Inspectrice des assurances,Inspecteur / Inspectrice des assurances,Finance,91
1352,C1111,Mandataire en assurance,Mandataire en assurance,Assurance,91
1353,M1214,Négociateur / Négociatrice en devises,Négociateur / Négociatrice en devises,Banque,91
1354,M1214,Négociateur / Négociatrice en devises,Négociateur / Négociatrice en devises,Finance,91
1355,N1208,Opérateur / Opératrice de traitement de valeurs,Opérateur / Opératrice de traitement de valeurs,Banque,91
1356,N1208,Opérateur / Opératrice de traitement de valeurs,Opérateur / Opératrice de traitement de valeurs,Finance,91
1357,C1305,Opérateur / Opératrice sur marchés financiers,Opérateur / Opératrice sur marchés financiers,Assurance,91
1358,C1305,Opérateur / Opératrice sur marchés financiers,Opérateur / Opératrice sur marchés financiers,Banque,91
1359,C1305,Opérateur / Opératrice sur marchés financiers,Opérateur / Opératrice sur marchés financiers,Finance,91
1360,C1216,Rédacteur / Rédactrice Banque de France,Rédacteur / Rédactrice Banque de France,Assurance,91
1361,C1216,Rédacteur / Rédactrice Banque de France,Rédacteur / Rédactrice Banque de France,Banque,91
1362,C1216,Rédacteur / Rédactrice Banque de France,Rédacteur / Rédactrice Banque de France,Finance,91
1363,C1128,Rédacteur / Rédactrice règlement assurances,Rédacteur / Rédactrice règlement assurances,Assurance,91
1364,C1128,Rédacteur / Rédactrice règlement assurances,Rédacteur / Rédactrice règlement assurances,Banque,91
1365,C1128,Rédacteur / Rédactrice règlement assurances,Rédacteur / Rédactrice règlement assurances,Finance,91
1366,C1104,Responsable d'agence en assurances,Responsable d'agence en assurances,Assurance,91
1367,C1108,Responsable de département en assurances,Responsable de département en assurances,Assurance,91
1368,C1303,Responsable de portefeuille financier,Responsable de portefeuille financier,Finance,91
1369,C1118,Responsable de secteur en assurances,Responsable de secteur en assurances,Assurance,91
1370,C1118,Responsable de secteur en assurances,Responsable de secteur en assurances,Banque,91
1371,C1118,Responsable de secteur en assurances,Responsable de secteur en assurances,Finance,91
1372,M1221,Responsable financement de projet,Responsable financement de projet,Finance,91
1373,C1125,Responsable gestion des sinistres,Responsable gestion des sinistres,Assurance,91
1374,C1125,Responsable gestion des sinistres,Responsable gestion des sinistres,Banque,91
1375,C1125,Responsable gestion des sinistres,Responsable gestion des sinistres,Finance,91
1376,C1129,Responsable grands comptes assurances,Responsable grands comptes assurances,Assurance,91
1377,C1129,Responsable grands comptes assurances,Responsable grands comptes assurances,Banque,91
1378,C1129,Responsable grands comptes assurances,Responsable grands comptes assurances,Finance,91
1379,M1226,Responsable investissements,Responsable investissements,Finance,91
1380,C1110,Souscripteur / Souscriptrice en assurances,Souscripteur / Souscriptrice en assurances,Assurance,91
1381,C1209,Spécialiste de la vérification client,Spécialiste de la vérification client,Assurance,91
1382,C1209,Spécialiste de la vérification client,Spécialiste de la vérification client,Banque,91
1383,I1322,Technicien / Technicienne de maintenance des automates bancaires,Technicien / Technicienne de maintenance des automates bancaires,Banque,91
1384,C1124,Technicien / Technicienne sécurité sociale,Technicien / Technicienne sécurité sociale,Assurance,91
1385,C1124,Technicien / Technicienne sécurité sociale,Technicien / Technicienne sécurité sociale,Banque,91
1386,C1124,Technicien / Technicienne sécurité sociale,Technicien / Technicienne sécurité sociale,Finance,91
1387,C1301,Trader,Trader,Finance,91
1388,C1210,Vendeur / Vendeuse en devises,Vendeur / Vendeuse en devises,Assurance,91
1389,C1210,Vendeur / Vendeuse en devises,Vendeur / Vendeuse en devises,Banque,91
1390,C1210,Vendeur / Vendeuse en devises,Vendeur / Vendeuse en devises,Finance,91
1391,C1508,Assistant / Assistante de gestion syndic immobilier,Assistant / Assistante de gestion syndic immobilier,Immobilier,92
1392,F1133,Chargé / Chargée d'affaires foncières,Chargé / Chargée d'affaires foncières,Immobilier,92
1393,C1503,Chargé / Chargée d'affaires immobilières,Chargé / Chargée d'affaires immobilières,Immobilier,92
1394,C1502,Chargé / Chargée de gestion locative en immobilier,Chargé / Chargée de gestion locative en immobilier,Immobilier,92
1395,C1507,Chargé / Chargée de recouvrement immobilier,Chargé / Chargée de recouvrement immobilier,Immobilier,92
1396,C1205,Conseiller / Conseillère en gestion de patrimoine,Conseiller / Conseillère en gestion de patrimoine,Immobilier,92
1397,C1504,Conseiller / Conseillère immobilier,Conseiller / Conseillère immobilier,Immobilier,92
1398,K2501,Gardien / Gardienne d'immeuble,Gardien / Gardienne d'immeuble,Immobilier,92
1399,C1501,Gestionnaire de copropriété,Gestionnaire de copropriété,Immobilier,92
1400,C1505,Responsable d'agence immobilière,Responsable d'agence immobilière,Immobilier,92
1401,I1105,Responsable de maintenance et d'exploitation,Responsable de maintenance et d'exploitation,Immobilier,92
1402,C1506,Responsable de projet immobilier,Responsable de projet immobilier,Immobilier,92
1403,G1245,Accompagnateur / Accompagnatrice en moyenne montagne,Accompagnateur / Accompagnatrice en moyenne montagne,Sport,93
1404,G1231,Accompagnateur / Accompagnatrice nature,Accompagnateur / Accompagnatrice nature,Animation et loisir,93
1405,G1248,Agent / Agente d'accueil en cinéma,Agent / Agente d'accueil en cinéma,Animation et loisir,93
1406,N3207,Agent / Agente de port de plaisance,Agent / Agente de port de plaisance,Animation et loisir,93
1407,L1303,Agent / Agente de talent,Agent / Agente de talent,Sport,93
1408,G1211,Analyste de la performance sportive,Analyste de la performance sportive,Sport,93
1409,G1202,Animateur / Animatrice d'atelier artistique ou ludique,Animateur / Animatrice d'atelier artistique ou ludique,Animation et loisir,93
1410,G1238,Animateur / Animatrice d'atelier multimédia,Animateur / Animatrice d'atelier multimédia,Animation et loisir,93
1411,G1236,Animateur / Animatrice de club de vacances,Animateur / Animatrice de club de vacances,Animation et loisir,93
1412,G1209,Animateur / Animatrice de loisirs sportifs,Animateur / Animatrice de loisirs sportifs,Sport,93
1413,G1209,Animateur / Animatrice de loisirs sportifs,Animateur / Animatrice de loisirs sportifs,Animation et loisir,93
1414,G1235,Animateur / Animatrice de séjour de vacances,Animateur / Animatrice de séjour de vacances,Animation et loisir,93
1415,G1223,Animateur / Animatrice en site de divertissement,Animateur / Animatrice en site de divertissement,Animation et loisir,93
1416,G1203,Animateur / Animatrice jeunesse,Animateur / Animatrice jeunesse,Animation et loisir,93
1417,G1246,Animateur / Animatrice mobilité à vélo,Animateur / Animatrice mobilité à vélo,Animation et loisir,93
1418,K1206,Animateur coordinateur socioculturel / Animatrice coordinatrice socioculturelle,Animateur coordinateur socioculturel / Animatrice coordinatrice socioculturelle,Animation et loisir,93
1419,G1212,Animateur socio-sportif / Animatrice socio-sportive,Animateur socio-sportif / Animatrice socio-sportive,Sport,93
1420,G1212,Animateur socio-sportif / Animatrice socio-sportive,Animateur socio-sportif / Animatrice socio-sportive,Animation et loisir,93
1421,L1402,Arbitre professionnel / Professionnelle de discipline sportive,Arbitre professionnel / Professionnelle de discipline sportive,Sport,93
1422,E1126,Auteur / Auteure de jeux de société,Auteur / Auteure de jeux de société,Animation et loisir,93
1423,N3115,Capitaine de yacht,Capitaine de yacht,Animation et loisir,93
1424,L1403,Cavalier / Cavalière d'entraînement,Cavalier / Cavalière d'entraînement,Sport,93
1425,G1213,Chargé / Chargée de développement d'activités sportives,Chargé / Chargée de développement d'activités sportives,Sport,93
1426,D1415,Chargé / Chargée de relation client,Chargé / Chargée de relation client,Animation et loisir,93
1427,G1226,Chef / Cheffe de bassin,Chef / Cheffe de bassin,Sport,93
1428,K1605,Commissaire d'exposition,Commissaire d'exposition,Animation et loisir,93
1429,E1125,Concepteur / Conceptrice de jeux vidéo,Concepteur / Conceptrice de jeux vidéo,Animation et loisir,93
1430,N4117,Conducteur / Conductrice d'attelage,Conducteur / Conductrice d'attelage,Animation et loisir,93
1431,F1303,Conducteur / Conductrice d'engin de damage,Conducteur / Conductrice d'engin de damage,Animation et loisir,93
1432,N4402,Conducteur / Conductrice de remontées mécaniques,Conducteur / Conductrice de remontées mécaniques,Sport,93
1433,E1117,Conseiller / Conseillère en organisation d'événementiel de particuliers,Conseiller / Conseillère en organisation d'événementiel de particuliers,Animation et loisir,93
1434,J1414,Coordinateur / Coordinatrice en activité physique adaptée,Coordinateur / Coordinatrice en activité physique adaptée,Sport,93
1435,G1206,Croupier / Croupière,Croupier / Croupière,Animation et loisir,93
1436,G1237,Directeur / Directrice d'accueil de loisirs sans hébergement,Directeur / Directrice d'accueil de loisirs sans hébergement,Animation et loisir,93
1437,G1406,Directeur / Directrice d'équipement sportif,Directeur / Directrice d'équipement sportif,Sport,93
1438,K1413,Directeur / Directrice d'établissement à caractère social,Directeur / Directrice d'établissement à caractère social,Animation et loisir,93
1439,G1414,Directeur / Directrice d'exploitation de site de divertissement,Directeur / Directrice d'exploitation de site de divertissement,Animation et loisir,93
1440,G1241,Directeur / Directrice de centre de séjour de vacances,Directeur / Directrice de centre de séjour de vacances,Animation et loisir,93
1441,K1219,Directeur / Directrice de centre socioculturel,Directeur / Directrice de centre socioculturel,Animation et loisir,93
1442,G1412,Directeur / Directrice de parc à thème,Directeur / Directrice de parc à thème,Animation et loisir,93
1443,G1418,Directeur / Directrice de salle de cinéma,Directeur / Directrice de salle de cinéma,Animation et loisir,93
1444,G1244,Directeur / Directrice des jeux,Directeur / Directrice des jeux,Animation et loisir,93
1445,G1405,Directeur / Directrice de structure sportive,Directeur / Directrice de structure sportive,Sport,93
1446,N3211,Directeur de port / Directrice de port,Directeur de port / Directrice de port,Animation et loisir,93
1447,G1214,Directeur sportif / Directrice sportive,Directeur sportif / Directrice sportive,Sport,93
1448,L1101,DJ,DJ,Animation et loisir,93
1449,A1508,Dresseur animalier / Dresseuse animalière,Dresseur animalier / Dresseuse animalière,Animation et loisir,93
1450,G1240,Educateur / Educatrice nature environnement,Educateur / Educatrice nature environnement,Animation et loisir,93
1451,G1204,Educateur sportif / Educatrice sportive,Educateur sportif / Educatrice sportive,Sport,93
1452,G1215,Educateur sportif / Educatrice sportive Santé,Educateur sportif / Educatrice sportive Santé,Sport,93
1453,A1209,Elagueur / Elagueuse,Elagueur / Elagueuse,Animation et loisir,93
1454,G1210,Enseignant / Enseignante d'équitation,Enseignant / Enseignante d'équitation,Sport,93
1455,G1208,Entraîneur / Entraîneure de sport professionnel et de haut niveau,Entraîneur / Entraîneure de sport professionnel et de haut niveau,Sport,93
1456,G1417,Exploitant / Exploitante de casino de jeux,Exploitant / Exploitante de casino de jeux,Animation et loisir,93
1457,E1111,Game master,Game master,Animation et loisir,93
1458,G1229,Guide-accompagnateur / Guide-accompagnatrice de pêche,Guide-accompagnateur / Guide-accompagnatrice de pêche,Sport,93
1459,G1228,Guide de haute montagne,Guide de haute montagne,Sport,93
1460,G1230,Guide de tourisme équestre,Guide de tourisme équestre,Sport,93
1461,M1610,Intendant / Intendante du sport,Intendant / Intendante du sport,Sport,93
1462,A1208,Jardinier / Jardinière paysagiste,Jardinier / Jardinière paysagiste,Animation et loisir,93
1463,A1220,Jardinier / Jardinière paysagiste en terrain de sport,Jardinier / Jardinière paysagiste en terrain de sport,Animation et loisir,93
1464,G1224,Maître-nageur sauveteur / Maître-nageuse sauveteuse,Maître-nageur sauveteur / Maître-nageuse sauveteuse,Sport,93
1465,G1409,Manager en restauration rapide,Manager en restauration rapide,Animation et loisir,93
1466,L1208,Mascotte-personnage,Mascotte-personnage,Animation et loisir,93
1467,I1607,Mécanicien / Mécanicienne motocycles,Mécanicien / Mécanicienne motocycles,Sport,93
1468,G1242,Médiateur / Médiatrice scientifique,Médiateur / Médiatrice scientifique,Animation et loisir,93
1469,G1216,Moniteur / Monitrice de sport nature,Moniteur / Monitrice de sport nature,Sport,93
1470,G1217,Moniteur / Monitrice en salle de sport,Moniteur / Monitrice en salle de sport,Sport,93
1471,G1234,Musher guide de randonnée en traîneau,Musher guide de randonnée en traîneau,Sport,93
1472,I1331,Nivoculteur / Nivocultrice,Nivoculteur / Nivocultrice,Animation et loisir,93
1473,G1205,Opérateur / Opératrice d'attraction,Opérateur / Opératrice d'attraction,Animation et loisir,93
1474,G1232,Opérateur / Opératrice de parcours acrobatique dans les arbres,Opérateur / Opératrice de parcours acrobatique dans les arbres,Animation et loisir,93
1475,A1323,Ornithologue,Ornithologue,Animation et loisir,93
1476,G1225,Ouvreur / Ouvreuse de salle de spectacles,Ouvreur / Ouvreuse de salle de spectacles,Animation et loisir,93
1477,A1214,Patrouilleur modeleur / Patrouilleuse modeleuse VTT,Patrouilleur modeleur / Patrouilleuse modeleuse VTT,Animation et loisir,93
1478,N2206,Pilote de drone,Pilote de drone,Animation et loisir,93
1479,K1726,Pisteur / Pisteuse secouriste,Pisteur / Pisteuse secouriste,Animation et loisir,93
1480,G1218,Préparateur / Préparatrice physique,Préparateur / Préparatrice physique,Sport,93
1481,G1233,Préparateur mental / Préparatrice mentale du sport,Préparateur mental / Préparatrice mentale du sport,Sport,93
1482,G1219,Recruteur sportif / Recruteuse sportive,Recruteur sportif / Recruteuse sportive,Sport,93
1483,L1512,Régisseur / Régisseuse de spectacles,Régisseur / Régisseuse de spectacles,Animation et loisir,93
1484,K1728,Régulateur / Régulatrice de secours en montagne,Régulateur / Régulatrice de secours en montagne,Animation et loisir,93
1485,G1239,Responsable d'animation,Responsable d'animation,Animation et loisir,93
1486,G1243,Responsable d'éducation et d'animation à l'environnement,Responsable d'éducation et d'animation à l'environnement,Animation et loisir,93
1487,A1217,Responsable de gardes nature,Responsable de gardes nature,Animation et loisir,93
1488,G1249,Responsable de hall de cinéma,Responsable de hall de cinéma,Animation et loisir,93
1489,C1506,Responsable de projet immobilier,Responsable de projet immobilier,Animation et loisir,93
1490,G1221,Responsable des attractions,Responsable des attractions,Animation et loisir,93
1491,G1403,Responsable de service en établissement touristique,Responsable de service en établissement touristique,Animation et loisir,93
1492,L1513,Scénographe,Scénographe,Animation et loisir,93
1493,N3108,Skipper professionnel / Skipper professionnelle,Skipper professionnel / Skipper professionnelle,Animation et loisir,93
1494,L1401,Sportif professionnel / Sportive professionnelle,Sportif professionnel / Sportive professionnelle,Sport,93
1495,G1247,Surveillant / Surveillante d'espaces aquatiques,Surveillant / Surveillante d'espaces aquatiques,Animation et loisir,93
1496,G1207,Surveillant / Surveillante de baignade,Surveillant / Surveillante de baignade,Sport,93
1497,D1211,Vendeur / Vendeuse d'articles de sport et loisirs,Vendeur / Vendeuse d'articles de sport et loisirs,Sport,93
1498,D1211,Vendeur / Vendeuse d'articles de sport et loisirs,Vendeur / Vendeuse d'articles de sport et loisirs,Animation et loisir,93
1499,D1221,Vendeur / Vendeuse de produits culturels et ludiques,Vendeur / Vendeuse de produits culturels et ludiques,Animation et loisir,93
1500,E1409,Acheteur / Acheteuse média,Acheteur / Acheteuse média,Communication et marketing,94
1501,I1207,Agent / Agente de maintenance de mobilier urbain et publicitaire,Agent / Agente de maintenance de mobilier urbain et publicitaire,Communication et marketing,94
1502,I1201,Agent / Agente technique d'affichage,Agent / Agente technique d'affichage,Communication et marketing,94
1503,L1103,Animateur / Animatrice d'antenne,Animateur / Animatrice d'antenne,Communication et marketing,94
1504,L1104,Animateur / Animatrice événementiel,Animateur / Animatrice événementiel,Communication et marketing,94
1505,E1404,Assistant / Assistante en publicité,Assistant / Assistante en publicité,Communication et marketing,94
1506,M1620,Assistant / Assistante marketing,Assistant / Assistante marketing,Communication et marketing,94
1507,E1133,Attaché parlementaire / Attachée parlementaire,Attaché parlementaire / Attachée parlementaire,Communication et marketing,94
1508,E1127,Brand content manager,Brand content manager,Communication et marketing,94
1509,D1443,Chargé / Chargée d'assistance,Chargé / Chargée d'assistance,Communication et marketing,94
1510,M1430,Chargé / Chargée d'études commerciales,Chargé / Chargée d'études commerciales,Communication et marketing,94
1511,M1403,Chargé / Chargée d'études socio-économiques,Chargé / Chargée d'études socio-économiques,Communication et marketing,94
1512,E1112,Chargé / Chargée de communication,Chargé / Chargée de communication,Communication et marketing,94
1513,E1411,Chargé / Chargée de développement du patrimoine publicitaire,Chargé / Chargée de développement du patrimoine publicitaire,Communication et marketing,94
1514,E1414,Chargé / Chargée de diffusion publicitaire,Chargé / Chargée de diffusion publicitaire,Communication et marketing,94
1515,M1714,Chargé / Chargée de l'information promotionnelle du médicament en industrie pharmaceutique,Chargé / Chargée de l'information promotionnelle du médicament en industrie pharmaceutique,Communication et marketing,94
1516,M1718,Chargé / Chargée de marketing digital,Chargé / Chargée de marketing digital,Communication et marketing,94
1517,E1131,Chargé / Chargée de plaidoyer,Chargé / Chargée de plaidoyer,Communication et marketing,94
1518,M1719,Chargé / Chargée des relations avec les influenceurs,Chargé / Chargée des relations avec les influenceurs,Communication et marketing,94
1519,E1103,Chargé / Chargée des relations publiques,Chargé / Chargée des relations publiques,Communication et marketing,94
1520,I1206,Chef / Cheffe d'équipe en mobilier urbain et publicitaire,Chef / Cheffe d'équipe en mobilier urbain et publicitaire,Communication et marketing,94
1521,M1703,Chef / Cheffe de produit,Chef / Cheffe de produit,Communication et marketing,94
1522,E1107,Chef / Cheffe de projet événementiel,Chef / Cheffe de projet événementiel,Communication et marketing,94
1523,E1413,Chef / Cheffe de projet publicitaire,Chef / Cheffe de projet publicitaire,Communication et marketing,94
1524,M1706,Chef / Cheffe de promotion des ventes,Chef / Cheffe de promotion des ventes,Communication et marketing,94
1525,E1401,Chef / Cheffe de publicité,Chef / Cheffe de publicité,Communication et marketing,94
1526,E1101,Community manager,Community manager,Communication et marketing,94
1527,E1104,Concepteur / Conceptrice de contenus multimedia,Concepteur / Conceptrice de contenus multimedia,Communication et marketing,94
1528,E1119,Concepteur rédacteur / Conceptrice rédactrice,Concepteur rédacteur / Conceptrice rédactrice,Communication et marketing,94
1529,D1408,Conseiller / Conseillère clientèle à distance,Conseiller / Conseillère clientèle à distance,Communication et marketing,94
1530,D1403,Conseiller commercial / Conseillère commerciale auprès des particuliers,Conseiller commercial / Conseillère commerciale auprès des particuliers,Communication et marketing,94
1531,E1403,Consultant / Consultante média,Consultant / Consultante média,Communication et marketing,94
1532,E1205,Designer graphique,Designer graphique,Communication et marketing,94
1533,E1211,Dessinateur-illustrateur / Dessinatrice-illustratrice,Dessinateur-illustrateur / Dessinatrice-illustratrice,Communication et marketing,94
1534,E1129,Directeur / Directrice artistique communication,Directeur / Directrice artistique communication,Communication et marketing,94
1535,M1422,Directeur / Directrice d'études socio-économiques,Directeur / Directrice d'études socio-économiques,Communication et marketing,94
1536,E1128,Directeur / Directrice de création,Directeur / Directrice de création,Communication et marketing,94
1537,M1708,Directeur / Directrice de l'accès au marché en industrie pharmaceutique,Directeur / Directrice de l'accès au marché en industrie pharmaceutique,Communication et marketing,94
1538,M1712,Directeur / Directrice de l'information promotionnelle du médicament en industrie pharmaceutique,Directeur / Directrice de l'information promotionnelle du médicament en industrie pharmaceutique,Communication et marketing,94
1539,E1109,Directeur / Directrice de la communication,Directeur / Directrice de la communication,Communication et marketing,94
1540,E1415,Directeur / Directrice de la production publicitaire,Directeur / Directrice de la production publicitaire,Communication et marketing,94
1541,M1803,Directeur / Directrice des systèmes d'information (DSI),Directeur / Directrice des systèmes d'information (DSI),Communication et marketing,94
1542,M1711,Directeur / Directrice du marketing,Directeur / Directrice du marketing,Communication et marketing,94
1543,M1716,Directeur / Directrice marketing digital,Directeur / Directrice marketing digital,Communication et marketing,94
1544,E1412,Directeur / Directrice média,Directeur / Directrice média,Communication et marketing,94
1545,M1715,Directeur commercial / Directrice commerciale,Directeur commercial / Directrice commerciale,Communication et marketing,94
1546,M1401,Enquêteur / Enquêtrice sondage,Enquêteur / Enquêtrice sondage,Communication et marketing,94
1547,E1406,Influenceur / Influenceuse web,Influenceur / Influenceuse web,Communication et marketing,94
1548,E1123,Interprète,Interprète,Communication et marketing,94
1549,K1816,Manager de commerce et territoire,Manager de commerce et territoire,Communication et marketing,94
1550,E1402,Média planneur / Média planneuse,Média planneur / Média planneuse,Communication et marketing,94
1551,E1207,Motion designer,Motion designer,Communication et marketing,94
1552,M1421,Panéliste,Panéliste,Communication et marketing,94
1553,M1702,Planneur / Planneuse stratégique,Planneur / Planneuse stratégique,Communication et marketing,94
1554,E1118,Présentateur / Présentatrice journaliste,Présentateur / Présentatrice journaliste,Communication et marketing,94
1555,M1418,Recruteur / Recruteuse de donateurs,Recruteur / Recruteuse de donateurs,Communication et marketing,94
1556,E1405,Référenceur / Référenceuse web,Référenceur / Référenceuse web,Communication et marketing,94
1557,E1116,Responsable d'édition en presse,Responsable d'édition en presse,Communication et marketing,94
1558,M1404,Responsable d'enquêtes terrain,Responsable d'enquêtes terrain,Communication et marketing,94
1559,D1435,Responsable de plateau de centre d'appels,Responsable de plateau de centre d'appels,Communication et marketing,94
1560,D1414,Responsable de zone internationale,Responsable de zone internationale,Communication et marketing,94
1561,M1707,Responsable du développement commercial,Responsable du développement commercial,Communication et marketing,94
1562,D1411,Responsable Efficacité Commerciale (SFE) en industrie pharmaceutique,Responsable Efficacité Commerciale (SFE) en industrie pharmaceutique,Communication et marketing,94
1563,M1717,Responsable innovation,Responsable innovation,Communication et marketing,94
1564,M1705,Responsable marketing,Responsable marketing,Communication et marketing,94
1565,E1410,Responsable programmatique,Responsable programmatique,Communication et marketing,94
1566,M1710,Responsable régional / Responsable régionale des relations scientifiques médicales,Responsable régional / Responsable régionale des relations scientifiques médicales,Communication et marketing,94
1567,M1704,Responsable service clients,Responsable service clients,Communication et marketing,94
1568,E1408,Responsable trafic création,Responsable trafic création,Communication et marketing,94
1569,E1124,Social media manager - Responsable des médias sociaux,Social media manager - Responsable des médias sociaux,Communication et marketing,94
1570,I1209,Technicien / Technicienne d'installation de panneau digital,Technicien / Technicienne d'installation de panneau digital,Communication et marketing,94
1571,E1108,Traducteur / Traductrice,Traducteur / Traductrice,Communication et marketing,94
1572,E1407,Traffic manager,Traffic manager,Communication et marketing,94
1573,E1210,Web designer,Web designer,Communication et marketing,94
1574,I1211,Agent / Agente d'exploitation de stationnement,Agent / Agente d'exploitation de stationnement,Automobile,95
1575,D1204,Agent technico-commercial / Agente technico-commerciale en location de véhicules,Agent technico-commercial / Agente technico-commerciale en location de véhicules,Automobile,95
1576,I1637,Aménageur / Aménageuse de véhicules,Aménageur / Aménageuse de véhicules,Automobile,95
1577,H2909,Assembleur monteur / Assembleuse monteuse,Assembleur monteur / Assembleuse monteuse,Automobile,95
1578,I1606,Carrossier-peintre / Carrossière-peintre,Carrossier-peintre / Carrossière-peintre,Automobile,95
1579,H2902,Chaudronnier / Chaudronnière,Chaudronnier / Chaudronnière,Automobile,95
1580,D1238,Chef / Cheffe d'agence de location de véhicules,Chef / Cheffe d'agence de location de véhicules,Automobile,95
1581,I1117,Chef / Cheffe d'atelier après-vente cycles,Chef / Cheffe d'atelier après-vente cycles,Automobile,95
1582,I1103,"Chef / Cheffe d'atelier après-vente des véhicules (auto, moto, VTR)","Chef / Cheffe d'atelier après-vente des véhicules (auto, moto, VTR)",Automobile,95
1583,I1112,Chef / Cheffe d'atelier engins de levage et de manutention,Chef / Cheffe d'atelier engins de levage et de manutention,Automobile,95
1584,I1110,Chef / Cheffe d'atelier machines agricoles,Chef / Cheffe d'atelier machines agricoles,Automobile,95
1585,I1113,Chef / Cheffe d'équipe atelier en démontage recyclage de VHU (Véhicules hors d'usage),Chef / Cheffe d'équipe atelier en démontage recyclage de VHU (Véhicules hors d'usage),Automobile,95
1586,D1252,Chef / Cheffe d'équipe de vente en pièces de rechange et d'accessoires de véhicules,Chef / Cheffe d'équipe de vente en pièces de rechange et d'accessoires de véhicules,Automobile,95
1587,I1623,Conseiller / Conseillère client après-vente des véhicules,Conseiller / Conseillère client après-vente des véhicules,Automobile,95
1588,D1223,Conseiller / Conseillère de vente en pièces de rechange et accessoires de véhicules,Conseiller / Conseillère de vente en pièces de rechange et accessoires de véhicules,Automobile,95
1589,D1440,Conseiller / Conseillère en livraison de véhicules,Conseiller / Conseillère en livraison de véhicules,Automobile,95
1590,D1423,Conseiller / Conseillère produits en véhicules,Conseiller / Conseillère produits en véhicules,Automobile,95
1591,I1628,Conseiller / Conseillère technique cycles,Conseiller / Conseillère technique cycles,Automobile,95
1592,D1421,Conseiller commercial / Conseillère commerciale en véhicules industriels,Conseiller commercial / Conseillère commerciale en véhicules industriels,Automobile,95
1593,D1434,Conseiller commercial / Conseillère commerciale motocycles,Conseiller commercial / Conseillère commerciale motocycles,Automobile,95
1594,D1427,Conseiller vendeur / Conseillère vendeuse d'autocars,Conseiller vendeur / Conseillère vendeuse d'autocars,Automobile,95
1595,D1430,Conseiller vendeur / Conseillère vendeuse de véhicules de loisirs,Conseiller vendeur / Conseillère vendeuse de véhicules de loisirs,Automobile,95
1596,I1617,Contrôleur / Contrôleuse technique de véhicules,Contrôleur / Contrôleuse technique de véhicules,Automobile,95
1597,C1117,Courtier automobile / Courtière automobile,Courtier automobile / Courtière automobile,Automobile,95
1598,I1625,Débosseleur / Débosseleuse sans peinture,Débosseleur / Débosseleuse sans peinture,Automobile,95
1599,I1608,Démonteur / Démonteuse de véhicules hors d'usage,Démonteur / Démonteuse de véhicules hors d'usage,Automobile,95
1600,I1615,Dépanneur-remorqueur / Dépanneuse-remorqueuse de véhicules,Dépanneur-remorqueur / Dépanneuse-remorqueuse de véhicules,Automobile,95
1601,K2110,Enseignant / Enseignante de la conduite et de la sécurité routière,Enseignant / Enseignante de la conduite et de la sécurité routière,Automobile,95
1602,C1113,Expert / Experte en assurances dommages automobile,Expert / Experte en assurances dommages automobile,Automobile,95
1603,D1437,Gérant / Gérante de négoce automobile,Gérant / Gérante de négoce automobile,Automobile,95
1604,H1102,Ingénieur / Ingénieure d'affaires en industrie,Ingénieur / Ingénieure d'affaires en industrie,Automobile,95
1605,F1628,Installateur / Installatrice de bornes de recharges électriques,Installateur / Installatrice de bornes de recharges électriques,Automobile,95
1606,H3411,Laqueur industriel / Laqueuse industrielle,Laqueur industriel / Laqueuse industrielle,Automobile,95
1607,I1604,Mécanicien / Mécanicienne automobile,Mécanicien / Mécanicienne automobile,Automobile,95
1608,I1619,Mécanicien / Mécanicienne cycles,Mécanicien / Mécanicienne cycles,Automobile,95
1609,I1613,Mécanicien / Mécanicienne des véhicules des transports routiers,Mécanicien / Mécanicienne des véhicules des transports routiers,Automobile,95
1610,I1607,Mécanicien / Mécanicienne motocycles,Mécanicien / Mécanicienne motocycles,Automobile,95
1611,I1624,Mécanicien réparateur / Mécanicienne réparatrice de véhicules anciens et historiques,Mécanicien réparateur / Mécanicienne réparatrice de véhicules anciens et historiques,Automobile,95
1612,H1245,Mécatronicien / Mécatronicienne,Mécatronicien / Mécatronicienne,Automobile,95
1613,H3204,Opérateur / Opératrice de production des matières plastiques et du caoutchouc,Opérateur / Opératrice de production des matières plastiques et du caoutchouc,Automobile,95
1614,D1511,Opérateur / Opératrice de station service,Opérateur / Opératrice de station service,Automobile,95
1615,I1631,Opérateur / Opératrice de vérification des dispositifs embarqués Véhicules de Transports Routiers VTR,Opérateur / Opératrice de vérification des dispositifs embarqués Véhicules de Transports Routiers VTR,Automobile,95
1616,I1632,Opérateur / Opératrice de vérification des dispositifs embarqués Véhicules Légers VL,Opérateur / Opératrice de vérification des dispositifs embarqués Véhicules Légers VL,Automobile,95
1617,I1630,Opérateur / Opératrice maintenance pneumatiques Véhicules Utilitaires et Industriels,Opérateur / Opératrice maintenance pneumatiques Véhicules Utilitaires et Industriels,Automobile,95
1618,H2921,Ouvrier / Ouvrière de montage en construction automobile,Ouvrier / Ouvrière de montage en construction automobile,Automobile,95
1619,I1609,Peintre automobile,Peintre automobile,Automobile,95
1620,H2705,Pilote de ligne de production de composants et de cellules pour batteries de véhicules électriques,Pilote de ligne de production de composants et de cellules pour batteries de véhicules électriques,Automobile,95
1621,I1611,Préparateur / Préparatrice de véhicules automobiles,Préparateur / Préparatrice de véhicules automobiles,Automobile,95
1622,I1614,Préparateur / Préparatrice en peinture automobile,Préparateur / Préparatrice en peinture automobile,Automobile,95
1623,I1626,Préparateur / Préparatrice en tôlerie automobile,Préparateur / Préparatrice en tôlerie automobile,Automobile,95
1624,I1610,Responsable atelier carrosserie,Responsable atelier carrosserie,Automobile,95
1625,I1116,Responsable d'exploitation de stationnement,Responsable d'exploitation de stationnement,Automobile,95
1626,I1119,Responsable de centre de démontage recyclage des VHU,Responsable de centre de démontage recyclage des VHU,Automobile,95
1627,I1114,Responsable de centres de contrôle technique de véhicules,Responsable de centres de contrôle technique de véhicules,Automobile,95
1628,I1109,Responsable de parc de véhicules,Responsable de parc de véhicules,Automobile,95
1629,I1115,Responsable de site(s) de vente et de réparation cycles,Responsable de site(s) de vente et de réparation cycles,Automobile,95
1630,I1118,Responsable de site SMAVA (service multimarques de l'après-vente automobile),Responsable de site SMAVA (service multimarques de l'après-vente automobile),Automobile,95
1631,D1303,Responsable de station-service,Responsable de station-service,Automobile,95
1632,I1111,Responsable technique après-vente des véhicules,Responsable technique après-vente des véhicules,Automobile,95
1633,H2703,Technicien / Technicienne de maintenance de batteries de véhicules électriques,Technicien / Technicienne de maintenance de batteries de véhicules électriques,Automobile,95
1634,I1629,Technicien / Technicienne de réparation et pose de vitrage des véhicules,Technicien / Technicienne de réparation et pose de vitrage des véhicules,Automobile,95
1635,H1522,Technicien / Technicienne en contrôles et essais non destructifs (CND END),Technicien / Technicienne en contrôles et essais non destructifs (CND END),Automobile,95
1636,H2704,Technicien démonteur / Technicienne démonteuse de batteries de véhicules électriques,Technicien démonteur / Technicienne démonteuse de batteries de véhicules électriques,Automobile,95
1637,I1612,Technicien expert / Technicienne experte après-vente automobile,Technicien expert / Technicienne experte après-vente automobile,Automobile,95
1638,I1622,Technicien expert / Technicienne experte après-vente de véhicules de transport routier,Technicien expert / Technicienne experte après-vente de véhicules de transport routier,Automobile,95
1639,I1627,Technicien expert / Technicienne experte après vente motocycles,Technicien expert / Technicienne experte après vente motocycles,Automobile,95
1640,I1621,Tôlier / Tôlière en carrosserie automobile,Tôlier / Tôlière en carrosserie automobile,Automobile,95
1641,D1404,Vendeur / Vendeuse automobile,Vendeur / Vendeuse automobile,Automobile,95
1642,D1426,Vendeur / Vendeuse en véhicules de collection,Vendeur / Vendeuse en véhicules de collection,Automobile,95
1643,I1405,Administrateur / Administratrice bureautique,Administrateur / Administratrice bureautique,Informatique,96
1644,M1849,Administrateur / Administratrice de messagerie,Administrateur / Administratrice de messagerie,Informatique,96
1645,M1843,Administrateur / Administratrice de serveurs,Administrateur / Administratrice de serveurs,Informatique,96
1646,M1834,Administrateur / Administratrice de site internet,Administrateur / Administratrice de site internet,Informatique,96
1647,M1801,Administrateur / Administratrice de systèmes d'information (SI),Administrateur / Administratrice de systèmes d'information (SI),Informatique,96
1648,M1830,Administrateur / Administratrice réseaux - télécoms,Administrateur / Administratrice réseaux - télécoms,Informatique,96
1649,M1830,Administrateur / Administratrice réseaux - télécoms,Administrateur / Administratrice réseaux - télécoms,Télécommunication,96
1650,M1817,Administrateur / Administratrice sécurité informatique,Administrateur / Administratrice sécurité informatique,Informatique,96
1651,I1409,Agent / Agente de maintenance en bureautique,Agent / Agente de maintenance en bureautique,Informatique,96
1652,M1848,Analyste Concepteur / Conceptrice informatique,Analyste Concepteur / Conceptrice informatique,Informatique,96
1653,M1896,Analyste cycle de vie dans les télécoms,Analyste cycle de vie dans les télécoms,Télécommunication,96
1654,M1821,Analyste d'application informatique,Analyste d'application informatique,Informatique,96
1655,M1852,Analyste d'étude informatique,Analyste d'étude informatique,Informatique,96
1656,M1883,Analyste SOC (Security Operations Center),Analyste SOC (Security Operations Center),Informatique,96
1657,G1238,Animateur / Animatrice d'atelier multimédia,Animateur / Animatrice d'atelier multimédia,Informatique,96
1658,I1307,Antenniste,Antenniste,Télécommunication,96
1659,M1868,Architecte base de données,Architecte base de données,Informatique,96
1660,M1860,Architecte cloud,Architecte cloud,Informatique,96
1661,M1845,Architecte IoT - Internet des Objets,Architecte IoT - Internet des Objets,Informatique,96
1662,M1850,Architecte multimédias interactifs,Architecte multimédias interactifs,Informatique,96
1663,M1882,Architecte sécurité informatique,Architecte sécurité informatique,Informatique,96
1664,M1839,Architecte systèmes et réseaux,Architecte systèmes et réseaux,Informatique,96
1665,M1835,Architecte systèmes et réseaux des territoires connectés,Architecte systèmes et réseaux des territoires connectés,Informatique,96
1666,M1835,Architecte systèmes et réseaux des territoires connectés,Architecte systèmes et réseaux des territoires connectés,Télécommunication,96
1667,M1703,Chef / Cheffe de produit,Chef / Cheffe de produit,Informatique,96
1668,M1853,Chef / Cheffe de projet étude et développement informatique,Chef / Cheffe de projet étude et développement informatique,Informatique,96
1669,E1115,Chef / Cheffe de projet jeux vidéo,Chef / Cheffe de projet jeux vidéo,Informatique,96
1670,M1859,Chef / Cheffe de projet maîtrise d'œuvre informatique,Chef / Cheffe de projet maîtrise d'œuvre informatique,Informatique,96
1671,M1881,Chef / Cheffe de projet Maîtrise d'Ouvrage des Systèmes d'Information (MOA),Chef / Cheffe de projet Maîtrise d'Ouvrage des Systèmes d'Information (MOA),Informatique,96
1672,M1854,Chef / Cheffe de projet réseau fixe et mobile,Chef / Cheffe de projet réseau fixe et mobile,Informatique,96
1673,M1854,Chef / Cheffe de projet réseau fixe et mobile,Chef / Cheffe de projet réseau fixe et mobile,Télécommunication,96
1674,M1858,Chef / Cheffe de projet TMA - Tierce Maintenance Applicative,Chef / Cheffe de projet TMA - Tierce Maintenance Applicative,Informatique,96
1675,M1886,Chef / Cheffe de projet Web,Chef / Cheffe de projet Web,Informatique,96
1676,M1828,Chef de projet / Cheffe de projet (Project Management Officer),Chef de projet / Cheffe de projet (Project Management Officer),Informatique,96
1677,M1426,Chief digital officer - Responsable de la transformation digitale,Chief digital officer - Responsable de la transformation digitale,Informatique,96
1678,E1104,Concepteur / Conceptrice de contenus multimedia,Concepteur / Conceptrice de contenus multimedia,Informatique,96
1679,E1125,Concepteur / Conceptrice de jeux vidéo,Concepteur / Conceptrice de jeux vidéo,Informatique,96
1680,I1404,Conseiller / Conseillère support technique informatique,Conseiller / Conseillère support technique informatique,Informatique,96
1681,M1823,Consultant / Consultante avant-vente,Consultant / Consultante avant-vente,Informatique,96
1682,M1872,Consultant décisionnel / Consultante décisionnelle - Business Intelligence,Consultant décisionnel / Consultante décisionnelle - Business Intelligence,Informatique,96
1683,M1806,Consultant fonctionnel / Consultante fonctionnelle des systèmes d'information,Consultant fonctionnel / Consultante fonctionnelle des systèmes d'information,Informatique,96
1684,M1825,Coordinateur / Coordinatrice de production web,Coordinateur / Coordinatrice de production web,Informatique,96
1685,M1875,Coordinateur / Coordinatrice Maitrise d'Ouvrage Système d'Information (MOA SI),Coordinateur / Coordinatrice Maitrise d'Ouvrage Système d'Information (MOA SI),Informatique,96
1686,M1419,Data analyst,Data analyst,Informatique,96
1687,M1811,Data engineer,Data engineer,Informatique,96
1688,E1205,Designer graphique,Designer graphique,Informatique,96
1689,M1877,Développeur / Développeuse blockchain,Développeur / Développeuse blockchain,Informatique,96
1690,M1824,Développeur / Développeuse décisionnel - Business Intelligence,Développeur / Développeuse décisionnel - Business Intelligence,Informatique,96
1691,M1805,Développeur / Développeuse informatique,Développeur / Développeuse informatique,Informatique,96
1692,M1831,Développeur / Développeuse - jeux vidéo,Développeur / Développeuse - jeux vidéo,Informatique,96
1693,M1861,Développeur / Développeuse logiciel ou d'application,Développeur / Développeuse logiciel ou d'application,Informatique,96
1694,M1837,Développeur / Développeuse multimédia,Développeur / Développeuse multimédia,Informatique,96
1695,M1855,Développeur / Développeuse web,Développeur / Développeuse web,Informatique,96
1696,H1107,Directeur / Directrice assistance technique,Directeur / Directrice assistance technique,Informatique,96
1697,M1870,Directeur / Directrice de projet en informatique,Directeur / Directrice de projet en informatique,Informatique,96
1698,M1840,Directeur / Directrice de projets des territoires connectés,Directeur / Directrice de projets des territoires connectés,Informatique,96
1699,M1840,Directeur / Directrice de projets des territoires connectés,Directeur / Directrice de projets des territoires connectés,Télécommunication,96
1700,M1803,Directeur / Directrice des systèmes d'information (DSI),Directeur / Directrice des systèmes d'information (DSI),Informatique,96
1701,M1863,Evaluateur / Evaluatrice sécurité des systèmes et produits informatiques,Evaluateur / Evaluatrice sécurité des systèmes et produits informatiques,Informatique,96
1702,M1847,Expert / Experte en communication et réseaux,Expert / Experte en communication et réseaux,Informatique,96
1703,M1856,Expert / Experte en cybersécurité,Expert / Experte en cybersécurité,Informatique,96
1704,M1820,Expert / Experte méthodes et qualité informatique,Expert / Experte méthodes et qualité informatique,Informatique,96
1705,M1802,Expert / Experte systèmes et réseaux informatiques,Expert / Experte systèmes et réseaux informatiques,Informatique,96
1706,M1305,Fablab Manager,Fablab Manager,Informatique,96
1707,M1871,Gestionnaire d'applications système d'information,Gestionnaire d'applications système d'information,Informatique,96
1708,M1894,Gestionnaire de base de données,Gestionnaire de base de données,Informatique,96
1709,M1869,Gestionnaire de parc informatique,Gestionnaire de parc informatique,Informatique,96
1710,M1832,Homologateur / Homologatrice fonctionnel de logiciel,Homologateur / Homologatrice fonctionnel de logiciel,Informatique,96
1711,M1865,Ingénieur / Ingénieure blockchain,Ingénieur / Ingénieure blockchain,Informatique,96
1712,M1879,Ingénieur / Ingénieure Cloud computing,Ingénieur / Ingénieure Cloud computing,Informatique,96
1713,M1846,Ingénieur / Ingénieure Cybersécurité Datacenter,Ingénieur / Ingénieure Cybersécurité Datacenter,Informatique,96
1714,M1846,Ingénieur / Ingénieure Cybersécurité Datacenter,Ingénieur / Ingénieure Cybersécurité Datacenter,Télécommunication,96
1715,M1818,Ingénieur / Ingénieure d'étude informatique,Ingénieur / Ingénieure d'étude informatique,Informatique,96
1716,M1827,Ingénieur / Ingénieure DevOps,Ingénieur / Ingénieure DevOps,Informatique,96
1717,M1892,Ingénieur / Ingénieure en informatique embarquée,Ingénieur / Ingénieure en informatique embarquée,Informatique,96
1718,M1889,Ingénieur / Ingénieure en Intelligence Artificielle (IA),Ingénieur / Ingénieure en Intelligence Artificielle (IA),Informatique,96
1719,I1104,Ingénieur / Ingénieure infrastructures télécoms réseaux mobiles,Ingénieur / Ingénieure infrastructures télécoms réseaux mobiles,Télécommunication,96
1720,M1833,Ingénieur / Ingénieure sécurité web,Ingénieur / Ingénieure sécurité web,Informatique,96
1721,M1826,Ingénieur / Ingénieure supervision IT Datacenter,Ingénieur / Ingénieure supervision IT Datacenter,Informatique,96
1722,M1826,Ingénieur / Ingénieure supervision IT Datacenter,Ingénieur / Ingénieure supervision IT Datacenter,Télécommunication,96
1723,H1101,Ingénieur / Ingénieure support technique,Ingénieur / Ingénieure support technique,Informatique,96
1724,M1884,"Ingénieur / Ingénieure systèmes, réseaux et sécurité informatique","Ingénieur / Ingénieure systèmes, réseaux et sécurité informatique",Informatique,96
1725,M1829,Ingénieur / Ingénieure systèmes et réseaux des territoires connectés,Ingénieur / Ingénieure systèmes et réseaux des territoires connectés,Informatique,96
1726,M1829,Ingénieur / Ingénieure systèmes et réseaux des territoires connectés,Ingénieur / Ingénieure systèmes et réseaux des territoires connectés,Télécommunication,96
1727,M1804,Ingénieur / Ingénieure télécoms et environnement,Ingénieur / Ingénieure télécoms et environnement,Télécommunication,96
1728,M1836,Ingénieur concepteur / Ingénieure conceptrice informatique,Ingénieur concepteur / Ingénieure conceptrice informatique,Informatique,96
1729,M1841,Ingénieur informaticien / Ingénieure informaticienne,Ingénieur informaticien / Ingénieure informaticienne,Informatique,96
1730,M1813,Intégrateur / Intégratrice logiciels métiers,Intégrateur / Intégratrice logiciels métiers,Informatique,96
1731,F1623,Monteur / Monteuse installation réseaux mobiles,Monteur / Monteuse installation réseaux mobiles,Télécommunication,96
1732,I1314,Monteur installateur / Monteuse installatrice d'équipements connectés,Monteur installateur / Monteuse installatrice d'équipements connectés,Télécommunication,96
1733,I1315,Monteur raccordeur / Monteuse raccordeuse fibre optique,Monteur raccordeur / Monteuse raccordeuse fibre optique,Télécommunication,96
1734,E1207,Motion designer,Motion designer,Informatique,96
1735,M1866,Pentesteur / Pentesteuse,Pentesteur / Pentesteuse,Informatique,96
1736,M1887,Product builder no code,Product builder no code,Informatique,96
1737,M1864,Product Owner,Product Owner,Informatique,96
1738,M1842,Qualiticien / Qualiticienne logiciel en informatique,Qualiticien / Qualiticienne logiciel en informatique,Informatique,96
1739,N4110,Releveur / Releveuse de compteurs,Releveur / Releveuse de compteurs,Informatique,96
1740,I1407,Réparateur / Réparatrice en produits de télécommunication et multimédia,Réparateur / Réparatrice en produits de télécommunication et multimédia,Informatique,96
1741,I1407,Réparateur / Réparatrice en produits de télécommunication et multimédia,Réparateur / Réparatrice en produits de télécommunication et multimédia,Télécommunication,96
1742,M1862,Responsable d'exploitation fibre optique,Responsable d'exploitation fibre optique,Informatique,96
1743,M1862,Responsable d'exploitation fibre optique,Responsable d'exploitation fibre optique,Télécommunication,96
1744,M1878,Responsable de la production informatique,Responsable de la production informatique,Informatique,96
1745,M1812,Responsable de la Sécurité des Systèmes d'Information (RSSI),Responsable de la Sécurité des Systèmes d'Information (RSSI),Informatique,96
1746,I1106,Responsable de maintenance réseaux des territoires connectés,Responsable de maintenance réseaux des territoires connectés,Informatique,96
1747,I1106,Responsable de maintenance réseaux des territoires connectés,Responsable de maintenance réseaux des territoires connectés,Télécommunication,96
1748,M1844,Responsable des études et applications informatiques,Responsable des études et applications informatiques,Informatique,96
1749,M1867,Responsable des systèmes d'information (SI),Responsable des systèmes d'information (SI),Informatique,96
1750,F1113,Responsable énergie,Responsable énergie,Télécommunication,96
1751,M1410,Responsable Green IT,Responsable Green IT,Informatique,96
1752,M1717,Responsable innovation,Responsable innovation,Informatique,96
1753,E1410,Responsable programmatique,Responsable programmatique,Informatique,96
1754,H1106,Responsable support technique clients,Responsable support technique clients,Informatique,96
1755,M1885,Responsable télécoms,Responsable télécoms,Télécommunication,96
1756,M1814,Scrum Master,Scrum Master,Informatique,96
1757,M1880,Spécialiste e-santé,Spécialiste e-santé,Informatique,96
1758,M1873,Spécialiste IA embarquée,Spécialiste IA embarquée,Informatique,96
1759,M1822,Spécialiste Jumeau Numérique,Spécialiste Jumeau Numérique,Informatique,96
1760,M1807,"Spécialiste outils, systèmes d'exploitation, réseaux et télécoms","Spécialiste outils, systèmes d'exploitation, réseaux et télécoms",Informatique,96
1761,M1807,"Spécialiste outils, systèmes d'exploitation, réseaux et télécoms","Spécialiste outils, systèmes d'exploitation, réseaux et télécoms",Télécommunication,96
1762,M1874,Spécialiste support,Spécialiste support,Informatique,96
1763,M1815,Spécialiste test et validation logiciel ou application,Spécialiste test et validation logiciel ou application,Informatique,96
1764,E1214,Superviseur / Superviseuse de production virtuelle,Superviseur / Superviseuse de production virtuelle,Informatique,96
1765,E1214,Superviseur / Superviseuse de production virtuelle,Superviseur / Superviseuse de production virtuelle,Télécommunication,96
1766,I1406,Superviseur / Superviseuse hot line en informatique,Superviseur / Superviseuse hot line en informatique,Informatique,96
1767,M1876,Technicien / Technicienne Cloud,Technicien / Technicienne Cloud,Informatique,96
1768,M1810,Technicien / Technicienne d'exploitation informatique,Technicien / Technicienne d'exploitation informatique,Informatique,96
1769,I1330,Technicien / Technicienne d'installation de centrales téléphoniques,Technicien / Technicienne d'installation de centrales téléphoniques,Télécommunication,96
1770,I1209,Technicien / Technicienne d'installation de panneau digital,Technicien / Technicienne d'installation de panneau digital,Informatique,96
1771,I1403,Technicien / Technicienne Datacenter,Technicien / Technicienne Datacenter,Informatique,96
1772,I1320,Technicien / Technicienne de maintenance d'équipements connectés,Technicien / Technicienne de maintenance d'équipements connectés,Télécommunication,96
1773,I1401,Technicien / Technicienne de maintenance en informatique,Technicien / Technicienne de maintenance en informatique,Informatique,96
1774,I1401,Technicien / Technicienne de maintenance en informatique,Technicien / Technicienne de maintenance en informatique,Télécommunication,96
1775,I1317,Technicien / Technicienne de maintenance fibre optique,Technicien / Technicienne de maintenance fibre optique,Télécommunication,96
1776,I1319,Technicien / Technicienne de maintenance réseaux mobiles,Technicien / Technicienne de maintenance réseaux mobiles,Télécommunication,96
1777,M1819,Technicien / Technicienne en cybersécurité,Technicien / Technicienne en cybersécurité,Informatique,96
1778,I1311,Technicien / Technicienne installation réseaux câblés fibre optique,Technicien / Technicienne installation réseaux câblés fibre optique,Télécommunication,96
1779,M1816,Technicien / Technicienne réseaux informatiques et télécoms,Technicien / Technicienne réseaux informatiques et télécoms,Informatique,96
1780,M1816,Technicien / Technicienne réseaux informatiques et télécoms,Technicien / Technicienne réseaux informatiques et télécoms,Télécommunication,96
1781,I1312,Technicien / Technicienne réseaux mobiles,Technicien / Technicienne réseaux mobiles,Télécommunication,96
1782,E1407,Traffic manager,Traffic manager,Informatique,96
1783,M1857,Urbaniste Datacenter,Urbaniste Datacenter,Informatique,96
1784,M1857,Urbaniste Datacenter,Urbaniste Datacenter,Télécommunication,96
1785,M1838,Urbaniste des systèmes d'information,Urbaniste des systèmes d'information,Informatique,96
1786,E1206,UX - UI Designer,UX - UI Designer,Informatique,96
1787,E1210,Web designer,Web designer,Informatique,96
1788,L1205,Artiste-interprète,Artiste-interprète,Édition,97
1789,E1102,Auteur / Auteure,Auteur / Auteure,Édition,97
1790,E1126,Auteur / Auteure de jeux de société,Auteur / Auteure de jeux de société,Édition,97
1791,E1130,Chargé / Chargée d'édition musicale graphique,Chargé / Chargée d'édition musicale graphique,Édition,97
1792,M1722,"Chargé / Chargée de cession de droits, synchro","Chargé / Chargée de cession de droits, synchro",Édition,97
1793,L1314,Chargé / Chargée de programme,Chargé / Chargée de programme,Édition,97
1794,M1435,Chargé de tracking vérificateur / Chargée de tracking vérificatrice,Chargé de tracking vérificateur / Chargée de tracking vérificatrice,Édition,97
1795,M1721,Chef / Cheffe de projet édition phonographique,Chef / Cheffe de projet édition phonographique,Édition,97
1796,E1115,Chef / Cheffe de projet jeux vidéo,Chef / Cheffe de projet jeux vidéo,Édition,97
1797,E1120,Chef / Cheffe de projets traduction,Chef / Cheffe de projets traduction,Édition,97
1798,E1104,Concepteur / Conceptrice de contenus multimedia,Concepteur / Conceptrice de contenus multimedia,Édition,97
1799,E1125,Concepteur / Conceptrice de jeux vidéo,Concepteur / Conceptrice de jeux vidéo,Édition,97
1800,E1119,Concepteur rédacteur / Conceptrice rédactrice,Concepteur rédacteur / Conceptrice rédactrice,Édition,97
1801,L1316,Conducteur / Conductrice d'antenne,Conducteur / Conductrice d'antenne,Édition,97
1802,E1205,Designer graphique,Designer graphique,Édition,97
1803,M1434,Développeur / Développeuse d'audience,Développeur / Développeuse d'audience,Édition,97
1804,E1129,Directeur / Directrice artistique communication,Directeur / Directrice artistique communication,Édition,97
1805,L1319,Directeur / Directrice artistique éditions de musique et phonographique,Directeur / Directrice artistique éditions de musique et phonographique,Édition,97
1806,L1320,Directeur / Directrice de label,Directeur / Directrice de label,Édition,97
1807,E1110,Directeur / Directrice de la rédaction,Directeur / Directrice de la rédaction,Édition,97
1808,E1132,Directeur éditorial / Directrice éditoriale,Directeur éditorial / Directrice éditoriale,Édition,97
1809,K1228,Ecrivain public / Ecrivaine publique,Ecrivain public / Ecrivaine publique,Édition,97
1810,E1105,Editeur / Editrice,Editeur / Editrice,Édition,97
1811,M1227,Gestionnaire de droits et de redevance,Gestionnaire de droits et de redevance,Édition,97
1812,K1611,Iconographe,Iconographe,Édition,97
1813,L1508,Ingénieur / Ingénieure du son,Ingénieur / Ingénieure du son,Édition,97
1814,E1106,Journaliste,Journaliste,Édition,97
1815,E1312,Lecteur-correcteur / Lectrice-correctrice,Lecteur-correcteur / Lectrice-correctrice,Édition,97
1816,E1305,Préparateur-correcteur / Préparatrice-correctrice en industrie graphique,Préparateur-correcteur / Préparatrice-correctrice en industrie graphique,Édition,97
1817,E1114,Reporter / Reportrice,Reporter / Reportrice,Édition,97
1818,E1116,Responsable d'édition en presse,Responsable d'édition en presse,Édition,97
1819,M1844,Responsable des études et applications informatiques,Responsable des études et applications informatiques,Édition,97
1820,E1134,Scénariste,Scénariste,Édition,97
1821,E1121,Secrétaire de rédaction,Secrétaire de rédaction,Édition,97
1822,E1108,Traducteur / Traductrice,Traducteur / Traductrice,Édition,97
1823,E1122,Transcripteur adaptateur / Transcriptrice adaptatrice,Transcripteur adaptateur / Transcriptrice adaptatrice,Édition,97
1824,F1132,Acousticien / Acousticienne du bâtiment,Acousticien / Acousticienne du bâtiment,Étude des sols et des bâtiments,98
1825,F1102,Architecte d'intérieur,Architecte d'intérieur,Architecture,98
1826,F1101,Architecte du bâtiment,Architecte du bâtiment,Architecture,98
1827,F1121,Architecte du patrimoine national,Architecte du patrimoine national,Architecture,98
1828,F1144,Architecte naval / Architecte navale,Architecte naval / Architecte navale,Architecture,98
1829,F1127,Architecte-urbaniste,Architecte-urbaniste,Architecture,98
1830,F1109,Assistant / Assistante géomètre,Assistant / Assistante géomètre,Étude des sols et des bâtiments,98
1831,F1126,Assistant / Assistante maîtrise d'œuvre en architecture,Assistant / Assistante maîtrise d'œuvre en architecture,Architecture,98
1832,F1125,BIM Manager,BIM Manager,Étude des sols et des bâtiments,98
1833,H1525,Biologiste de contrôle fabrication en industrie,Biologiste de contrôle fabrication en industrie,Normes,98
1834,C1503,Chargé / Chargée d'affaires immobilières,Chargé / Chargée d'affaires immobilières,Architecture,98
1835,C1503,Chargé / Chargée d'affaires immobilières,Chargé / Chargée d'affaires immobilières,Étude des sols et des bâtiments,98
1836,K1806,Chargé / Chargée de développement social et urbain,Chargé / Chargée de développement social et urbain,Architecture,98
1837,H1529,Chargé / Chargée de matériovigilance,Chargé / Chargée de matériovigilance,Normes,98
1838,K1811,Chargé / Chargée de projet en aménagement du territoire,Chargé / Chargée de projet en aménagement du territoire,Étude des sols et des bâtiments,98
1839,H1524,Chef / Cheffe de projet contrôle qualité,Chef / Cheffe de projet contrôle qualité,Normes,98
1840,F1140,Concepteur / Conceptrice agencement,Concepteur / Conceptrice agencement,Architecture,98
1841,A1206,Concepteur / Conceptrice paysagiste,Concepteur / Conceptrice paysagiste,Architecture,98
1842,F1114,Conseiller / Conseillère en rénovation énergétique,Conseiller / Conseillère en rénovation énergétique,Architecture,98
1843,F1130,Contrôleur / Contrôleuse technique de la construction (CTC),Contrôleur / Contrôleuse technique de la construction (CTC),Normes,98
1844,F1139,Décorateur / Décoratrice d'intérieur,Décorateur / Décoratrice d'intérieur,Architecture,98
1845,H2209,Dessinateur / Dessinatrice de structures en bois,Dessinateur / Dessinatrice de structures en bois,Architecture,98
1846,F1110,Dessinateur / Dessinatrice enveloppe du bâtiment,Dessinateur / Dessinatrice enveloppe du bâtiment,Architecture,98
1847,F1104,Dessinateur-projeteur / Dessinatrice-projeteuse de la construction,Dessinateur-projeteur / Dessinatrice-projeteuse de la construction,Architecture,98
1848,M1306,Directeur / Directrice de bureau d'étude de la biodiversité,Directeur / Directrice de bureau d'étude de la biodiversité,Étude des sols et des bâtiments,98
1849,F1134,Domoticien / Domoticienne,Domoticien / Domoticienne,Architecture,98
1850,F1120,Economiste de la construction,Economiste de la construction,Architecture,98
1851,F1105,Géologue,Géologue,Étude des sols et des bâtiments,98
1852,F1107,Géomètre,Géomètre,Architecture,98
1853,F1107,Géomètre,Géomètre,Étude des sols et des bâtiments,98
1854,F1146,Géomètre expert / Géomètre experte,Géomètre expert / Géomètre experte,Étude des sols et des bâtiments,98
1855,F1143,Géophysicien / Géophysicienne,Géophysicien / Géophysicienne,Étude des sols et des bâtiments,98
1856,F1128,Géotechnicien / Géotechnicienne,Géotechnicien / Géotechnicienne,Étude des sols et des bâtiments,98
1857,A1314,Halieute,Halieute,Normes,98
1858,F1112,Ingénieur / Ingénieure calcul et structure,Ingénieur / Ingénieure calcul et structure,Étude des sols et des bâtiments,98
1859,H1534,Ingénieur / Ingénieure d'analyse industrielle,Ingénieur / Ingénieure d'analyse industrielle,Normes,98
1860,F1117,Ingénieur / Ingénieure d'étude CVC,Ingénieur / Ingénieure d'étude CVC,Étude des sols et des bâtiments,98
1861,F1106,Ingénieur / Ingénieure d'études de prix BTP,Ingénieur / Ingénieure d'études de prix BTP,Étude des sols et des bâtiments,98
1862,F1111,Ingénieur / Ingénieure génie civil,Ingénieur / Ingénieure génie civil,Étude des sols et des bâtiments,98
1863,F1129,Ingénieur / Ingénieure réservoir,Ingénieur / Ingénieure réservoir,Étude des sols et des bâtiments,98
1864,F1108,Métreur / Métreuse de la construction,Métreur / Métreuse de la construction,Architecture,98
1865,H1531,Opérateur / Opératrice de laboratoire d'analyse industrielle,Opérateur / Opératrice de laboratoire d'analyse industrielle,Normes,98
1866,H1532,Responsable de contrôle non destructif en industrie,Responsable de contrôle non destructif en industrie,Normes,98
1867,H1501,Responsable de laboratoire d'analyse industrielle,Responsable de laboratoire d'analyse industrielle,Normes,98
1868,C1506,Responsable de projet immobilier,Responsable de projet immobilier,Étude des sols et des bâtiments,98
1869,H1527,Responsable de sécurité industrielle,Responsable de sécurité industrielle,Normes,98
1870,F1113,Responsable énergie,Responsable énergie,Architecture,98
1871,H1304,Responsable Hygiène Sécurité Environnement (HSE) en industrie,Responsable Hygiène Sécurité Environnement (HSE) en industrie,Normes,98
1872,H1502,Responsable qualité en industrie,Responsable qualité en industrie,Normes,98
1873,H1523,Responsable Qualité Sécurité Environnement -QSE- en industrie,Responsable Qualité Sécurité Environnement -QSE- en industrie,Normes,98
1874,H1503,Technicien / Technicienne de laboratoire d'analyse industrielle,Technicien / Technicienne de laboratoire d'analyse industrielle,Normes,98
1875,H1530,Technicien / Technicienne de la qualité de l'eau,Technicien / Technicienne de la qualité de l'eau,Normes,98
1876,I1514,Technicien / Technicienne en dépollution,Technicien / Technicienne en dépollution,Étude des sols et des bâtiments,98
1877,I1503,Technicien / Technicienne en risques technologiques,Technicien / Technicienne en risques technologiques,Normes,98
1878,H1528,Technicien / Technicienne qualité en industrie,Technicien / Technicienne qualité en industrie,Normes,98
1879,H1535,Technicien / Technicienne qualité produit et métrologie en mécanique et travail des métaux,Technicien / Technicienne qualité produit et métrologie en mécanique et travail des métaux,Normes,98
1880,H1526,Technicien / Technicienne qualité-surveillance d'installations industrielles,Technicien / Technicienne qualité-surveillance d'installations industrielles,Normes,98
1881,K1807,Urbaniste,Urbaniste,Architecture,98
1882,F1132,Acousticien / Acousticienne du bâtiment,Acousticien / Acousticienne du bâtiment,BTP,99
1883,F1706,Agent / Agente de préfabrication de l'industrie du béton,Agent / Agente de préfabrication de l'industrie du béton,BTP,99
1884,H2810,Agent / Agente technique de centrale à enrobés,Agent / Agente technique de centrale à enrobés,Gros Œuvre,99
1885,F1204,Animateur / Animatrice QSE - Qualité Sécurité Environnement BTP,Animateur / Animatrice QSE - Qualité Sécurité Environnement BTP,BTP,99
1886,I1307,Antenniste,Antenniste,Second Œuvre,99
1887,F1101,Architecte du bâtiment,Architecte du bâtiment,BTP,99
1888,F1109,Assistant / Assistante géomètre,Assistant / Assistante géomètre,BTP,99
1889,F1125,BIM Manager,BIM Manager,BTP,99
1890,F1402,Boutefeu,Boutefeu,BTP,99
1891,F1626,Calorifugeur / Calorifugeuse,Calorifugeur / Calorifugeuse,Second Œuvre,99
1892,F1608,Carreleur / Carreleuse,Carreleur / Carreleuse,Second Œuvre,99
1893,F1135,Chargé / Chargée d'affaires BTP,Chargé / Chargée d'affaires BTP,BTP,99
1894,C1503,Chargé / Chargée d'affaires immobilières,Chargé / Chargée d'affaires immobilières,BTP,99
1895,F1137,Chargé / Chargée de méthodes BTP,Chargé / Chargée de méthodes BTP,BTP,99
1896,F1503,Charpentier / Charpentière,Charpentier / Charpentière,Gros Œuvre,99
1897,F1504,Charpentier / Charpentière de marine,Charpentier / Charpentière de marine,Second Œuvre,99
1898,I1308,Chauffagiste,Chauffagiste,BTP,99
1899,F1206,Chef / Cheffe d'équipe bâtiment,Chef / Cheffe d'équipe bâtiment,Gros Œuvre,99
1900,F1206,Chef / Cheffe d'équipe bâtiment,Chef / Cheffe d'équipe bâtiment,Second Œuvre,99
1901,A1207,Chef / Cheffe d'équipe de travaux de milieux naturels,Chef / Cheffe d'équipe de travaux de milieux naturels,BTP,99
1902,F1207,Chef / Cheffe d'équipe travaux publics,Chef / Cheffe d'équipe travaux publics,BTP,99
1903,F1202,Chef / Cheffe de chantier bâtiment,Chef / Cheffe de chantier bâtiment,BTP,99
1904,F1209,Chef / Cheffe de chantier travaux publics,Chef / Cheffe de chantier travaux publics,BTP,99
1905,I1513,Chef d'équipe scaphandrier / Cheffe d'équipe scaphandrière,Chef d'équipe scaphandrier / Cheffe d'équipe scaphandrière,BTP,99
1906,F1701,Coffreur / Coffreuse,Coffreur / Coffreuse,Gros Œuvre,99
1907,F1140,Concepteur / Conceptrice agencement,Concepteur / Conceptrice agencement,Second Œuvre,99
1908,F1303,Conducteur / Conductrice d'engin de damage,Conducteur / Conductrice d'engin de damage,BTP,99
1909,F1302,Conducteur / Conductrice d'engins de chantier,Conducteur / Conductrice d'engins de chantier,BTP,99
1910,N1114,Conducteur / Conductrice d'engins lourds de manutention,Conducteur / Conductrice d'engins lourds de manutention,BTP,99
1911,N1108,Conducteur / Conductrice de grue mobile,Conducteur / Conductrice de grue mobile,BTP,99
1912,A1218,Conducteur / Conductrice de travaux de milieux naturels,Conducteur / Conductrice de travaux de milieux naturels,BTP,99
1913,F1201,Conducteur / Conductrice de travaux du bâtiment,Conducteur / Conductrice de travaux du bâtiment,BTP,99
1914,F1201,Conducteur / Conductrice de travaux du bâtiment,Conducteur / Conductrice de travaux du bâtiment,Second Œuvre,99
1915,F1208,Conducteur / Conductrice de travaux publics,Conducteur / Conductrice de travaux publics,BTP,99
1916,N4107,Conducteur livreur / Conductrice livreuse de béton prêt à l'emploi,Conducteur livreur / Conductrice livreuse de béton prêt à l'emploi,BTP,99
1917,F1114,Conseiller / Conseillère en rénovation énergétique,Conseiller / Conseillère en rénovation énergétique,Second Œuvre,99
1918,F1130,Contrôleur / Contrôleuse technique de la construction (CTC),Contrôleur / Contrôleuse technique de la construction (CTC),BTP,99
1919,F1619,Couvreur / Couvreuse,Couvreur / Couvreuse,Second Œuvre,99
1920,F1139,Décorateur / Décoratrice d'intérieur,Décorateur / Décoratrice d'intérieur,BTP,99
1921,F1139,Décorateur / Décoratrice d'intérieur,Décorateur / Décoratrice d'intérieur,Second Œuvre,99
1922,F1709,Démolisseur / Démolisseuse,Démolisseur / Démolisseuse,BTP,99
1923,I1508,Désamianteur / Désamianteuse,Désamianteur / Désamianteuse,BTP,99
1924,H2209,Dessinateur / Dessinatrice de structures en bois,Dessinateur / Dessinatrice de structures en bois,Second Œuvre,99
1925,F1104,Dessinateur-projeteur / Dessinatrice-projeteuse de la construction,Dessinateur-projeteur / Dessinatrice-projeteuse de la construction,BTP,99
1926,F1104,Dessinateur-projeteur / Dessinatrice-projeteuse de la construction,Dessinateur-projeteur / Dessinatrice-projeteuse de la construction,Gros Œuvre,99
1927,F1104,Dessinateur-projeteur / Dessinatrice-projeteuse de la construction,Dessinateur-projeteur / Dessinatrice-projeteuse de la construction,Second Œuvre,99
1928,F1103,Diagnostiqueur / Diagnostiqueuse immobilier,Diagnostiqueur / Diagnostiqueuse immobilier,BTP,99
1929,I1101,Directeur / Directrice de la gestion technique des bâtiments,Directeur / Directrice de la gestion technique des bâtiments,BTP,99
1930,I1122,Directeur / Directrice de travaux d'infrastructure,Directeur / Directrice de travaux d'infrastructure,BTP,99
1931,F1205,Directeur / Directrice de travaux du bâtiment,Directeur / Directrice de travaux du bâtiment,Gros Œuvre,99
1932,F1205,Directeur / Directrice de travaux du bâtiment,Directeur / Directrice de travaux du bâtiment,Second Œuvre,99
1933,F1210,Directeur / Directrice de travaux TP - Travaux Publics,Directeur / Directrice de travaux TP - Travaux Publics,BTP,99
1934,F1134,Domoticien / Domoticienne,Domoticien / Domoticienne,BTP,99
1935,F1505,Echafaudeur / Echafaudeuse,Echafaudeur / Echafaudeuse,BTP,99
1936,F1120,Economiste de la construction,Economiste de la construction,BTP,99
1937,F1629,Electricien / Electricienne de signalisation ferroviaire,Electricien / Electricienne de signalisation ferroviaire,BTP,99
1938,F1602,Electricien / Electricienne du bâtiment,Electricien / Electricienne du bâtiment,Second Œuvre,99
1939,F1613,Etancheur / Etancheuse,Etancheur / Etancheuse,BTP,99
1940,F1613,Etancheur / Etancheuse,Etancheur / Etancheuse,Gros Œuvre,99
1941,F1613,Etancheur / Etancheuse,Etancheur / Etancheuse,Second Œuvre,99
1942,F1611,Façadier / Façadière itéiste,Façadier / Façadière itéiste,Gros Œuvre,99
1943,F1712,Ferrailleur / Ferrailleuse du BTP,Ferrailleur / Ferrailleuse du BTP,BTP,99
1944,F1401,Foreur / Foreuse,Foreur / Foreuse,BTP,99
1945,F1105,Géologue,Géologue,BTP,99
1946,F1143,Géophysicien / Géophysicienne,Géophysicien / Géophysicienne,BTP,99
1947,F1128,Géotechnicien / Géotechnicienne,Géotechnicien / Géotechnicienne,BTP,99
1948,F1301,Grutier / Grutière,Grutier / Grutière,BTP,99
1949,F1117,Ingénieur / Ingénieure d'étude CVC,Ingénieur / Ingénieure d'étude CVC,BTP,99
1950,F1106,Ingénieur / Ingénieure d'études de prix BTP,Ingénieur / Ingénieure d'études de prix BTP,BTP,99
1951,H1237,Ingénieur / Ingénieure énergies renouvelables,Ingénieur / Ingénieure énergies renouvelables,BTP,99
1952,F1145,Ingénieur / Ingénieure en génie maritime,Ingénieur / Ingénieure en génie maritime,BTP,99
1953,F1141,Ingénieur / Ingénieure études conception électrique,Ingénieur / Ingénieure études conception électrique,BTP,99
1954,I1104,Ingénieur / Ingénieure infrastructures télécoms réseaux mobiles,Ingénieur / Ingénieure infrastructures télécoms réseaux mobiles,BTP,99
1955,F1620,Installateur / Installatrice chauffage et climatisation,Installateur / Installatrice chauffage et climatisation,Second Œuvre,99
1956,F1628,Installateur / Installatrice de bornes de recharges électriques,Installateur / Installatrice de bornes de recharges électriques,Second Œuvre,99
1957,F1610,"Installateur mainteneur / Installatrice mainteneuse en systèmes solaires, thermiques et photovoltaïques","Installateur mainteneur / Installatrice mainteneuse en systèmes solaires, thermiques et photovoltaïques",Second Œuvre,99
1958,F1708,Installateur-poseur / Installatrice-poseuse de piscines préfabriquées,Installateur-poseur / Installatrice-poseuse de piscines préfabriquées,BTP,99
1959,F1703,Maçon / Maçonne,Maçon / Maçonne,Gros Œuvre,99
1960,F1707,Maçon / Maçonne du paysage,Maçon / Maçonne du paysage,Gros Œuvre,99
1961,F1713,Maçon-fumiste / Maçonne-fumiste,Maçon-fumiste / Maçonne-fumiste,Gros Œuvre,99
1962,F1710,Magasinier / Magasinière en négoce des matériaux de construction,Magasinier / Magasinière en négoce des matériaux de construction,Gros Œuvre,99
1963,F1704,Manœuvre du Bâtiment et des Travaux Publics,Manœuvre du Bâtiment et des Travaux Publics,BTP,99
1964,I1616,Mécanicien / Mécanicienne d'engins de chantier et de travaux publics,Mécanicien / Mécanicienne d'engins de chantier et de travaux publics,BTP,99
1965,F1607,Menuisier / Menuisière aluminium,Menuisier / Menuisière aluminium,Second Œuvre,99
1966,F1108,Métreur / Métreuse de la construction,Métreur / Métreuse de la construction,BTP,99
1967,F1605,Monteur / Monteuse de réseaux électriques,Monteur / Monteuse de réseaux électriques,BTP,99
1968,F1501,Monteur / Monteuse de structures bois,Monteur / Monteuse de structures bois,BTP,99
1969,F1625,Monteur / Monteuse en agencement,Monteur / Monteuse en agencement,Second Œuvre,99
1970,F1622,Monteur / Monteuse en éclairage public,Monteur / Monteuse en éclairage public,BTP,99
1971,F1502,Monteur / Monteuse en structures métalliques,Monteur / Monteuse en structures métalliques,BTP,99
1972,F1623,Monteur / Monteuse installation réseaux mobiles,Monteur / Monteuse installation réseaux mobiles,BTP,99
1973,B1102,Mosaïste d'art,Mosaïste d'art,Second Œuvre,99
1974,I1501,Opérateur / Opératrice cordiste,Opérateur / Opératrice cordiste,BTP,99
1975,H2802,Opérateur / Opératrice de fabrication en matériaux de construction,Opérateur / Opératrice de fabrication en matériaux de construction,BTP,99
1976,H2802,Opérateur / Opératrice de fabrication en matériaux de construction,Opérateur / Opératrice de fabrication en matériaux de construction,Gros Œuvre,99
1977,H2802,Opérateur / Opératrice de fabrication en matériaux de construction,Opérateur / Opératrice de fabrication en matériaux de construction,Second Œuvre,99
1978,A1202,Ouvrier / Ouvrière d'entretien des espaces naturels,Ouvrier / Ouvrière d'entretien des espaces naturels,BTP,99
1979,F1506,Ouvrier / Ouvrière de la construction modulaire hors-site,Ouvrier / Ouvrière de la construction modulaire hors-site,BTP,99
1980,F1702,Ouvrier / Ouvrière en voieries urbaines,Ouvrier / Ouvrière en voieries urbaines,BTP,99
1981,F1606,Peintre en bâtiment,Peintre en bâtiment,Second Œuvre,99
1982,H3404,Peintre industriel / Peintre industrielle,Peintre industriel / Peintre industrielle,BTP,99
1983,H2804,Pilote de centrale de béton,Pilote de centrale de béton,BTP,99
1984,H2804,Pilote de centrale de béton,Pilote de centrale de béton,Gros Œuvre,99
1985,H2804,Pilote de centrale de béton,Pilote de centrale de béton,Second Œuvre,99
1986,F1604,Plaquiste,Plaquiste,Second Œuvre,99
1987,F1601,Plâtrier / Plâtrière,Plâtrier / Plâtrière,Second Œuvre,99
1988,F1603,Plombier / Plombière sanitaire,Plombier / Plombière sanitaire,Second Œuvre,99
1989,I1502,Plongeur scaphandrier / Plongeuse scaphandrière,Plongeur scaphandrier / Plongeuse scaphandrière,BTP,99
1990,F1705,Poseur / Poseuse de canalisations,Poseur / Poseuse de canalisations,BTP,99
1991,F1615,Poseur / Poseuse de cloisons démontables et mobiles,Poseur / Poseuse de cloisons démontables et mobiles,Second Œuvre,99
1992,F1627,Poseur / Poseuse de compteurs,Poseur / Poseuse de compteurs,Second Œuvre,99
1993,F1618,Poseur / Poseuse de façade vitrée,Poseur / Poseuse de façade vitrée,Gros Œuvre,99
1994,F1616,Poseur / Poseuse de menuiseries extérieures,Poseur / Poseuse de menuiseries extérieures,Second Œuvre,99
1995,F1609,Poseur / Poseuse de revêtements de sols,Poseur / Poseuse de revêtements de sols,Second Œuvre,99
1996,F1617,Poseur / Poseuse de véranda,Poseur / Poseuse de véranda,Second Œuvre,99
1997,F1711,Poseur / Poseuse de voies ferrées,Poseur / Poseuse de voies ferrées,BTP,99
1998,F1614,Poseur / Poseuse en fermetures de bâtiment,Poseur / Poseuse en fermetures de bâtiment,Second Œuvre,99
1999,I1512,Programmateur / Programmatrice des travaux sur cordes,Programmateur / Programmatrice des travaux sur cordes,BTP,99
2000,F1621,Ramoneur / Ramoneuse,Ramoneur / Ramoneuse,Second Œuvre,99
2001,F1113,Responsable énergie,Responsable énergie,BTP,99
2002,B1103,Sculpteur / Sculptrice,Sculpteur / Sculptrice,BTP,99
2003,F1624,Staffeur Stuqueur / Staffeuse Stuqueuse,Staffeur Stuqueur / Staffeuse Stuqueuse,Second Œuvre,99
2004,I1506,Superviseur / Superviseuse cordiste,Superviseur / Superviseuse cordiste,BTP,99
2005,F1612,Tailleur / Tailleuse de pierre,Tailleur / Tailleuse de pierre,Second Œuvre,99
2006,I1511,Technicien / Technicienne cordiste,Technicien / Technicienne cordiste,BTP,99
2007,F1630,Technicien / Technicienne de désenfumage,Technicien / Technicienne de désenfumage,Second Œuvre,99
2008,I1316,"Technicien / Technicienne de maintenance Chauffage, Ventilation et Climatisation - CVC","Technicien / Technicienne de maintenance Chauffage, Ventilation et Climatisation - CVC",BTP,99
2009,A1322,Technicien / Technicienne de rivière,Technicien / Technicienne de rivière,BTP,99
2010,A1318,Technicien / Technicienne de travaux de gestion de milieu naturel,Technicien / Technicienne de travaux de gestion de milieu naturel,BTP,99
2011,I1514,Technicien / Technicienne en dépollution,Technicien / Technicienne en dépollution,BTP,99
2012,I1503,Technicien / Technicienne en risques technologiques,Technicien / Technicienne en risques technologiques,BTP,99
2013,I1325,Technicien-cuisiniste / Technicienne-cuisiniste en cuisines professionnelles,Technicien-cuisiniste / Technicienne-cuisiniste en cuisines professionnelles,Second Œuvre,99
2014,I1634,Accastilleur / Accastilleuse,Accastilleur / Accastilleuse,Industrie - Métallurgie,100
2015,D1227,"Acheteur vendeur / Acheteuse vendeuse d'or, de métaux précieux","Acheteur vendeur / Acheteuse vendeuse d'or, de métaux précieux",Industrie - Métallurgie,100
2016,H2901,Ajusteur-monteur / Ajusteuse-monteuse,Ajusteur-monteur / Ajusteuse-monteuse,Industrie - Métallurgie,100
2017,H2923,Ajusteur-régleur / Ajusteuse-régleuse de fabrication en instruments d'optique,Ajusteur-régleur / Ajusteuse-régleuse de fabrication en instruments d'optique,Industrie - Métallurgie,100
2018,H2925,Armurier / Armurière de fabrication,Armurier / Armurière de fabrication,Industrie - Métallurgie,100
2019,H2909,Assembleur monteur / Assembleuse monteuse,Assembleur monteur / Assembleuse monteuse,Industrie - Métallurgie,100
2020,B1605,Bijoutier / Bijoutière,Bijoutier / Bijoutière,Industrie - Métallurgie,100
2021,H2902,Chaudronnier / Chaudronnière,Chaudronnier / Chaudronnière,Industrie - Métallurgie,100
2022,H2915,Chef soudeur / Cheffe soudeuse,Chef soudeur / Cheffe soudeuse,Industrie - Métallurgie,100
2023,H2905,Cisailleur / Cisailleuse en métallurgie,Cisailleur / Cisailleuse en métallurgie,Industrie - Métallurgie,100
2024,H2924,Conducteur / Conductrice de ligne de production en industrie métallurgique,Conducteur / Conductrice de ligne de production en industrie métallurgique,Industrie - Métallurgie,100
2025,H1506,Contrôleur / Contrôleuse technique en métallurgie,Contrôleur / Contrôleuse technique en métallurgie,Industrie - Métallurgie,100
2026,H2907,Fondeur / Fondeuse en métallurgie,Fondeur / Fondeuse en métallurgie,Industrie - Métallurgie,100
2027,H2922,Fondeur / Fondeuse en métaux précieux,Fondeur / Fondeuse en métaux précieux,Industrie - Métallurgie,100
2028,H2904,Forgeron industriel / Forgeronne industrielle,Forgeron industriel / Forgeronne industrielle,Industrie - Métallurgie,100
2029,H3410,Galvanoplaste industriel / Galvanoplaste industrielle,Galvanoplaste industriel / Galvanoplaste industrielle,Industrie - Métallurgie,100
2030,B1303,Graveur / Graveuse d'art,Graveur / Graveuse d'art,Industrie - Métallurgie,100
2031,H1533,Ingénieur / Ingénieure CND END,Ingénieur / Ingénieure CND END,Industrie - Métallurgie,100
2032,H2509,Ingénieur / Ingénieure de fonderie ou de forge,Ingénieur / Ingénieure de fonderie ou de forge,Industrie - Métallurgie,100
2033,H2502,Ingénieur / Ingénieure de production,Ingénieur / Ingénieure de production,Industrie - Métallurgie,100
2034,H1409,Ingénieur / Ingénieure soudage,Ingénieur / Ingénieure soudage,Industrie - Métallurgie,100
2035,B1606,Joaillier / Joaillière,Joaillier / Joaillière,Industrie - Métallurgie,100
2036,H3411,Laqueur industriel / Laqueuse industrielle,Laqueur industriel / Laqueuse industrielle,Industrie - Métallurgie,100
2037,I1605,Mécanicien / Mécanicienne en mécanique marine ou navale,Mécanicien / Mécanicienne en mécanique marine ou navale,Industrie - Métallurgie,100
2038,H2911,Métallier / Métallière,Métallier / Métallière,Industrie - Métallurgie,100
2039,H3407,Metteur au bain / Metteuse au bain argenture - dorure en orfèvrerie,Metteur au bain / Metteuse au bain argenture - dorure en orfèvrerie,Industrie - Métallurgie,100
2040,H3408,Metteur au point polisseur / Metteuse au point polisseuse sur matrice en orfèvrerie,Metteur au point polisseur / Metteuse au point polisseuse sur matrice en orfèvrerie,Industrie - Métallurgie,100
2041,B1614,Monteur / Monteuse en orfèvrerie,Monteur / Monteuse en orfèvrerie,Industrie - Métallurgie,100
2042,H2910,Mouleur noyauteur / Mouleuse noyauteuse machine,Mouleur noyauteur / Mouleuse noyauteuse machine,Industrie - Métallurgie,100
2043,H3403,Opérateur / Opératrice de traitement thermique,Opérateur / Opératrice de traitement thermique,Industrie - Métallurgie,100
2044,H2906,Opérateur / Opératrice en fabrication mécanique,Opérateur / Opératrice en fabrication mécanique,Industrie - Métallurgie,100
2045,B1613,Orfèvre,Orfèvre,Industrie - Métallurgie,100
2046,B1615,Orfèvre tourneur repousseur / Orfèvre tourneuse repousseuse,Orfèvre tourneur repousseur / Orfèvre tourneuse repousseuse,Industrie - Métallurgie,100
2047,H3404,Peintre industriel / Peintre industrielle,Peintre industriel / Peintre industrielle,Industrie - Métallurgie,100
2048,H3409,Polisseur / Polisseuse sur verre,Polisseur / Polisseuse sur verre,Industrie - Métallurgie,100
2049,H1408,Programmeur / Programmeuse en Conception de Fabrication Assistée par Ordinateur (CFAO),Programmeur / Programmeuse en Conception de Fabrication Assistée par Ordinateur (CFAO),Industrie - Métallurgie,100
2050,B1609,Responsable d'atelier en bijouterie ou joaillerie,Responsable d'atelier en bijouterie ou joaillerie,Industrie - Métallurgie,100
2051,B1610,Sertisseur / Sertisseuse en bijouterie ou joaillerie,Sertisseur / Sertisseuse en bijouterie ou joaillerie,Industrie - Métallurgie,100
2052,H2913,Soudeur / Soudeuse,Soudeur / Soudeuse,Industrie - Métallurgie,100
2053,H2917,Soudeur / Soudeuse MIG MAG,Soudeur / Soudeuse MIG MAG,Industrie - Métallurgie,100
2054,H2916,Soudeur / Soudeuse Tungsten Inert Gas -TIG-,Soudeur / Soudeuse Tungsten Inert Gas -TIG-,Industrie - Métallurgie,100
2055,B1805,Styliste,Styliste,Industrie - Métallurgie,100
2056,H2516,Technicien / Technicienne de production du travail des métaux,Technicien / Technicienne de production du travail des métaux,Industrie - Métallurgie,100
2057,H1522,Technicien / Technicienne en contrôles et essais non destructifs (CND END),Technicien / Technicienne en contrôles et essais non destructifs (CND END),Industrie - Métallurgie,100
2058,H1535,Technicien / Technicienne qualité produit et métrologie en mécanique et travail des métaux,Technicien / Technicienne qualité produit et métrologie en mécanique et travail des métaux,Industrie - Métallurgie,100
2059,H2914,Tuyauteur / Tuyauteuse,Tuyauteur / Tuyauteuse,Industrie - Métallurgie,100
2060,H2903,Usineur / Usineuse,Usineur / Usineuse,Industrie - Métallurgie,100
2061,G1245,Accompagnateur / Accompagnatrice en moyenne montagne,Accompagnateur / Accompagnatrice en moyenne montagne,Tourisme,101
2062,G1231,Accompagnateur / Accompagnatrice nature,Accompagnateur / Accompagnatrice nature,Tourisme,101
2063,G1709,Agent / Agente d'accueil et de prévention en camping,Agent / Agente d'accueil et de prévention en camping,Tourisme,101
2064,G1101,Agent / Agente d'accueil touristique,Agent / Agente d'accueil touristique,Tourisme,101
2065,A1215,Agent / Agente d'aires marines protégées,Agent / Agente d'aires marines protégées,Tourisme,101
2066,N3207,Agent / Agente de port de plaisance,Agent / Agente de port de plaisance,Tourisme,101
2067,I1210,Agent de maintenance qualifié / Agente de maintenance qualifiée en camping,Agent de maintenance qualifié / Agente de maintenance qualifiée en camping,Tourisme,101
2068,I1637,Aménageur / Aménageuse de véhicules,Aménageur / Aménageuse de véhicules,Tourisme,101
2069,K1803,Animateur / Animatrice de développement régional,Animateur / Animatrice de développement régional,Tourisme,101
2070,G1106,Animateur / Animatrice du patrimoine,Animateur / Animatrice du patrimoine,Tourisme,101
2071,G1246,Animateur / Animatrice mobilité à vélo,Animateur / Animatrice mobilité à vélo,Tourisme,101
2072,G1305,Assistant / Assistante chef de produit tourisme,Assistant / Assistante chef de produit tourisme,Tourisme,101
2073,G1306,Billettiste voyages,Billettiste voyages,Tourisme,101
2074,N3115,Capitaine de yacht,Capitaine de yacht,Tourisme,101
2075,D1234,Chargé / Chargée de location de matériel de transport ou de loisirs,Chargé / Chargée de location de matériel de transport ou de loisirs,Tourisme,101
2076,G1102,Chargé / Chargée de promotion touristique,Chargé / Chargée de promotion touristique,Tourisme,101
2077,G1308,Chef / Cheffe de produit touristique,Chef / Cheffe de produit touristique,Tourisme,101
2078,G1301,Concepteur / Conceptrice de produits touristiques,Concepteur / Conceptrice de produits touristiques,Tourisme,101
2079,N4117,Conducteur / Conductrice d'attelage,Conducteur / Conductrice d'attelage,Tourisme,101
2080,N4127,Conducteur / Conductrice de car tourisme,Conducteur / Conductrice de car tourisme,Tourisme,101
2081,G1303,Conseiller / Conseillère en voyages,Conseiller / Conseillère en voyages,Tourisme,101
2082,G1104,Consultant / Consultante tourisme,Consultant / Consultante tourisme,Tourisme,101
2083,G1206,Croupier / Croupière,Croupier / Croupière,Tourisme,101
2084,L1201,Danseur / Danseuse,Danseur / Danseuse,Tourisme,101
2085,G1103,Directeur / Directrice d'espace naturel protégé,Directeur / Directrice d'espace naturel protégé,Tourisme,101
2086,G1105,Directeur / Directrice d'office du tourisme,Directeur / Directrice d'office du tourisme,Tourisme,101
2087,G1412,Directeur / Directrice de parc à thème,Directeur / Directrice de parc à thème,Tourisme,101
2088,G1108,Directeur / Directrice de pays d'accueil touristique,Directeur / Directrice de pays d'accueil touristique,Tourisme,101
2089,G1244,Directeur / Directrice des jeux,Directeur / Directrice des jeux,Tourisme,101
2090,G1240,Educateur / Educatrice nature environnement,Educateur / Educatrice nature environnement,Tourisme,101
2091,G1417,Exploitant / Exploitante de casino de jeux,Exploitant / Exploitante de casino de jeux,Tourisme,101
2092,G1415,Gérant / Gérante de gîte et chambres d'hôtes,Gérant / Gérante de gîte et chambres d'hôtes,Tourisme,101
2093,G1503,Gouvernant / Gouvernante d'étage en hôtellerie,Gouvernant / Gouvernante d'étage en hôtellerie,Tourisme,101
2094,G1504,Gouvernant général / Gouvernante générale en hôtellerie,Gouvernant général / Gouvernante générale en hôtellerie,Tourisme,101
2095,G1201,Guide-accompagnateur / Guide-accompagnatrice,Guide-accompagnateur / Guide-accompagnatrice,Tourisme,101
2096,G1229,Guide-accompagnateur / Guide-accompagnatrice de pêche,Guide-accompagnateur / Guide-accompagnatrice de pêche,Tourisme,101
2097,G1222,Guide-conférencier / Guide-conférencière,Guide-conférencier / Guide-conférencière,Tourisme,101
2098,G1227,Guide-interprète,Guide-interprète,Tourisme,101
2099,G1107,Hôte / Hôtesse d'accueil et d'animation de croisière,Hôte / Hôtesse d'accueil et d'animation de croisière,Tourisme,101
2100,K1816,Manager de commerce et territoire,Manager de commerce et territoire,Tourisme,101
2101,L1501,Maquilleur / Maquilleuse spectacle,Maquilleur / Maquilleuse spectacle,Tourisme,101
2102,G1234,Musher guide de randonnée en traîneau,Musher guide de randonnée en traîneau,Tourisme,101
2103,N3106,Officier / Officière de la marine marchande,Officier / Officière de la marine marchande,Tourisme,101
2104,G1232,Opérateur / Opératrice de parcours acrobatique dans les arbres,Opérateur / Opératrice de parcours acrobatique dans les arbres,Tourisme,101
2105,D1235,Plagiste,Plagiste,Tourisme,101
2106,D1230,Responsable d'agence de location de matériel de transport,Responsable d'agence de location de matériel de transport,Tourisme,101
2107,G1304,Responsable d'agence de voyages,Responsable d'agence de voyages,Tourisme,101
2108,M1302,Responsable de Petite ou Moyenne Entreprise -PME-,Responsable de Petite ou Moyenne Entreprise -PME-,Tourisme,101
2109,G1403,Responsable de service en établissement touristique,Responsable de service en établissement touristique,Tourisme,101
2110,G1307,Responsable de ventes de voyages en plateau d'affaires,Responsable de ventes de voyages en plateau d'affaires,Tourisme,101
2111,D1231,Responsable espace bien-être,Responsable espace bien-être,Tourisme,101
2112,I1120,Responsable technique en camping,Responsable technique en camping,Tourisme,101
2113,N3108,Skipper professionnel / Skipper professionnelle,Skipper professionnel / Skipper professionnelle,Tourisme,101
2114,G1247,Surveillant / Surveillante d'espaces aquatiques,Surveillant / Surveillante d'espaces aquatiques,Tourisme,101
2115,G1302,Yield manager,Yield manager,Tourisme,101
2116,G1401,Adjoint / Adjointe de la direction en hôtellerie-restauration,Adjoint / Adjointe de la direction en hôtellerie-restauration,Restauration,102
2117,G1709,Agent / Agente d'accueil et de prévention en camping,Agent / Agente d'accueil et de prévention en camping,Hôtellerie,102
2118,G1704,Agent / Agente de réservation en hôtellerie,Agent / Agente de réservation en hôtellerie,Hôtellerie,102
2119,I1210,Agent de maintenance qualifié / Agente de maintenance qualifiée en camping,Agent de maintenance qualifié / Agente de maintenance qualifiée en camping,Hôtellerie,102
2120,G1702,Bagagiste en établissement hôtelier,Bagagiste en établissement hôtelier,Hôtellerie,102
2121,G1809,Barista,Barista,Restauration,102
2122,G1801,Barman / Barmaid,Barman / Barmaid,Restauration,102
2123,D1102,Boulanger / Boulangère,Boulanger / Boulangère,Restauration,102
2124,G1705,Chef / Cheffe concierge d'hôtel,Chef / Cheffe concierge d'hôtel,Hôtellerie,102
2125,G1601,Chef / Cheffe de cuisine,Chef / Cheffe de cuisine,Restauration,102
2126,G1601,Chef / Cheffe de cuisine,Chef / Cheffe de cuisine,Hôtellerie,102
2127,G1810,Chef / Cheffe de rang,Chef / Cheffe de rang,Restauration,102
2128,G1706,Chef / Cheffe de réception en hôtellerie,Chef / Cheffe de réception en hôtellerie,Hôtellerie,102
2129,G1808,Chef barman / Cheffe barmaid,Chef barman / Cheffe barmaid,Restauration,102
2130,G1808,Chef barman / Cheffe barmaid,Chef barman / Cheffe barmaid,Hôtellerie,102
2131,G1806,Chef sommelier / Cheffe sommelière,Chef sommelier / Cheffe sommelière,Restauration,102
2132,G1602,Commis / Commise de cuisine,Commis / Commise de cuisine,Restauration,102
2133,G1701,Concierge d'hôtel,Concierge d'hôtel,Hôtellerie,102
2134,G1612,Crêpier / Crêpière,Crêpier / Crêpière,Restauration,102
2135,G1609,Cuisinier / Cuisinière,Cuisinier / Cuisinière,Restauration,102
2136,G1606,Cuisinier / Cuisinière de collectivité,Cuisinier / Cuisinière de collectivité,Restauration,102
2137,G1402,Directeur / Directrice d'établissement en hôtellerie-restauration,Directeur / Directrice d'établissement en hôtellerie-restauration,Restauration,102
2138,G1402,Directeur / Directrice d'établissement en hôtellerie-restauration,Directeur / Directrice d'établissement en hôtellerie-restauration,Hôtellerie,102
2139,G1411,Directeur / Directrice d'hôtel,Directeur / Directrice d'hôtel,Restauration,102
2140,G1416,Directeur / Directrice d'hôtellerie de plein air,Directeur / Directrice d'hôtellerie de plein air,Hôtellerie,102
2141,M1303,Directeur / Directrice de filiale,Directeur / Directrice de filiale,Hôtellerie,102
2142,G1410,Directeur / Directrice de la restauration,Directeur / Directrice de la restauration,Restauration,102
2143,G1412,Directeur / Directrice de parc à thème,Directeur / Directrice de parc à thème,Hôtellerie,102
2144,G1413,Directeur / Directrice de restaurant,Directeur / Directrice de restaurant,Restauration,102
2145,G1408,Directeur / Directrice de structure d'hébergement touristique,Directeur / Directrice de structure d'hébergement touristique,Hôtellerie,102
2146,G1608,Ecailler / Ecaillère,Ecailler / Ecaillère,Restauration,102
2147,G1407,Econome en hôtellerie-restauration,Econome en hôtellerie-restauration,Restauration,102
2148,G1407,Econome en hôtellerie-restauration,Econome en hôtellerie-restauration,Hôtellerie,102
2149,G1501,Employé / Employée d'étage,Employé / Employée d'étage,Hôtellerie,102
2150,G1502,Employé / Employée d'hôtel,Employé / Employée d'hôtel,Hôtellerie,102
2151,G1607,Employé / Employée de restauration collective,Employé / Employée de restauration collective,Restauration,102
2152,G1603,Equipier polyvalent / Equipière polyvalente de restauration rapide,Equipier polyvalent / Equipière polyvalente de restauration rapide,Restauration,102
2153,G1807,Gérant / Gérante de bar-tabac,Gérant / Gérante de bar-tabac,Restauration,102
2154,G1805,"Gérant / Gérante de café, bar-brasserie","Gérant / Gérante de café, bar-brasserie",Restauration,102
2155,G1415,Gérant / Gérante de gîte et chambres d'hôtes,Gérant / Gérante de gîte et chambres d'hôtes,Hôtellerie,102
2156,D1118,Glacier / Glacière,Glacier / Glacière,Restauration,102
2157,D1118,Glacier / Glacière,Glacier / Glacière,Hôtellerie,102
2158,G1503,Gouvernant / Gouvernante d'étage en hôtellerie,Gouvernant / Gouvernante d'étage en hôtellerie,Hôtellerie,102
2159,G1504,Gouvernant général / Gouvernante générale en hôtellerie,Gouvernant général / Gouvernante générale en hôtellerie,Hôtellerie,102
2160,D1242,Linger / Lingère,Linger / Lingère,Hôtellerie,102
2161,G1802,Maître / Maîtresse d'hôtel,Maître / Maîtresse d'hôtel,Restauration,102
2162,G1409,Manager en restauration rapide,Manager en restauration rapide,Restauration,102
2163,G1610,Pâtissier / Pâtissière de restaurant,Pâtissier / Pâtissière de restaurant,Restauration,102
2164,G1604,Pizzaïolo / Pizzaïola,Pizzaïolo / Pizzaïola,Restauration,102
2165,G1605,Plongeur officier / Plongeuse officière de cuisine,Plongeur officier / Plongeuse officière de cuisine,Restauration,102
2166,G1703,Réceptionniste,Réceptionniste,Hôtellerie,102
2167,G1404,Responsable d'établissement de restauration collective,Responsable d'établissement de restauration collective,Restauration,102
2168,G1403,Responsable de service en établissement touristique,Responsable de service en établissement touristique,Hôtellerie,102
2169,G1707,Responsable de vestiaire,Responsable de vestiaire,Hôtellerie,102
2170,D1231,Responsable espace bien-être,Responsable espace bien-être,Hôtellerie,102
2171,I1120,Responsable technique en camping,Responsable technique en camping,Hôtellerie,102
2172,G1613,Restaurateur ambulant / Restauratrice ambulante,Restaurateur ambulant / Restauratrice ambulante,Restauration,102
2173,G1803,Serveur / Serveuse en restauration,Serveur / Serveuse en restauration,Restauration,102
2174,G1804,Sommelier / Sommelière,Sommelier / Sommelière,Restauration,102
2175,G1611,Steward / Hôtesse de train,Steward / Hôtesse de train,Restauration,102
2176,G1247,Surveillant / Surveillante d'espaces aquatiques,Surveillant / Surveillante d'espaces aquatiques,Hôtellerie,102
2177,D1120,Tourier / Tourière,Tourier / Tourière,Restauration,102
2178,G1708,Voiturier / Voiturière,Voiturier / Voiturière,Restauration,102
2179,G1708,Voiturier / Voiturière,Voiturier / Voiturière,Hôtellerie,102
2180,G1302,Yield manager,Yield manager,Hôtellerie,102
2181,M1427,Animateur / Animatrice de réseau d'entreprises,Animateur / Animatrice de réseau d'entreprises,Gestion administrative,103
2182,M1416,Animateur / Animatrice qualité services,Animateur / Animatrice qualité services,Gestion administrative,103
2183,M1222,Assistant / Assistante de contrôle budgétaire,Assistant / Assistante de contrôle budgétaire,Gestion administrative,103
2184,M1604,Assistant / Assistante de direction,Assistant / Assistante de direction,Gestion administrative,103
2185,M1612,Assistant / Assistante de service juridique,Assistant / Assistante de service juridique,Gestion administrative,103
2186,M1501,Assistant / Assistante Ressources Humaines (RH),Assistant / Assistante Ressources Humaines (RH),Ressources humaines,103
2187,D1432,Assistant / Assistante service clients,Assistant / Assistante service clients,Gestion administrative,103
2188,M1607,Assistant administratif / Assistante administrative,Assistant administratif / Assistante administrative,Gestion administrative,103
2189,M1621,Assistant administratif / Assistante administrative multilingue,Assistant administratif / Assistante administrative multilingue,Gestion administrative,103
2190,M1621,Assistant administratif / Assistante administrative multilingue,Assistant administratif / Assistante administrative multilingue,Ressources humaines,103
2191,M1415,Auditeur social / Auditrice sociale,Auditeur social / Auditrice sociale,Gestion administrative,103
2192,M1616,Auxiliaire de gestion des écoles de conduite,Auxiliaire de gestion des écoles de conduite,Gestion administrative,103
2193,M1601,Chargé / Chargée d'accueil,Chargé / Chargée d'accueil,Gestion administrative,103
2194,K1814,Chargé / Chargée d'emploi en entreprise de travail temporaire,Chargé / Chargée d'emploi en entreprise de travail temporaire,Ressources humaines,103
2195,M1505,Chargé / Chargée de formation en entreprise,Chargé / Chargée de formation en entreprise,Ressources humaines,103
2196,M1510,Chargé / Chargée de mission RH diversité handicap,Chargé / Chargée de mission RH diversité handicap,Ressources humaines,103
2197,M1431,Chargé / Chargée de partenariat,Chargé / Chargée de partenariat,Gestion administrative,103
2198,M1502,Chargé / Chargée de recrutement,Chargé / Chargée de recrutement,Ressources humaines,103
2199,M1223,Chef / Cheffe des services administratifs et financiers,Chef / Cheffe des services administratifs et financiers,Gestion administrative,103
2200,M1423,Chief Data Officer,Chief Data Officer,Gestion administrative,103
2201,K1804,Conseiller / Conseillère en création d'entreprise,Conseiller / Conseillère en création d'entreprise,Gestion administrative,103
2202,M1209,Conseiller / Conseillère en gestion,Conseiller / Conseillère en gestion,Gestion administrative,103
2203,M1508,Conseiller / Conseillère en gestion de carrière,Conseiller / Conseillère en gestion de carrière,Ressources humaines,103
2204,K2126,Conseiller / Conseillère en validation des acquis de l'expérience,Conseiller / Conseillère en validation des acquis de l'expérience,Ressources humaines,103
2205,K2101,Conseiller consultant / Conseillère consultante en formation,Conseiller consultant / Conseillère consultante en formation,Ressources humaines,103
2206,M1424,Consultant / Consultante en intelligence économique,Consultant / Consultante en intelligence économique,Gestion administrative,103
2207,M1429,Consultant / Consultante en management,Consultant / Consultante en management,Gestion administrative,103
2208,C1126,Contrôleur / Contrôleuse cotisations sociales,Contrôleur / Contrôleuse cotisations sociales,Gestion administrative,103
2209,C1126,Contrôleur / Contrôleuse cotisations sociales,Contrôleur / Contrôleuse cotisations sociales,Ressources humaines,103
2210,M1204,Contrôleur / Contrôleuse de gestion,Contrôleur / Contrôleuse de gestion,Gestion administrative,103
2211,M1220,Credit manager,Credit manager,Gestion administrative,103
2212,H1104,Directeur / Directrice des affaires médicales pharmaceutiques,Directeur / Directrice des affaires médicales pharmaceutiques,Gestion administrative,103
2213,M1512,Directeur / Directrice des relations sociales,Directeur / Directrice des relations sociales,Gestion administrative,103
2214,M1512,Directeur / Directrice des relations sociales,Directeur / Directrice des relations sociales,Ressources humaines,103
2215,M1503,Directeur / Directrice des Ressources Humaines (DRH),Directeur / Directrice des Ressources Humaines (DRH),Ressources humaines,103
2216,D1406,Directeur / Directrice des ventes,Directeur / Directrice des ventes,Gestion administrative,103
2217,M1428,Directeur / Directrice qualité services,Directeur / Directrice qualité services,Gestion administrative,103
2218,M1301,Dirigeant / Dirigeante d'entreprise privée,Dirigeant / Dirigeante d'entreprise privée,Gestion administrative,103
2219,M1412,Ergonome,Ergonome,Ressources humaines,103
2220,M1212,Gestionnaire de lits,Gestionnaire de lits,Gestion administrative,103
2221,M1507,Gestionnaire paie,Gestionnaire paie,Ressources humaines,103
2222,H1313,Ingénieur / Ingénieure sécurité incendie,Ingénieur / Ingénieure sécurité incendie,Ressources humaines,103
2223,M1217,"Intendant / Intendante d'établissement scolaire (lycée, collège...)","Intendant / Intendante d'établissement scolaire (lycée, collège...)",Gestion administrative,103
2224,M1610,Intendant / Intendante du sport,Intendant / Intendante du sport,Gestion administrative,103
2225,M1417,Intervenant / Intervenante en Prévention des Risques Professionnels - IPRP,Intervenant / Intervenante en Prévention des Risques Professionnels - IPRP,Ressources humaines,103
2226,M1506,Manager de proximité,Manager de proximité,Ressources humaines,103
2227,K1229,Médiateur administratif / Médiatrice administrative,Médiateur administratif / Médiatrice administrative,Gestion administrative,103
2228,M1432,Office manager,Office manager,Gestion administrative,103
2229,M1606,Opérateur / Opératrice de saisie,Opérateur / Opératrice de saisie,Gestion administrative,103
2230,G1219,Recruteur sportif / Recruteuse sportive,Recruteur sportif / Recruteuse sportive,Ressources humaines,103
2231,C1104,Responsable d'agence en assurances,Responsable d'agence en assurances,Gestion administrative,103
2232,M1302,Responsable de Petite ou Moyenne Entreprise -PME-,Responsable de Petite ou Moyenne Entreprise -PME-,Gestion administrative,103
2233,K1417,Responsable des affaires générales,Responsable des affaires générales,Gestion administrative,103
2234,K1419,Responsable du service des assemblées,Responsable du service des assemblées,Gestion administrative,103
2235,M1420,Responsable en intelligence économique,Responsable en intelligence économique,Gestion administrative,103
2236,M1402,Responsable en organisation en entreprise,Responsable en organisation en entreprise,Gestion administrative,103
2237,M1221,Responsable financement de projet,Responsable financement de projet,Gestion administrative,103
2238,M1504,Responsable formation professionnelle en entreprise,Responsable formation professionnelle en entreprise,Ressources humaines,103
2239,M1509,Responsable paie et administration du personnel,Responsable paie et administration du personnel,Gestion administrative,103
2240,M1509,Responsable paie et administration du personnel,Responsable paie et administration du personnel,Ressources humaines,103
2241,M1511,Responsable Qualité de Vie au Travail,Responsable Qualité de Vie au Travail,Ressources humaines,103
2242,M1406,Responsable RSE (Responsabilité Sociétale de l'Entreprise),Responsable RSE (Responsabilité Sociétale de l'Entreprise),Gestion administrative,103
2243,M1605,Secrétaire technique,Secrétaire technique,Gestion administrative,103
2244,C1209,Spécialiste de la vérification client,Spécialiste de la vérification client,Gestion administrative,103
2245,M1614,Standardiste,Standardiste,Gestion administrative,103
2246,M1613,Télésecrétaire,Télésecrétaire,Gestion administrative,103
2247,H2923,Ajusteur-régleur / Ajusteuse-régleuse de fabrication en instruments d'optique,Ajusteur-régleur / Ajusteuse-régleuse de fabrication en instruments d'optique,Industrie - Électronique,104
2248,H2604,Assembleur / Assembleuse en produits électriques et électroniques,Assembleur / Assembleuse en produits électriques et électroniques,Industrie - Électronique,104
2249,H2909,Assembleur monteur / Assembleuse monteuse,Assembleur monteur / Assembleuse monteuse,Industrie - Électronique,104
2250,H2601,Bobinier / Bobinière en électricité,Bobinier / Bobinière en électricité,Industrie - Électronique,104
2251,H2608,Bobinier / Bobinière en matériels électroniques,Bobinier / Bobinière en matériels électroniques,Industrie - Électronique,104
2252,H2602,Câbleur / Câbleuse d'armoires,Câbleur / Câbleuse d'armoires,Industrie - Électronique,104
2253,H2607,Chef / Cheffe d'atelier de bobinage électrique,Chef / Cheffe d'atelier de bobinage électrique,Industrie - Électronique,104
2254,H2501,Chef / Cheffe d'atelier production électricité-électronique,Chef / Cheffe d'atelier production électricité-électronique,Industrie - Électronique,104
2255,H1228,Chef de groupe projeteur / Cheffe de groupe projeteuse en électricité-électronique,Chef de groupe projeteur / Cheffe de groupe projeteuse en électricité-électronique,Industrie - Électronique,104
2256,H1504,Contrôleur / Contrôleuse technique en électricité-électronique,Contrôleur / Contrôleuse technique en électricité-électronique,Industrie - Électronique,104
2257,H1202,Dessinateur / Dessinatrice en électricité-électronique,Dessinateur / Dessinatrice en électricité-électronique,Industrie - Électronique,104
2258,H1236,Dessinateur-projeteur / Dessinatrice-projeteuse en électricité-électronique,Dessinateur-projeteur / Dessinatrice-projeteuse en électricité-électronique,Industrie - Électronique,104
2259,I1334,Electronicien / Electronicienne de maintenance aéronautique,Electronicien / Electronicienne de maintenance aéronautique,Industrie - Électronique,104
2260,B1604,Horloger / Horlogère,Horloger / Horlogère,Industrie - Électronique,104
2261,H1410,Ingénieur / Ingénieure de gestion de la production,Ingénieur / Ingénieure de gestion de la production,Industrie - Électronique,104
2262,H1227,Maquettiste en électronique,Maquettiste en électronique,Industrie - Électronique,104
2263,H1245,Mécatronicien / Mécatronicienne,Mécatronicien / Mécatronicienne,Industrie - Électronique,104
2264,H2606,Monteur-bobinier / Monteuse-bobinière en électricité,Monteur-bobinier / Monteuse-bobinière en électricité,Industrie - Électronique,104
2265,H2605,Monteur-câbleur / Monteuse-câbleuse,Monteur-câbleur / Monteuse-câbleuse,Industrie - Électronique,104
2266,H2603,Opérateur / Opératrice sur machines automatisées en production électrique,Opérateur / Opératrice sur machines automatisées en production électrique,Industrie - Électronique,104
2267,E1212,Restaurateur / Restauratrice numérique image,Restaurateur / Restauratrice numérique image,Industrie - Électronique,104
2268,H1239,Technicien / Technicienne bureau d'études écoconception,Technicien / Technicienne bureau d'études écoconception,Industrie - Électronique,104
2269,H1209,Technicien / Technicienne en électricité et électronique études et développement,Technicien / Technicienne en électricité et électronique études et développement,Industrie - Électronique,104
2270,I1305,Technicien / Technicienne installation et maintenance électronique,Technicien / Technicienne installation et maintenance électronique,Industrie - Électronique,104
2271,H2704,Technicien démonteur / Technicienne démonteuse de batteries de véhicules électriques,Technicien démonteur / Technicienne démonteuse de batteries de véhicules électriques,Industrie - Électronique,104
2272,A1215,Agent / Agente d'aires marines protégées,Agent / Agente d'aires marines protégées,Recherche,105
2273,H1214,Agent / Agente de laboratoire de recherche industrielle,Agent / Agente de laboratoire de recherche industrielle,Recherche,105
2274,A1505,Animalier / Animalière de laboratoire,Animalier / Animalière de laboratoire,Recherche,105
2275,K2143,Anthropologue,Anthropologue,Recherche,105
2276,K2125,Archéologue,Archéologue,Recherche,105
2277,H1508,Assureur / Assureuse qualité industrie,Assureur / Assureuse qualité industrie,Recherche,105
2278,K2409,Astronome,Astronome,Recherche,105
2279,K2410,Astrophysicien / Astrophysicienne,Astrophysicien / Astrophysicienne,Recherche,105
2280,H1211,Attaché / Attachée de recherche clinique (ARC),Attaché / Attachée de recherche clinique (ARC),Recherche,105
2281,K2405,Attaché / Attachée de recherche clinique en milieu hospitalier,Attaché / Attachée de recherche clinique en milieu hospitalier,Recherche,105
2282,H1515,Auditeur / Auditrice qualité en industrie,Auditeur / Auditrice qualité en industrie,Recherche,105
2283,H1215,"Bioinformaticien / Bioinformaticienne en études, recherche et développement","Bioinformaticien / Bioinformaticienne en études, recherche et développement",Recherche,105
2284,K2403,Biostatisticien / Biostatisticienne,Biostatisticien / Biostatisticienne,Recherche,105
2285,K2419,Botaniste,Botaniste,Recherche,105
2286,M1808,Cartographe,Cartographe,Recherche,105
2287,M1403,Chargé / Chargée d'études socio-économiques,Chargé / Chargée d'études socio-économiques,Recherche,105
2288,A1313,Chargé / Chargée de mission environnement,Chargé / Chargée de mission environnement,Recherche,105
2289,H1514,Chargé / Chargée de pharmacovigilance en industrie pharmaceutique,Chargé / Chargée de pharmacovigilance en industrie pharmaceutique,Recherche,105
2290,K2404,Chargé / Chargée de recherche en industrie pharmaceutique,Chargé / Chargée de recherche en industrie pharmaceutique,Recherche,105
2291,H1507,Chargé / Chargée des affaires réglementaires,Chargé / Chargée des affaires réglementaires,Recherche,105
2292,H1511,Chargé / Chargée de validation-qualification en industrie pharmaceutique,Chargé / Chargée de validation-qualification en industrie pharmaceutique,Recherche,105
2293,M1709,Chef / Cheffe de gamme en industrie pharmaceutique,Chef / Cheffe de gamme en industrie pharmaceutique,Recherche,105
2294,I1513,Chef d'équipe scaphandrier / Cheffe d'équipe scaphandrière,Chef d'équipe scaphandrier / Cheffe d'équipe scaphandrière,Recherche,105
2295,K2413,Chercheur / Chercheuse des écosystèmes,Chercheur / Chercheuse des écosystèmes,Recherche,105
2296,K2412,Chercheur / Chercheuse du monde aquatique,Chercheur / Chercheuse du monde aquatique,Recherche,105
2297,K2420,Chercheur / Chercheuse du monde forestier,Chercheur / Chercheuse du monde forestier,Recherche,105
2298,K2417,Chercheur / Chercheuse du monde marin,Chercheur / Chercheuse du monde marin,Recherche,105
2299,K2421,Chercheur / Chercheuse du monde microbien et microbiologique,Chercheur / Chercheuse du monde microbien et microbiologique,Recherche,105
2300,K2401,Chercheur / Chercheuse en sciences humaines et sociales,Chercheur / Chercheuse en sciences humaines et sociales,Recherche,105
2301,K2418,Chercheur animalier / Chercheuse animalière,Chercheur animalier / Chercheuse animalière,Recherche,105
2302,K2407,Climatologue,Climatologue,Recherche,105
2303,A1509,Comportementaliste animalier / Comportementaliste animalière,Comportementaliste animalier / Comportementaliste animalière,Recherche,105
2304,H1223,Coordinateur / Coordinatrice d'études cliniques en industrie pharmaceutique,Coordinateur / Coordinatrice d'études cliniques en industrie pharmaceutique,Recherche,105
2305,M1811,Data engineer,Data engineer,Recherche,105
2306,M1405,Data scientist,Data scientist,Recherche,105
2307,K2134,Démographe,Démographe,Recherche,105
2308,M1422,Directeur / Directrice d'études socio-économiques,Directeur / Directrice d'études socio-économiques,Recherche,105
2309,K2406,Directeur / Directrice de recherche en industrie pharmaceutique,Directeur / Directrice de recherche en industrie pharmaceutique,Recherche,105
2310,A1312,Directeur / Directrice environnement,Directeur / Directrice environnement,Recherche,105
2311,M1412,Ergonome,Ergonome,Recherche,105
2312,K2135,Ethnologue,Ethnologue,Recherche,105
2313,M1856,Expert / Experte en cybersécurité,Expert / Experte en cybersécurité,Recherche,105
2314,K1740,Expert / Experte en opérations spatiales militaires,Expert / Experte en opérations spatiales militaires,Recherche,105
2315,H1516,Expert / Experte métrologue,Expert / Experte métrologue,Recherche,105
2316,M1305,Fablab Manager,Fablab Manager,Recherche,105
2317,M1433,Géographe,Géographe,Recherche,105
2318,M1895,Géomaticien / Géomaticienne,Géomaticien / Géomaticienne,Recherche,105
2319,F1143,Géophysicien / Géophysicienne,Géophysicien / Géophysicienne,Recherche,105
2320,A1317,Gestionnaire d'aires marines protégées,Gestionnaire d'aires marines protégées,Recherche,105
2321,F1123,Glaciologue,Glaciologue,Recherche,105
2322,A1314,Halieute,Halieute,Recherche,105
2323,K2140,Historien / Historienne,Historien / Historienne,Recherche,105
2324,H1212,Ingénieur / Ingénieure brevet en industrie,Ingénieur / Ingénieure brevet en industrie,Recherche,105
2325,H1533,Ingénieur / Ingénieure CND END,Ingénieur / Ingénieure CND END,Recherche,105
2326,A1303,Ingénieur / Ingénieure d'études et de recherche agricoles,Ingénieur / Ingénieure d'études et de recherche agricoles,Recherche,105
2327,K2402,Ingénieur / Ingénieure de recherche scientifique,Ingénieur / Ingénieure de recherche scientifique,Recherche,105
2328,H1225,Ingénieur / Ingénieure développement nucléaire,Ingénieur / Ingénieure développement nucléaire,Recherche,105
2329,M1409,Ingénieur / Ingénieure économiste en entreprise,Ingénieur / Ingénieure économiste en entreprise,Recherche,105
2330,H1237,Ingénieur / Ingénieure énergies renouvelables,Ingénieur / Ingénieure énergies renouvelables,Recherche,105
2331,H2514,Ingénieur / Ingénieure en génie des matériaux,Ingénieur / Ingénieure en génie des matériaux,Recherche,105
2332,M1889,Ingénieur / Ingénieure en Intelligence Artificielle (IA),Ingénieur / Ingénieure en Intelligence Artificielle (IA),Recherche,105
2333,H1230,Ingénieur / Ingénieure essais vérification et validation (V&V) en milieu nucléaire,Ingénieur / Ingénieure essais vérification et validation (V&V) en milieu nucléaire,Recherche,105
2334,H1302,"Ingénieur / Ingénieure Hygiène, Sécurité et Environnement en industrie (HSE)","Ingénieur / Ingénieure Hygiène, Sécurité et Environnement en industrie (HSE)",Recherche,105
2335,M1891,Ingénieur / Ingénieure prévisionniste météorologue,Ingénieur / Ingénieure prévisionniste météorologue,Recherche,105
2336,H1206,Ingénieur / Ingénieure R&D en industrie,Ingénieur / Ingénieure R&D en industrie,Recherche,105
2337,F1129,Ingénieur / Ingénieure réservoir,Ingénieur / Ingénieure réservoir,Recherche,105
2338,H1313,Ingénieur / Ingénieure sécurité incendie,Ingénieur / Ingénieure sécurité incendie,Recherche,105
2339,H1409,Ingénieur / Ingénieure soudage,Ingénieur / Ingénieure soudage,Recherche,105
2340,H1306,Ingénieur / Ingénieure sûreté en industrie nucléaire,Ingénieur / Ingénieure sûreté en industrie nucléaire,Recherche,105
2341,M1414,Ingénieur statisticien / Ingénieure statisticienne,Ingénieur statisticien / Ingénieure statisticienne,Recherche,105
2342,H1312,Inspecteur / Inspectrice de sites industriels,Inspecteur / Inspectrice de sites industriels,Recherche,105
2343,K2416,Linguiste,Linguiste,Recherche,105
2344,K2408,Mathématicien / Mathématicienne,Mathématicien / Mathématicienne,Recherche,105
2345,H1245,Mécatronicien / Mécatronicienne,Mécatronicien / Mécatronicienne,Recherche,105
2346,M1809,Météorologue,Météorologue,Recherche,105
2347,F1142,Océanographe,Océanographe,Recherche,105
2348,H2303,Opérateur / Opératrice de fabrication en industrie pharmaceutique,Opérateur / Opératrice de fabrication en industrie pharmaceutique,Recherche,105
2349,K2415,Paléographe,Paléographe,Recherche,105
2350,K2414,Paléontologue,Paléontologue,Recherche,105
2351,I1510,Plongeur / Plongeuse scientifique et technique,Plongeur / Plongeuse scientifique et technique,Recherche,105
2352,H1408,Programmeur / Programmeuse en Conception de Fabrication Assistée par Ordinateur (CFAO),Programmeur / Programmeuse en Conception de Fabrication Assistée par Ordinateur (CFAO),Recherche,105
2353,H2920,Prototypiste en mécanique,Prototypiste en mécanique,Recherche,105
2354,J1131,Psychiatre,Psychiatre,Recherche,105
2355,M1890,Responsable d'opérations en station météorologique,Responsable d'opérations en station météorologique,Recherche,105
2356,H1517,Responsable de laboratoire de contrôle en industrie pharmaceutique,Responsable de laboratoire de contrôle en industrie pharmaceutique,Recherche,105
2357,M1812,Responsable de la Sécurité des Systèmes d'Information (RSSI),Responsable de la Sécurité des Systèmes d'Information (RSSI),Recherche,105
2358,M1407,Responsable de la veille scientifique et technique en industrie pharmaceutique,Responsable de la veille scientifique et technique en industrie pharmaceutique,Recherche,105
2359,H1513,Responsable de pharmacovigilance en industrie pharmaceutique,Responsable de pharmacovigilance en industrie pharmaceutique,Recherche,105
2360,H1218,Responsable de projet recherche et développement,Responsable de projet recherche et développement,Recherche,105
2361,H1509,Responsable des affaires règlementaires en industrie pharmaceutique,Responsable des affaires règlementaires en industrie pharmaceutique,Recherche,105
2362,H1216,Responsable des études épidémiologiques,Responsable des études épidémiologiques,Recherche,105
2363,M1844,Responsable des études et applications informatiques,Responsable des études et applications informatiques,Recherche,105
2364,M1408,Responsable des études pharmaco-économiques en industrie pharmaceutique,Responsable des études pharmaco-économiques en industrie pharmaceutique,Recherche,105
2365,H1221,Responsable des partenariats de recherche en industrie pharmaceutique,Responsable des partenariats de recherche en industrie pharmaceutique,Recherche,105
2366,H1213,Responsable du développement clinique en industrie pharmaceutique,Responsable du développement clinique en industrie pharmaceutique,Recherche,105
2367,D1411,Responsable Efficacité Commerciale (SFE) en industrie pharmaceutique,Responsable Efficacité Commerciale (SFE) en industrie pharmaceutique,Recherche,105
2368,F1113,Responsable énergie,Responsable énergie,Recherche,105
2369,H1311,Responsable en santé environnementale,Responsable en santé environnementale,Recherche,105
2370,H1519,Responsable éthique-déontologie-conformité en industrie pharmaceutique,Responsable éthique-déontologie-conformité en industrie pharmaceutique,Recherche,105
2371,H1220,Responsable formulation en industrie pharmaceutique,Responsable formulation en industrie pharmaceutique,Recherche,105
2372,C1125,Responsable gestion des sinistres,Responsable gestion des sinistres,Recherche,105
2373,H1222,Responsable médical / Responsable médicale des études cliniques en industrie pharmaceutique,Responsable médical / Responsable médicale des études cliniques en industrie pharmaceutique,Recherche,105
2374,J1106,Responsable médical / Responsable médicale en région (RMR-MSL) en industrie pharmaceutique,Responsable médical / Responsable médicale en région (RMR-MSL) en industrie pharmaceutique,Recherche,105
2375,H1219,Responsable opérationnel / Responsable opérationnelle des études cliniques en industrie pharmaceutique,Responsable opérationnel / Responsable opérationnelle des études cliniques en industrie pharmaceutique,Recherche,105
2376,M1710,Responsable régional / Responsable régionale des relations scientifiques médicales,Responsable régional / Responsable régionale des relations scientifiques médicales,Recherche,105
2377,H1229,Roughman / Roughwoman en design,Roughman / Roughwoman en design,Recherche,105
2378,I1509,Scaphandrier inspecteur / Scaphandrière inspectrice,Scaphandrier inspecteur / Scaphandrière inspectrice,Recherche,105
2379,K2133,Sociologue,Sociologue,Recherche,105
2380,M1888,Spécialiste en modélisation climatique,Spécialiste en modélisation climatique,Recherche,105
2381,H1510,Technicien / Technicienne de laboratoire de contrôle en industrie pharmaceutique,Technicien / Technicienne de laboratoire de contrôle en industrie pharmaceutique,Recherche,105
2382,H1224,Technicien / Technicienne de laboratoire de recherche-développement,Technicien / Technicienne de laboratoire de recherche-développement,Recherche,105
2383,M1893,Technicien / Technicienne de la météorologie,Technicien / Technicienne de la météorologie,Recherche,105
2384,H1243,Technicien / Technicienne en bioproduction,Technicien / Technicienne en bioproduction,Recherche,105
2385,M1819,Technicien / Technicienne en cybersécurité,Technicien / Technicienne en cybersécurité,Recherche,105
2386,I1514,Technicien / Technicienne en dépollution,Technicien / Technicienne en dépollution,Recherche,105
2387,H1233,Technicien / Technicienne en design,Technicien / Technicienne en design,Recherche,105
2388,B1702,Technicien / Technicienne en ostéologie-moulage,Technicien / Technicienne en ostéologie-moulage,Recherche,105
2389,I1503,Technicien / Technicienne en risques technologiques,Technicien / Technicienne en risques technologiques,Recherche,105
2390,H1217,Technicien / Technicienne formulation en industrie pharmaceutique,Technicien / Technicienne formulation en industrie pharmaceutique,Recherche,105
2391,H1210,Technicien / Technicienne R&D,Technicien / Technicienne R&D,Recherche,105
2392,A1320,Technicien en foncier rural / Technicienne en foncier rural,Technicien en foncier rural / Technicienne en foncier rural,Recherche,105
2393,E1206,UX - UI Designer,UX - UI Designer,Recherche,105
2394,H1241,Architecte système hydrogène,Architecte système hydrogène,Industrie - Chimie,106
2395,H2504,Chef / Cheffe d'équipe en industrie,Chef / Cheffe d'équipe en industrie,Industrie - Chimie,106
2396,H2301,Conducteur / Conductrice de ligne en industrie chimique,Conducteur / Conductrice de ligne en industrie chimique,Industrie - Chimie,106
2397,H3303,Cuisinier / Cuisinière en industrie chimique,Cuisinier / Cuisinière en industrie chimique,Industrie - Chimie,106
2398,M1856,Expert / Experte en cybersécurité,Expert / Experte en cybersécurité,Industrie - Chimie,106
2399,F1122,Ingénieur / Ingénieure Chantier nucléaire,Ingénieur / Ingénieure Chantier nucléaire,Industrie - Chimie,106
2400,H1533,Ingénieur / Ingénieure CND END,Ingénieur / Ingénieure CND END,Industrie - Chimie,106
2401,H2714,Ingénieur / Ingénieure de raffinerie,Ingénieur / Ingénieure de raffinerie,Industrie - Chimie,106
2402,H1312,Inspecteur / Inspectrice de sites industriels,Inspecteur / Inspectrice de sites industriels,Industrie - Chimie,106
2403,H2908,Modeleur / Modeleuse,Modeleur / Modeleuse,Industrie - Chimie,106
2404,H3202,Monteur régleur / Monteuse régleuse en plasturgie,Monteur régleur / Monteuse régleuse en plasturgie,Industrie - Chimie,106
2405,H1505,Nez,Nez,Industrie - Chimie,106
2406,H2711,Opérateur / Opératrice consoliste en raffinerie,Opérateur / Opératrice consoliste en raffinerie,Industrie - Chimie,106
2407,H3204,Opérateur / Opératrice de production des matières plastiques et du caoutchouc,Opérateur / Opératrice de production des matières plastiques et du caoutchouc,Industrie - Chimie,106
2408,K1729,Opérateur / Opératrice en pyrotechnie militaire,Opérateur / Opératrice en pyrotechnie militaire,Industrie - Chimie,106
2409,H3404,Peintre industriel / Peintre industrielle,Peintre industriel / Peintre industrielle,Industrie - Chimie,106
2410,H3201,Plasturgiste,Plasturgiste,Industrie - Chimie,106
2411,H1242,Responsable de développement industriel en bioproduction,Responsable de développement industriel en bioproduction,Industrie - Chimie,106
2412,H1510,Technicien / Technicienne de laboratoire de contrôle en industrie pharmaceutique,Technicien / Technicienne de laboratoire de contrôle en industrie pharmaceutique,Industrie - Chimie,106
2413,H3205,Technicien / Technicienne de production en matériaux composites,Technicien / Technicienne de production en matériaux composites,Industrie - Chimie,106
2414,H1243,Technicien / Technicienne en bioproduction,Technicien / Technicienne en bioproduction,Industrie - Chimie,106
2415,H1309,Technicien / Technicienne en radioprotection,Technicien / Technicienne en radioprotection,Industrie - Chimie,106
2416,H2806,Technicien / Technicienne fusion en industrie verrière,Technicien / Technicienne fusion en industrie verrière,Industrie - Chimie,106
2417,H2710,Technicien / Technicienne responsable d'installation hydrogène,Technicien / Technicienne responsable d'installation hydrogène,Industrie - Chimie,106
2418,H2219,Agent / Agente d'encadrement en ameublement,Agent / Agente d'encadrement en ameublement,Industrie - Bois,107
2419,H2204,Agent / Agente d'encadrement en industrie du bois,Agent / Agente d'encadrement en industrie du bois,Industrie - Bois,107
2420,H2220,Agent / Agente de montage en ameublement,Agent / Agente de montage en ameublement,Industrie - Bois,107
2421,H2201,Assembleur / Assembleuse d'ouvrages en bois,Assembleur / Assembleuse d'ouvrages en bois,Industrie - Bois,107
2422,H2215,Caissier / Caissière de l'emballage industriel,Caissier / Caissière de l'emballage industriel,Industrie - Bois,107
2423,A1212,Chef / Cheffe d'équipe de travaux forestiers,Chef / Cheffe d'équipe de travaux forestiers,Industrie - Bois,107
2424,H2202,Conducteur / Conductrice de ligne de production en industrie du bois,Conducteur / Conductrice de ligne de production en industrie du bois,Industrie - Bois,107
2425,H2203,Conducteur / Conductrice de machines de fabrication de panneaux à base de bois,Conducteur / Conductrice de machines de fabrication de panneaux à base de bois,Industrie - Bois,107
2426,A1213,Conducteur / Conductrice de travaux forestiers,Conducteur / Conductrice de travaux forestiers,Industrie - Bois,107
2427,H2209,Dessinateur / Dessinatrice de structures en bois,Dessinateur / Dessinatrice de structures en bois,Industrie - Bois,107
2428,H2207,Ebéniste,Ebéniste,Industrie - Bois,107
2429,H2208,Façonnier / Façonnière d'ouvrages décoratifs en bois et matériaux associés,Façonnier / Façonnière d'ouvrages décoratifs en bois et matériaux associés,Industrie - Bois,107
2430,H3411,Laqueur industriel / Laqueuse industrielle,Laqueur industriel / Laqueuse industrielle,Industrie - Bois,107
2431,H2206,Menuisier / Menuisière,Menuisier / Menuisière,Industrie - Bois,107
2432,H2213,Menuisier / Menuisière en construction nautique,Menuisier / Menuisière en construction nautique,Industrie - Bois,107
2433,H2214,Mérandier / Mérandière,Mérandier / Mérandière,Industrie - Bois,107
2434,F1501,Monteur / Monteuse de structures bois,Monteur / Monteuse de structures bois,Industrie - Bois,107
2435,H2205,Opérateur / Opératrice de production en industrie du bois,Opérateur / Opératrice de production en industrie du bois,Industrie - Bois,107
2436,H2211,Opérateur / Opératrice de sciage bois,Opérateur / Opératrice de sciage bois,Industrie - Bois,107
2437,A1210,Ouvrier forestier / Ouvrière forestière,Ouvrier forestier / Ouvrière forestière,Industrie - Bois,107
2438,H2216,Responsable de parc à grumes,Responsable de parc à grumes,Industrie - Bois,107
2439,H2218,Responsable de production en industrie du bois,Responsable de production en industrie du bois,Industrie - Bois,107
2440,H2217,Responsable de scierie,Responsable de scierie,Industrie - Bois,107
2441,H2212,Technicien / Technicienne de fabrication en industrie du bois,Technicien / Technicienne de fabrication en industrie du bois,Industrie - Bois,107
2442,D1418,Technico-commercial / Technico-commerciale produits bois,Technico-commercial / Technico-commerciale produits bois,Industrie - Bois,107
2443,H2210,Tonnelier / Tonnelière,Tonnelier / Tonnelière,Industrie - Bois,107
2444,H1241,Architecte système hydrogène,Architecte système hydrogène,Énergie,108
2445,H2601,Bobinier / Bobinière en électricité,Bobinier / Bobinière en électricité,Énergie,108
2446,H1109,Chargé / Chargée d'affaires nucléaire,Chargé / Chargée d'affaires nucléaire,Énergie,108
2447,I1308,Chauffagiste,Chauffagiste,Énergie,108
2448,H2501,Chef / Cheffe d'atelier production électricité-électronique,Chef / Cheffe d'atelier production électricité-électronique,Énergie,108
2449,F1207,Chef / Cheffe d'équipe travaux publics,Chef / Cheffe d'équipe travaux publics,Énergie,108
2450,H2715,Chef / Cheffe d'exploitation en production distribution d'énergie,Chef / Cheffe d'exploitation en production distribution d'énergie,Énergie,108
2451,F1136,Chef / Cheffe de projet éolien,Chef / Cheffe de projet éolien,Énergie,108
2452,K2412,Chercheur / Chercheuse du monde aquatique,Chercheur / Chercheuse du monde aquatique,Énergie,108
2453,H2709,Conducteur / Conductrice d'installation d'incinération,Conducteur / Conductrice d'installation d'incinération,Énergie,108
2454,H2702,Conducteur / Conductrice de bloc nucléaire,Conducteur / Conductrice de bloc nucléaire,Énergie,108
2455,F1114,Conseiller / Conseillère en rénovation énergétique,Conseiller / Conseillère en rénovation énergétique,Énergie,108
2456,I1504,Décontaminateur / Décontamineuse nucléaire et radiologique,Décontaminateur / Décontamineuse nucléaire et radiologique,Énergie,108
2457,F1103,Diagnostiqueur / Diagnostiqueuse immobilier,Diagnostiqueur / Diagnostiqueuse immobilier,Énergie,108
2458,A1312,Directeur / Directrice environnement,Directeur / Directrice environnement,Énergie,108
2459,I1309,Electricien / Electricienne de maintenance,Electricien / Electricienne de maintenance,Énergie,108
2460,I1335,Electromécanicien / Electromécanicienne d'équipements industriels,Electromécanicien / Electromécanicienne d'équipements industriels,Énergie,108
2461,F1143,Géophysicien / Géophysicienne,Géophysicien / Géophysicienne,Énergie,108
2462,F1128,Géotechnicien / Géotechnicienne,Géotechnicien / Géotechnicienne,Énergie,108
2463,F1138,Géothermicien / Géothermicienne,Géothermicien / Géothermicienne,Énergie,108
2464,F1124,Hydrologue,Hydrologue,Énergie,108
2465,A1324,Ingénieur / Ingénieure biogaz,Ingénieur / Ingénieure biogaz,Énergie,108
2466,H1533,Ingénieur / Ingénieure CND END,Ingénieur / Ingénieure CND END,Énergie,108
2467,H1102,Ingénieur / Ingénieure d'affaires en industrie,Ingénieur / Ingénieure d'affaires en industrie,Énergie,108
2468,F1117,Ingénieur / Ingénieure d'étude CVC,Ingénieur / Ingénieure d'étude CVC,Énergie,108
2469,F1212,Ingénieur / Ingénieure d'exploitation de gisements,Ingénieur / Ingénieure d'exploitation de gisements,Énergie,108
2470,F1116,Ingénieur / Ingénieure démantèlement et assainissement,Ingénieur / Ingénieure démantèlement et assainissement,Énergie,108
2471,H1225,Ingénieur / Ingénieure développement nucléaire,Ingénieur / Ingénieure développement nucléaire,Énergie,108
2472,H1237,Ingénieur / Ingénieure énergies renouvelables,Ingénieur / Ingénieure énergies renouvelables,Énergie,108
2473,H1230,Ingénieur / Ingénieure essais vérification et validation (V&V) en milieu nucléaire,Ingénieur / Ingénieure essais vérification et validation (V&V) en milieu nucléaire,Énergie,108
2474,F1141,Ingénieur / Ingénieure études conception électrique,Ingénieur / Ingénieure études conception électrique,Énergie,108
2475,H2508,Ingénieur / Ingénieure exploitation nucléaire,Ingénieur / Ingénieure exploitation nucléaire,Énergie,108
2476,F1129,Ingénieur / Ingénieure réservoir,Ingénieur / Ingénieure réservoir,Énergie,108
2477,H1306,Ingénieur / Ingénieure sûreté en industrie nucléaire,Ingénieur / Ingénieure sûreté en industrie nucléaire,Énergie,108
2478,I1121,Ingénieur de maintenance / Ingénieure de maintenance,Ingénieur de maintenance / Ingénieure de maintenance,Énergie,108
2479,F1620,Installateur / Installatrice chauffage et climatisation,Installateur / Installatrice chauffage et climatisation,Énergie,108
2480,F1628,Installateur / Installatrice de bornes de recharges électriques,Installateur / Installatrice de bornes de recharges électriques,Énergie,108
2481,F1610,"Installateur mainteneur / Installatrice mainteneuse en systèmes solaires, thermiques et photovoltaïques","Installateur mainteneur / Installatrice mainteneuse en systèmes solaires, thermiques et photovoltaïques",Énergie,108
2482,H1245,Mécatronicien / Mécatronicienne,Mécatronicien / Mécatronicienne,Énergie,108
2483,F1605,Monteur / Monteuse de réseaux électriques,Monteur / Monteuse de réseaux électriques,Énergie,108
2484,I1501,Opérateur / Opératrice cordiste,Opérateur / Opératrice cordiste,Énergie,108
2485,H2716,Opérateur / Opératrice de centrale solaire,Opérateur / Opératrice de centrale solaire,Énergie,108
2486,I1507,Opérateur / Opératrice démantèlement nucléaire,Opérateur / Opératrice démantèlement nucléaire,Énergie,108
2487,H2706,Opérateur / Opératrice de production en énergie nucléaire,Opérateur / Opératrice de production en énergie nucléaire,Énergie,108
2488,H2603,Opérateur / Opératrice sur machines automatisées en production électrique,Opérateur / Opératrice sur machines automatisées en production électrique,Énergie,108
2489,H2705,Pilote de ligne de production de composants et de cellules pour batteries de véhicules électriques,Pilote de ligne de production de composants et de cellules pour batteries de véhicules électriques,Énergie,108
2490,I1512,Programmateur / Programmatrice des travaux sur cordes,Programmateur / Programmatrice des travaux sur cordes,Énergie,108
2491,F1211,Responsable d'exploitation de gisements pétrole et gaz,Responsable d'exploitation de gisements pétrole et gaz,Énergie,108
2492,I1105,Responsable de maintenance et d'exploitation,Responsable de maintenance et d'exploitation,Énergie,108
2493,H2713,Responsable de production d'énergie,Responsable de production d'énergie,Énergie,108
2494,I1506,Superviseur / Superviseuse cordiste,Superviseur / Superviseuse cordiste,Énergie,108
2495,I1511,Technicien / Technicienne cordiste,Technicien / Technicienne cordiste,Énergie,108
2496,H2712,Technicien / Technicienne d'exploitation en centrale hydroélectrique,Technicien / Technicienne d'exploitation en centrale hydroélectrique,Énergie,108
2497,H2701,Technicien / Technicienne d'exploitation en production d'énergie thermique,Technicien / Technicienne d'exploitation en production d'énergie thermique,Énergie,108
2498,K2325,Technicien / Technicienne d'exploitation méthanisation,Technicien / Technicienne d'exploitation méthanisation,Énergie,108
2499,H2708,Technicien / Technicienne d'exploitation nucléaire,Technicien / Technicienne d'exploitation nucléaire,Énergie,108
2500,H1503,Technicien / Technicienne de laboratoire d'analyse industrielle,Technicien / Technicienne de laboratoire d'analyse industrielle,Énergie,108
2501,I1321,Technicien / Technicienne de maintenance d'éoliennes,Technicien / Technicienne de maintenance d'éoliennes,Énergie,108
2502,H2703,Technicien / Technicienne de maintenance de batteries de véhicules électriques,Technicien / Technicienne de maintenance de batteries de véhicules électriques,Énergie,108
2503,I1304,Technicien / Technicienne de maintenance industrielle,Technicien / Technicienne de maintenance industrielle,Énergie,108
2504,H1522,Technicien / Technicienne en contrôles et essais non destructifs (CND END),Technicien / Technicienne en contrôles et essais non destructifs (CND END),Énergie,108
2505,H1209,Technicien / Technicienne en électricité et électronique études et développement,Technicien / Technicienne en électricité et électronique études et développement,Énergie,108
2506,H1309,Technicien / Technicienne en radioprotection,Technicien / Technicienne en radioprotection,Énergie,108
2507,H2707,Technicien / Technicienne essais en industrie nucléaire,Technicien / Technicienne essais en industrie nucléaire,Énergie,108
2508,I1305,Technicien / Technicienne installation et maintenance électronique,Technicien / Technicienne installation et maintenance électronique,Énergie,108
2509,I1505,Technicien / Technicienne logistique combustible nucléaire,Technicien / Technicienne logistique combustible nucléaire,Énergie,108
2510,H1404,Technicien / Technicienne méthodes,Technicien / Technicienne méthodes,Énergie,108
2511,H1210,Technicien / Technicienne R&D,Technicien / Technicienne R&D,Énergie,108
2512,H2710,Technicien / Technicienne responsable d'installation hydrogène,Technicien / Technicienne responsable d'installation hydrogène,Énergie,108
2513,H2704,Technicien démonteur / Technicienne démonteuse de batteries de véhicules électriques,Technicien démonteur / Technicienne démonteuse de batteries de véhicules électriques,Énergie,108
2514,K2113,Accompagnant / Accompagnante des élèves en situation de handicap (AESH),Accompagnant / Accompagnante des élèves en situation de handicap (AESH),Social,109
2515,K1306,Accompagnant Educatif et Social (AES) / Accompagnante Educative et Sociale (AES),Accompagnant Educatif et Social (AES) / Accompagnante Educative et Sociale (AES),Social,109
2516,K1312,Accueillant familial / Accueillante familiale thérapeutique auprès d'adultes,Accueillant familial / Accueillante familiale thérapeutique auprès d'adultes,Social,109
2517,K1205,Agent / Agente d'accueil social,Agent / Agente d'accueil social,Social,109
2518,K1810,Agent / Agente de développement d'habitat social,Agent / Agente de développement d'habitat social,Social,109
2519,J1301,Agent / Agente de service hospitalier (ASH),Agent / Agente de service hospitalier (ASH),Social,109
2520,J1501,Aide-soignant / Aide-soignante,Aide-soignant / Aide-soignante,Social,109
2521,K1307,Animateur / Animatrice petite enfance,Animateur / Animatrice petite enfance,Social,109
2522,K1217,Animateur socioéducatif / Animatrice socioéducative,Animateur socioéducatif / Animatrice socioéducative,Social,109
2523,K1302,Assistant / Assistante de vie dépendance,Assistant / Assistante de vie dépendance,Social,109
2524,K1309,Assistant familial / Assistante familiale,Assistant familial / Assistante familiale,Social,109
2525,K1310,Assistant maternel / Assistante maternelle,Assistant maternel / Assistante maternelle,Social,109
2526,K1201,Assistant social / Assistante sociale,Assistant social / Assistante sociale,Social,109
2527,J1304,Auxiliaire de puériculture,Auxiliaire de puériculture,Social,109
2528,K1314,Auxiliaire de vie sociale auprès d'enfants,Auxiliaire de vie sociale auprès d'enfants,Social,109
2529,K1814,Chargé / Chargée d'emploi en entreprise de travail temporaire,Chargé / Chargée d'emploi en entreprise de travail temporaire,Social,109
2530,K1808,Chargé / Chargée de développement culturel,Chargé / Chargée de développement culturel,Social,109
2531,K1805,Chargé / Chargée de développement social,Chargé / Chargée de développement social,Social,109
2532,K1806,Chargé / Chargée de développement social et urbain,Chargé / Chargée de développement social et urbain,Social,109
2533,K1226,Chargé / Chargée de médiation interculturelle,Chargé / Chargée de médiation interculturelle,Social,109
2534,K1812,Chargé / Chargée de projet emploi,Chargé / Chargée de projet emploi,Social,109
2535,N4108,Conducteur accompagnateur / Conductrice accompagnatrice de personnes à mobilité réduite,Conducteur accompagnateur / Conductrice accompagnatrice de personnes à mobilité réduite,Social,109
2536,K1211,Conseiller / Conseillère d'Insertion et de Probation (CIP),Conseiller / Conseillère d'Insertion et de Probation (CIP),Social,109
2537,K1804,Conseiller / Conseillère en création d'entreprise,Conseiller / Conseillère en création d'entreprise,Social,109
2538,K1103,Conseiller / Conseillère en développement personnel,Conseiller / Conseillère en développement personnel,Social,109
2539,K1225,Conseiller / Conseillère en économie sociale et familiale (CESF),Conseiller / Conseillère en économie sociale et familiale (CESF),Social,109
2540,K1801,Conseiller / Conseillère en insertion professionnelle,Conseiller / Conseillère en insertion professionnelle,Social,109
2541,K1101,Conseiller conjugal et familial / Conseillère conjugale et familiale,Conseiller conjugal et familial / Conseillère conjugale et familiale,Social,109
2542,K1222,Coordinateur / Coordinatrice d'équipes de médiation,Coordinateur / Coordinatrice d'équipes de médiation,Social,109
2543,K1209,Coordonnateur / Coordonnatrice de projet socioéducatif,Coordonnateur / Coordonnatrice de projet socioéducatif,Social,109
2544,K1230,Coordonnateur / Coordonnatrice de service social,Coordonnateur / Coordonnatrice de service social,Social,109
2545,G1237,Directeur / Directrice d'accueil de loisirs sans hébergement,Directeur / Directrice d'accueil de loisirs sans hébergement,Social,109
2546,K1413,Directeur / Directrice d'établissement à caractère social,Directeur / Directrice d'établissement à caractère social,Social,109
2547,K1407,Directeur / Directrice d'établissement médicosocial,Directeur / Directrice d'établissement médicosocial,Social,109
2548,K1403,Directeur / Directrice d'établissement pour personnes âgées,Directeur / Directrice d'établissement pour personnes âgées,Social,109
2549,M1304,Directeur / Directrice d'unité de services au public,Directeur / Directrice d'unité de services au public,Social,109
2550,K1219,Directeur / Directrice de centre socioculturel,Directeur / Directrice de centre socioculturel,Social,109
2551,K1221,Ecoutant social / Ecoutante sociale,Ecoutant social / Ecoutante sociale,Social,109
2552,K1228,Ecrivain public / Ecrivaine publique,Ecrivain public / Ecrivaine publique,Social,109
2553,K1202,Educateur / Educatrice de jeunes enfants,Educateur / Educatrice de jeunes enfants,Social,109
2554,K1210,Educateur / Educatrice de la protection judiciaire de la jeunesse,Educateur / Educatrice de la protection judiciaire de la jeunesse,Social,109
2555,K1301,Educateur / Educatrice en locomotion,Educateur / Educatrice en locomotion,Social,109
2556,K1207,Educateur spécialisé / Educatrice spécialisée,Educateur spécialisé / Educatrice spécialisée,Social,109
2557,G1220,Educateur sportif / Educatrice sportive spécialisé(e) en activités physiques et sportives adaptées,Educateur sportif / Educatrice sportive spécialisé(e) en activités physiques et sportives adaptées,Social,109
2558,K1203,Educateur technique spécialisé / Educatrice technique spécialisée,Educateur technique spécialisé / Educatrice technique spécialisée,Social,109
2559,K1313,Employé / Employée au pair,Employé / Employée au pair,Social,109
2560,K1224,Encadrant / Encadrante technique d'insertion socioprofessionnelle,Encadrant / Encadrante technique d'insertion socioprofessionnelle,Social,109
2561,J1415,Enseignant / Enseignante en activité physique adaptée (EAPA),Enseignant / Enseignante en activité physique adaptée (EAPA),Social,109
2562,K1303,Garde d'enfant,Garde d'enfant,Social,109
2563,J1136,Gérontologue,Gérontologue,Social,109
2564,C1130,Gestionnaire en protection sociale,Gestionnaire en protection sociale,Social,109
2565,J1506,Infirmier / Infirmière en soins généraux (IDE),Infirmier / Infirmière en soins généraux (IDE),Social,109
2566,J1510,Infirmier coordonnateur / Infirmière coordonnatrice (IDEC),Infirmier coordonnateur / Infirmière coordonnatrice (IDEC),Social,109
2567,K1108,Intervenant / Intervenante en pratique de soins non conventionnelle,Intervenant / Intervenante en pratique de soins non conventionnelle,Social,109
2568,K1102,Mandataire judiciaire à la protection des majeurs (MJPM),Mandataire judiciaire à la protection des majeurs (MJPM),Social,109
2569,K1220,Médiateur / Médiatrice en santé,Médiateur / Médiatrice en santé,Social,109
2570,K1213,Médiateur culturel / Médiatrice culturelle,Médiateur culturel / Médiatrice culturelle,Social,109
2571,K1204,Médiateur social / Médiatrice sociale,Médiateur social / Médiatrice sociale,Social,109
2572,K1212,Ministre du culte,Ministre du culte,Social,109
2573,K1215,Moniteur / Monitrice d'atelier en milieu de travail protégé,Moniteur / Monitrice d'atelier en milieu de travail protégé,Social,109
2574,K1208,Moniteur éducateur / Monitrice éducatrice,Moniteur éducateur / Monitrice éducatrice,Social,109
2575,K2129,Professeur / Professeure documentaliste,Professeur / Professeure documentaliste,Social,109
2576,K1114,Psychologue scolaire,Psychologue scolaire,Social,109
2577,J1507,Puériculteur / Puéricultrice,Puériculteur / Puéricultrice,Social,109
2578,G1243,Responsable d'éducation et d'animation à l'environnement,Responsable d'éducation et d'animation à l'environnement,Social,109
2579,K1218,Responsable de maison de quartier,Responsable de maison de quartier,Social,109
2580,M1302,Responsable de Petite ou Moyenne Entreprise -PME-,Responsable de Petite ou Moyenne Entreprise -PME-,Social,109
2581,K1216,Responsable de structure multi accueil petite enfance,Responsable de structure multi accueil petite enfance,Social,109
2582,K1305,Technicien / Technicienne d'Intervention Sociale et Familiale (TISF),Technicien / Technicienne d'Intervention Sociale et Familiale (TISF),Social,109
2583,E1122,Transcripteur adaptateur / Transcriptrice adaptatrice,Transcripteur adaptateur / Transcriptrice adaptatrice,Social,109
2584,K1110,Tuteur / Tutrice aux majeurs protégés,Tuteur / Tutrice aux majeurs protégés,Social,109
2585,M1225,Aide-comptable,Aide-comptable,Comptabilité,110
2586,M1213,Assistant / Assistante comptable,Assistant / Assistante comptable,Comptabilité,110
2587,M1222,Assistant / Assistante de contrôle budgétaire,Assistant / Assistante de contrôle budgétaire,Activités juridiques,110
2588,M1222,Assistant / Assistante de contrôle budgétaire,Assistant / Assistante de contrôle budgétaire,Comptabilité,110
2589,M1612,Assistant / Assistante de service juridique,Assistant / Assistante de service juridique,Activités juridiques,110
2590,M1202,Auditeur comptable et financier / Auditrice comptable et financière,Auditeur comptable et financier / Auditrice comptable et financière,Comptabilité,110
2591,K1915,Avocat / Avocate,Avocat / Avocate,Activités juridiques,110
2592,K1513,Chargé / Chargée de l'exécution de la dépense publique,Chargé / Chargée de l'exécution de la dépense publique,Comptabilité,110
2593,K1412,Chargé / Chargée de mission aux relations internationales,Chargé / Chargée de mission aux relations internationales,Activités juridiques,110
2594,D1422,Chargé / Chargée de recouvrement de créances,Chargé / Chargée de recouvrement de créances,Comptabilité,110
2595,C1507,Chargé / Chargée de recouvrement immobilier,Chargé / Chargée de recouvrement immobilier,Activités juridiques,110
2596,M1223,Chef / Cheffe des services administratifs et financiers,Chef / Cheffe des services administratifs et financiers,Comptabilité,110
2597,K1902,Clerc de notaire,Clerc de notaire,Activités juridiques,110
2598,K1910,Commissaire à la Cour des comptes,Commissaire à la Cour des comptes,Activités juridiques,110
2599,K1910,Commissaire à la Cour des comptes,Commissaire à la Cour des comptes,Comptabilité,110
2600,M1210,Commissaire aux comptes,Commissaire aux comptes,Comptabilité,110
2601,M1203,Comptable,Comptable,Comptabilité,110
2602,M1215,Contrôleur comptable et financier / Contrôleuse comptable et financière,Contrôleur comptable et financier / Contrôleuse comptable et financière,Comptabilité,110
2603,M1220,Credit manager,Credit manager,Comptabilité,110
2604,K1906,Délégué / Déléguée à la protection des données - Data Protection Officer,Délégué / Déléguée à la protection des données - Data Protection Officer,Activités juridiques,110
2605,M1208,Directeur / Directrice du contrôle de gestion,Directeur / Directrice du contrôle de gestion,Comptabilité,110
2606,M1205,Directeur administratif et financier / Directrice administrative et financière (DAF),Directeur administratif et financier / Directrice administrative et financière (DAF),Comptabilité,110
2607,M1224,Economiste financier / Economiste financière,Economiste financier / Economiste financière,Activités juridiques,110
2608,M1224,Economiste financier / Economiste financière,Economiste financier / Economiste financière,Comptabilité,110
2609,M1211,Expert-comptable / Experte-comptable,Expert-comptable / Experte-comptable,Comptabilité,110
2610,K1911,Fiscaliste,Fiscaliste,Activités juridiques,110
2611,K1911,Fiscaliste,Fiscaliste,Comptabilité,110
2612,K1912,Formaliste,Formaliste,Activités juridiques,110
2613,M1507,Gestionnaire paie,Gestionnaire paie,Comptabilité,110
2614,K1909,Greffier / Greffière,Greffier / Greffière,Activités juridiques,110
2615,K1905,Huissier / Huissière de justice,Huissier / Huissière de justice,Activités juridiques,110
2616,K1904,Juge,Juge,Activités juridiques,110
2617,K1903,Juriste,Juriste,Activités juridiques,110
2618,K1916,Mandataire de justice,Mandataire de justice,Activités juridiques,110
2619,K1102,Mandataire judiciaire à la protection des majeurs (MJPM),Mandataire judiciaire à la protection des majeurs (MJPM),Activités juridiques,110
2620,K1913,Médiateur / Médiatrice judiciaire,Médiateur / Médiatrice judiciaire,Activités juridiques,110
2621,M1214,Négociateur / Négociatrice en devises,Négociateur / Négociatrice en devises,Comptabilité,110
2622,K1901,Notaire,Notaire,Activités juridiques,110
2623,M1206,Responsable comptabilité,Responsable comptabilité,Comptabilité,110
2624,H1509,Responsable des affaires règlementaires en industrie pharmaceutique,Responsable des affaires règlementaires en industrie pharmaceutique,Activités juridiques,110
2625,K1908,Responsable de service contentieux et recouvrement,Responsable de service contentieux et recouvrement,Activités juridiques,110
2626,K1914,Responsable de service juridique,Responsable de service juridique,Activités juridiques,110
2627,M1221,Responsable financement de projet,Responsable financement de projet,Activités juridiques,110
2628,M1221,Responsable financement de projet,Responsable financement de projet,Comptabilité,110
2629,H1310,Responsable sécurité sanitaire en agroalimentaire,Responsable sécurité sanitaire en agroalimentaire,Activités juridiques,110
2630,M1608,Secrétaire comptable,Secrétaire comptable,Comptabilité,110
2631,M1611,Secrétaire Facturier / Facturière,Secrétaire Facturier / Facturière,Comptabilité,110
2632,M1216,Secrétaire général / Secrétaire générale,Secrétaire général / Secrétaire générale,Comptabilité,110
2633,M1207,Trésorier / Trésorière,Trésorier / Trésorière,Comptabilité,110
2634,K1110,Tuteur / Tutrice aux majeurs protégés,Tuteur / Tutrice aux majeurs protégés,Activités juridiques,110
2635,K1509,"Adjoint / Adjointe de contrôle de la concurrence, de la consommation et de la répression des fraudes","Adjoint / Adjointe de contrôle de la concurrence, de la consommation et de la répression des fraudes",Service public,111
2636,K2510,Agent / Agente cynophile de sécurité,Agent / Agente cynophile de sécurité,Sécurité,111
2637,K1501,Agent / Agente d'administration principal(e) des douanes,Agent / Agente d'administration principal(e) des douanes,Service public,111
2638,A1203,Agent / Agente d'entretien des espaces verts,Agent / Agente d'entretien des espaces verts,Service public,111
2639,I1202,Agent / Agente d'exploitation de la voirie,Agent / Agente d'exploitation de la voirie,Service public,111
2640,K2507,Agent / Agente d'exploitation et de sûreté aéroportuaire,Agent / Agente d'exploitation et de sûreté aéroportuaire,Sécurité,111
2641,K1508,Agent / Agente de conservation des hypothèques,Agent / Agente de conservation des hypothèques,Service public,111
2642,K1810,Agent / Agente de développement d'habitat social,Agent / Agente de développement d'habitat social,Service public,111
2643,I1207,Agent / Agente de maintenance de mobilier urbain et publicitaire,Agent / Agente de maintenance de mobilier urbain et publicitaire,Service public,111
2644,K2326,Agent / Agente de mise en fourrière animale,Agent / Agente de mise en fourrière animale,Sécurité,111
2645,K2503,Agent / Agente de prévention et de sécurité,Agent / Agente de prévention et de sécurité,Sécurité,111
2646,K2508,Agent / Agente de protection rapprochée,Agent / Agente de protection rapprochée,Sécurité,111
2647,K2504,Agent / Agente de sécurité événementielle,Agent / Agente de sécurité événementielle,Sécurité,111
2648,K2511,Agent / Agente de sûreté ferroviaire,Agent / Agente de sûreté ferroviaire,Sécurité,111
2649,K2512,Agent / Agente de sûreté portuaire,Agent / Agente de sûreté portuaire,Sécurité,111
2650,K1743,Agent de surveillance de la voie publique (ASVP) / Agente de surveillance de la voie publique (ASVP),Agent de surveillance de la voie publique (ASVP) / Agente de surveillance de la voie publique (ASVP),Sécurité,111
2651,M1425,Agent recenseur / Agente recenseuse,Agent recenseur / Agente recenseuse,Service public,111
2652,K1308,Agent territorial spécialisé / Agente territoriale spécialisée des écoles maternelles (ATSEM),Agent territorial spécialisé / Agente territoriale spécialisée des écoles maternelles (ATSEM),Service public,111
2653,K1418,Ambassadeur / Ambassadrice,Ambassadeur / Ambassadrice,Service public,111
2654,G1246,Animateur / Animatrice mobilité à vélo,Animateur / Animatrice mobilité à vélo,Service public,111
2655,M1416,Animateur / Animatrice qualité services,Animateur / Animatrice qualité services,Service public,111
2656,K1735,"Architecte système de force, d'arme ou équipement militaire","Architecte système de force, d'arme ou équipement militaire",Défense,111
2657,F1127,Architecte-urbaniste,Architecte-urbaniste,Service public,111
2658,F1133,Chargé / Chargée d'affaires foncières,Chargé / Chargée d'affaires foncières,Service public,111
2659,M1403,Chargé / Chargée d'études socio-économiques,Chargé / Chargée d'études socio-économiques,Service public,111
2660,K1802,Chargé / Chargée de développement économique et local,Chargé / Chargée de développement économique et local,Service public,111
2661,K1805,Chargé / Chargée de développement social,Chargé / Chargée de développement social,Service public,111
2662,K1513,Chargé / Chargée de l'exécution de la dépense publique,Chargé / Chargée de l'exécution de la dépense publique,Service public,111
2663,K1815,"Chargé / Chargée de mission ""Villes et Territoires Durables""","Chargé / Chargée de mission ""Villes et Territoires Durables""",Service public,111
2664,K1412,Chargé / Chargée de mission aux relations internationales,Chargé / Chargée de mission aux relations internationales,Service public,111
2665,K1404,Chargé / Chargée de mission développement territorial,Chargé / Chargée de mission développement territorial,Service public,111
2666,A1313,Chargé / Chargée de mission environnement,Chargé / Chargée de mission environnement,Service public,111
2667,K1414,Chargé / Chargée de mission santé publique,Chargé / Chargée de mission santé publique,Service public,111
2668,A1321,Chargé / Chargée de mission thématique durable,Chargé / Chargée de mission thématique durable,Service public,111
2669,K1718,Chargé / Chargée de navigation maritime sur navire militaire,Chargé / Chargée de navigation maritime sur navire militaire,Défense,111
2670,A1325,Chargé / Chargée de projet Biodiversité,Chargé / Chargée de projet Biodiversité,Service public,111
2671,K1811,Chargé / Chargée de projet en aménagement du territoire,Chargé / Chargée de projet en aménagement du territoire,Service public,111
2672,K1727,Chargé / Chargée du guidage d'aéronef militaire,Chargé / Chargée du guidage d'aéronef militaire,Défense,111
2673,A1212,Chef / Cheffe d'équipe de travaux forestiers,Chef / Cheffe d'équipe de travaux forestiers,Service public,111
2674,I1206,Chef / Cheffe d'équipe en mobilier urbain et publicitaire,Chef / Cheffe d'équipe en mobilier urbain et publicitaire,Service public,111
2675,K1744,Chef / Cheffe de centre d'incendie et de secours,Chef / Cheffe de centre d'incendie et de secours,Sécurité,111
2676,K1507,Chef / Cheffe de centre des impôts,Chef / Cheffe de centre des impôts,Service public,111
2677,K1719,Chef / Cheffe de police municipale,Chef / Cheffe de police municipale,Sécurité,111
2678,K1512,Chef / Cheffe de poste du Trésor public,Chef / Cheffe de poste du Trésor public,Service public,111
2679,C1123,Chef / Cheffe de service de la sécurité sociale,Chef / Cheffe de service de la sécurité sociale,Service public,111
2680,K1716,Chef / Cheffe de service pénitentiaire,Chef / Cheffe de service pénitentiaire,Sécurité,111
2681,I1123,Chef / Cheffe de service sécurité trafic routier,Chef / Cheffe de service sécurité trafic routier,Sécurité,111
2682,K1409,Chef / Cheffe de service socioéducatif,Chef / Cheffe de service socioéducatif,Service public,111
2683,M1828,Chef de projet / Cheffe de projet (Project Management Officer),Chef de projet / Cheffe de projet (Project Management Officer),Service public,111
2684,K1733,Combattant / Combattante des forces spéciales militaires,Combattant / Combattante des forces spéciales militaires,Défense,111
2685,K1737,Combattant / Combattante en milieu maritime,Combattant / Combattante en milieu maritime,Défense,111
2686,K1701,Combattant / Combattante en milieu terrestre,Combattant / Combattante en milieu terrestre,Défense,111
2687,K1910,Commissaire à la Cour des comptes,Commissaire à la Cour des comptes,Service public,111
2688,K1709,Commissaire de police,Commissaire de police,Sécurité,111
2689,N4117,Conducteur / Conductrice d'attelage,Conducteur / Conductrice d'attelage,Service public,111
2690,N4305,Conducteur / Conductrice de métro,Conducteur / Conductrice de métro,Service public,111
2691,N4119,Conducteur / Conductrice de tramway,Conducteur / Conductrice de tramway,Service public,111
2692,A1213,Conducteur / Conductrice de travaux forestiers,Conducteur / Conductrice de travaux forestiers,Service public,111
2693,N4111,Conducteur / Conductrice super poids lourd de l'armée,Conducteur / Conductrice super poids lourd de l'armée,Défense,111
2694,I1328,Conseiller / Conseillère en hydraulique agricole,Conseiller / Conseillère en hydraulique agricole,Service public,111
2695,K1742,Contrôleur / Contrôleuse des espaces maritimes,Contrôleur / Contrôleuse des espaces maritimes,Défense,111
2696,K1503,Contrôleur / Contrôleuse des impôts,Contrôleur / Contrôleuse des impôts,Service public,111
2697,K1510,Contrôleur / Contrôleuse du Trésor public,Contrôleur / Contrôleuse du Trésor public,Service public,111
2698,C1122,Contrôleur / Contrôleuse prestations de la sécurité sociale,Contrôleur / Contrôleuse prestations de la sécurité sociale,Service public,111
2699,K2506,Convoyeur / Convoyeuse de fonds,Convoyeur / Convoyeuse de fonds,Sécurité,111
2700,K1817,Coordinateur / Coordinatrice de projet de solidarité,Coordinateur / Coordinatrice de projet de solidarité,Service public,111
2701,K1425,Délégué / Déléguée de l'Assurance Maladie (DAM),Délégué / Déléguée de l'Assurance Maladie (DAM),Service public,111
2702,K1401,Directeur / Directrice d'administration centrale,Directeur / Directrice d'administration centrale,Service public,111
2703,K1424,Directeur / Directrice d'association,Directeur / Directrice d'association,Service public,111
2704,K1413,Directeur / Directrice d'établissement à caractère social,Directeur / Directrice d'établissement à caractère social,Service public,111
2705,K1420,Directeur / Directrice d'établissement pénitentiaire,Directeur / Directrice d'établissement pénitentiaire,Service public,111
2706,M1422,Directeur / Directrice d'études socio-économiques,Directeur / Directrice d'études socio-économiques,Service public,111
2707,M1304,Directeur / Directrice d'unité de services au public,Directeur / Directrice d'unité de services au public,Service public,111
2708,M1306,Directeur / Directrice de bureau d'étude de la biodiversité,Directeur / Directrice de bureau d'étude de la biodiversité,Service public,111
2709,K1423,Directeur / Directrice de cabinet,Directeur / Directrice de cabinet,Service public,111
2710,K1421,Directeur / Directrice de centre hospitalier,Directeur / Directrice de centre hospitalier,Service public,111
2711,K1416,Directeur / Directrice des services pénitentiaires d'insertion et de probation (DSPIP),Directeur / Directrice des services pénitentiaires d'insertion et de probation (DSPIP),Service public,111
2712,A1312,Directeur / Directrice environnement,Directeur / Directrice environnement,Service public,111
2713,A1219,Directeur / Directrice espaces verts et biodiversité,Directeur / Directrice espaces verts et biodiversité,Service public,111
2714,K1227,Directeur / Directrice technique de l'administration pénitentiaire,Directeur / Directrice technique de l'administration pénitentiaire,Sécurité,111
2715,K1422,Directeur général / Directrice générale d'établissement public,Directeur général / Directrice générale d'établissement public,Service public,111
2716,K1410,Directeur régional / Directrice régionale des services pénitentiaires,Directeur régional / Directrice régionale des services pénitentiaires,Service public,111
2717,F1120,Economiste de la construction,Economiste de la construction,Service public,111
2718,K1210,Educateur / Educatrice de la protection judiciaire de la jeunesse,Educateur / Educatrice de la protection judiciaire de la jeunesse,Service public,111
2719,I1334,Electronicien / Electronicienne de maintenance aéronautique,Electronicien / Electronicienne de maintenance aéronautique,Défense,111
2720,D1228,Employé / Employée de laverie automatique,Employé / Employée de laverie automatique,Service public,111
2721,K2505,Enquêteur privé / Enquêtrice privée,Enquêteur privé / Enquêtrice privée,Sécurité,111
2722,K1747,Equipier / Equipière sécurité civile,Equipier / Equipière sécurité civile,Sécurité,111
2723,K1714,Expert / Experte en assurance de la qualité des fournitures spécifiques des armées,Expert / Experte en assurance de la qualité des fournitures spécifiques des armées,Défense,111
2724,K1740,Expert / Experte en opérations spatiales militaires,Expert / Experte en opérations spatiales militaires,Défense,111
2725,A1204,Garde nature,Garde nature,Service public,111
2726,K1748,Garde républicain / Garde républicaine,Garde républicain / Garde républicaine,Défense,111
2727,K1708,Gardien / Gardienne de la paix,Gardien / Gardienne de la paix,Service public,111
2728,K2513,Gardien / Gardienne de locaux,Gardien / Gardienne de locaux,Sécurité,111
2729,K1720,Gardien de compagnie républicaine de sécurité (CRS) / Gardienne de compagnie républicaine de sécurité (CRS),Gardien de compagnie républicaine de sécurité (CRS) / Gardienne de compagnie républicaine de sécurité (CRS),Sécurité,111
2730,K1706,Gendarme,Gendarme,Défense,111
2731,M1895,Géomaticien / Géomaticienne,Géomaticien / Géomaticienne,Service public,111
2732,F1131,Géomètre du cadastre,Géomètre du cadastre,Service public,111
2733,A1317,Gestionnaire d'aires marines protégées,Gestionnaire d'aires marines protégées,Service public,111
2734,C1130,Gestionnaire en protection sociale,Gestionnaire en protection sociale,Service public,111
2735,C1130,Gestionnaire en protection sociale,Gestionnaire en protection sociale,Défense,111
2736,C1130,Gestionnaire en protection sociale,Gestionnaire en protection sociale,Sécurité,111
2737,C1306,Gestionnaire financier / Gestionnaire financière,Gestionnaire financier / Gestionnaire financière,Service public,111
2738,C1306,Gestionnaire financier / Gestionnaire financière,Gestionnaire financier / Gestionnaire financière,Sécurité,111
2739,F1123,Glaciologue,Glaciologue,Service public,111
2740,K1909,Greffier / Greffière,Greffier / Greffière,Service public,111
2741,A1303,Ingénieur / Ingénieure d'études et de recherche agricoles,Ingénieur / Ingénieure d'études et de recherche agricoles,Service public,111
2742,A1319,Ingénieur / Ingénieure écologue,Ingénieur / Ingénieure écologue,Service public,111
2743,H1237,Ingénieur / Ingénieure énergies renouvelables,Ingénieur / Ingénieure énergies renouvelables,Service public,111
2744,F1145,Ingénieur / Ingénieure en génie maritime,Ingénieur / Ingénieure en génie maritime,Service public,111
2745,H1313,Ingénieur / Ingénieure sécurité incendie,Ingénieur / Ingénieure sécurité incendie,Sécurité,111
2746,A1307,Ingénieur forestier / Ingénieure forestière,Ingénieur forestier / Ingénieure forestière,Service public,111
2747,K1514,Inspecteur / Inspectrice de l'action sanitaire et sociale,Inspecteur / Inspectrice de l'action sanitaire et sociale,Service public,111
2748,K1506,"Inspecteur / Inspectrice de la concurrence, de la consommation et de la répression des fraudes","Inspecteur / Inspectrice de la concurrence, de la consommation et de la répression des fraudes",Service public,111
2749,K2315,Inspecteur / Inspectrice de salubrité publique,Inspecteur / Inspectrice de salubrité publique,Service public,111
2750,K2315,Inspecteur / Inspectrice de salubrité publique,Inspecteur / Inspectrice de salubrité publique,Sécurité,111
2751,K1505,Inspecteur / Inspectrice des douanes,Inspecteur / Inspectrice des douanes,Service public,111
2752,K1511,Inspecteur / Inspectrice des impôts,Inspecteur / Inspectrice des impôts,Service public,111
2753,K1515,Inspecteur / Inspectrice du permis de conduire et de la sécurité routière,Inspecteur / Inspectrice du permis de conduire et de la sécurité routière,Service public,111
2754,K1502,Inspecteur / Inspectrice du travail,Inspecteur / Inspectrice du travail,Service public,111
2755,K1411,Inspecteur / Inspectrice vétérinaire,Inspecteur / Inspectrice vétérinaire,Service public,111
2756,A1208,Jardinier / Jardinière paysagiste,Jardinier / Jardinière paysagiste,Service public,111
2757,A1220,Jardinier / Jardinière paysagiste en terrain de sport,Jardinier / Jardinière paysagiste en terrain de sport,Service public,111
2758,K1741,Maître de pont sur navire militaire,Maître de pont sur navire militaire,Défense,111
2759,K1816,Manager de commerce et territoire,Manager de commerce et territoire,Service public,111
2760,K1916,Mandataire de justice,Mandataire de justice,Service public,111
2761,K1402,Médecin conseil,Médecin conseil,Service public,111
2762,J1107,Médecin scolaire,Médecin scolaire,Service public,111
2763,K1913,Médiateur / Médiatrice judiciaire,Médiateur / Médiatrice judiciaire,Service public,111
2764,K1212,Ministre du culte,Ministre du culte,Service public,111
2765,N3106,Officier / Officière de la marine marchande,Officier / Officière de la marine marchande,Défense,111
2766,N3106,Officier / Officière de la marine marchande,Officier / Officière de la marine marchande,Sécurité,111
2767,K1704,Officier / Officière de police,Officier / Officière de police,Service public,111
2768,K1704,Officier / Officière de police,Officier / Officière de police,Sécurité,111
2769,K1723,Opérateur / Opératrice d'exploitation et de maintenance pétrolières de l'Armée,Opérateur / Opératrice d'exploitation et de maintenance pétrolières de l'Armée,Défense,111
2770,K1717,Opérateur / Opératrice de surveillance aérienne militaire,Opérateur / Opératrice de surveillance aérienne militaire,Défense,111
2771,N1208,Opérateur / Opératrice de traitement de valeurs,Opérateur / Opératrice de traitement de valeurs,Sécurité,111
2772,K1739,Opérateur / Opératrice en navigation maritime sur navire militaire,Opérateur / Opératrice en navigation maritime sur navire militaire,Défense,111
2773,K1729,Opérateur / Opératrice en pyrotechnie militaire,Opérateur / Opératrice en pyrotechnie militaire,Défense,111
2774,K1729,Opérateur / Opératrice en pyrotechnie militaire,Opérateur / Opératrice en pyrotechnie militaire,Sécurité,111
2775,K2509,Opérateur / Opératrice en télésurveillance,Opérateur / Opératrice en télésurveillance,Sécurité,111
2776,A1323,Ornithologue,Ornithologue,Service public,111
2777,A1210,Ouvrier forestier / Ouvrière forestière,Ouvrier forestier / Ouvrière forestière,Service public,111
2778,K1504,Percepteur / Perceptrice des impôts et du Trésor Public,Percepteur / Perceptrice des impôts et du Trésor Public,Service public,111
2779,K1712,Pilote d'aéronef militaire,Pilote d'aéronef militaire,Défense,111
2780,K1715,Pilote d'hélicoptère des forces armées,Pilote d'hélicoptère des forces armées,Défense,111
2781,K1713,Pilote de chasse,Pilote de chasse,Défense,111
2782,N2206,Pilote de drone,Pilote de drone,Défense,111
2783,N2206,Pilote de drone,Pilote de drone,Sécurité,111
2784,K1710,Pilote de drones aériens militaires,Pilote de drones aériens militaires,Sécurité,111
2785,K1726,Pisteur / Pisteuse secouriste,Pisteur / Pisteuse secouriste,Sécurité,111
2786,K1722,Plongeur démineur / Plongeuse démineuse militaire dans les fonds marins,Plongeur démineur / Plongeuse démineuse militaire dans les fonds marins,Service public,111
2787,K1722,Plongeur démineur / Plongeuse démineuse militaire dans les fonds marins,Plongeur démineur / Plongeuse démineuse militaire dans les fonds marins,Défense,111
2788,K1722,Plongeur démineur / Plongeuse démineuse militaire dans les fonds marins,Plongeur démineur / Plongeuse démineuse militaire dans les fonds marins,Sécurité,111
2789,K1707,Policier municipal / Policière municipale,Policier municipal / Policière municipale,Sécurité,111
2790,K1745,Pompier / Pompière,Pompier / Pompière,Service public,111
2791,K1745,Pompier / Pompière,Pompier / Pompière,Sécurité,111
2792,K1405,Préfet / Préfète,Préfet / Préfète,Service public,111
2793,K1746,Receveur placier / Receveuse placière,Receveur placier / Receveuse placière,Service public,111
2794,H1207,Rédacteur / Rédactrice technique,Rédacteur / Rédactrice technique,Service public,111
2795,K1728,Régulateur / Régulatrice de secours en montagne,Régulateur / Régulatrice de secours en montagne,Sécurité,111
2796,G1243,Responsable d'éducation et d'animation à l'environnement,Responsable d'éducation et d'animation à l'environnement,Service public,111
2797,K1809,Responsable de développement territorial,Responsable de développement territorial,Service public,111
2798,A1217,Responsable de gardes nature,Responsable de gardes nature,Service public,111
2799,K1703,Responsable de l'emploi des forces armées,Responsable de l'emploi des forces armées,Défense,111
2800,K1702,Responsable de sécurité civile et de secours,Responsable de sécurité civile et de secours,Sécurité,111
2801,H1234,Responsable de service de rédaction technique,Responsable de service de rédaction technique,Service public,111
2802,A1216,Responsable de site naturel protégé,Responsable de site naturel protégé,Service public,111
2803,K1731,Responsable des opérations militaires en milieu aéroterrestre,Responsable des opérations militaires en milieu aéroterrestre,Défense,111
2804,K1725,Responsable des opérations militaires en milieu maritime,Responsable des opérations militaires en milieu maritime,Défense,111
2805,K2514,Responsable de sûreté et de sécurité portuaire,Responsable de sûreté et de sécurité portuaire,Sécurité,111
2806,F1113,Responsable énergie,Responsable énergie,Service public,111
2807,M1420,Responsable en intelligence économique,Responsable en intelligence économique,Service public,111
2808,M1402,Responsable en organisation en entreprise,Responsable en organisation en entreprise,Service public,111
2809,H1311,Responsable en santé environnementale,Responsable en santé environnementale,Service public,111
2810,M1509,Responsable paie et administration du personnel,Responsable paie et administration du personnel,Service public,111
2811,K2502,Responsable sécurité de site,Responsable sécurité de site,Sécurité,111
2812,K1705,Secouriste,Secouriste,Sécurité,111
2813,M1602,Secrétaire administratif / Secrétaire administrative de collectivité territoriale,Secrétaire administratif / Secrétaire administrative de collectivité territoriale,Service public,111
2814,K1406,Secrétaire de mairie,Secrétaire de mairie,Service public,111
2815,K1736,Spécialiste de l'aide au déploiement des forces combattantes,Spécialiste de l'aide au déploiement des forces combattantes,Défense,111
2816,K1730,"Spécialiste de la protection des forces, installations ou matériels sensibles de l'Etat","Spécialiste de la protection des forces, installations ou matériels sensibles de l'Etat",Défense,111
2817,K1732,Spécialiste des systèmes de communication opérationnels,Spécialiste des systèmes de communication opérationnels,Défense,111
2818,K1734,Spécialiste du soutien armement nucléaire,Spécialiste du soutien armement nucléaire,Défense,111
2819,K1738,Spécialiste du soutien ou de la formation propulsion nucléaire,Spécialiste du soutien ou de la formation propulsion nucléaire,Défense,111
2820,K1724,Spécialiste en radioprotection au sein du Ministère des Armées,Spécialiste en radioprotection au sein du Ministère des Armées,Défense,111
2821,M1807,"Spécialiste outils, systèmes d'exploitation, réseaux et télécoms","Spécialiste outils, systèmes d'exploitation, réseaux et télécoms",Défense,111
2822,K2104,Surveillant / Surveillante en milieu scolaire,Surveillant / Surveillante en milieu scolaire,Service public,111
2823,K1711,Surveillant pénitentiaire / Surveillante pénitentiaire,Surveillant pénitentiaire / Surveillante pénitentiaire,Sécurité,111
2824,K1223,Technicien / Technicienne de l'administration pénitentiaire,Technicien / Technicienne de l'administration pénitentiaire,Sécurité,111
2825,I1322,Technicien / Technicienne de maintenance des automates bancaires,Technicien / Technicienne de maintenance des automates bancaires,Sécurité,111
2826,I1327,Technicien / Technicienne de maintenance en matériel biomédical,Technicien / Technicienne de maintenance en matériel biomédical,Service public,111
2827,A1322,Technicien / Technicienne de rivière,Technicien / Technicienne de rivière,Service public,111
2828,A1305,Technicien / Technicienne des services vétérinaires,Technicien / Technicienne des services vétérinaires,Service public,111
2829,A1318,Technicien / Technicienne de travaux de gestion de milieu naturel,Technicien / Technicienne de travaux de gestion de milieu naturel,Service public,111
2830,K1721,Technicien / Technicienne en investigation criminelle,Technicien / Technicienne en investigation criminelle,Sécurité,111
2831,A1315,Technicien / Technicienne naturaliste,Technicien / Technicienne naturaliste,Service public,111
2832,C1124,Technicien / Technicienne sécurité sociale,Technicien / Technicienne sécurité sociale,Service public,111
2833,K2313,Technicien chargé / Technicienne chargée de la police des eaux,Technicien chargé / Technicienne chargée de la police des eaux,Service public,111
2834,K2313,Technicien chargé / Technicienne chargée de la police des eaux,Technicien chargé / Technicienne chargée de la police des eaux,Sécurité,111
2835,A1320,Technicien en foncier rural / Technicienne en foncier rural,Technicien en foncier rural / Technicienne en foncier rural,Service public,111
2836,A1311,Technicien forestier / Technicienne forestière,Technicien forestier / Technicienne forestière,Service public,111
2837,H1305,Vérificateur / Vérificatrice de conformité industrielle,Vérificateur / Vérificatrice de conformité industrielle,Sécurité,111
2838,K1308,Agent territorial spécialisé / Agente territoriale spécialisée des écoles maternelles (ATSEM),Agent territorial spécialisé / Agente territoriale spécialisée des écoles maternelles (ATSEM),Enseignement,112
2839,K2138,Animateur / Animatrice de stages permis à points,Animateur / Animatrice de stages permis à points,"Conseil, orientation et formation",112
2840,G1246,Animateur / Animatrice mobilité à vélo,Animateur / Animatrice mobilité à vélo,"Conseil, orientation et formation",112
2841,K2142,Animateur-coordinateur / Animatrice-coordinatrice de formation,Animateur-coordinateur / Animatrice-coordinatrice de formation,"Conseil, orientation et formation",112
2842,K2137,Assistant / Assistante pédagogique en milieu scolaire,Assistant / Assistante pédagogique en milieu scolaire,Enseignement,112
2843,K2139,Chargé / Chargée de bilan professionnel,Chargé / Chargée de bilan professionnel,"Conseil, orientation et formation",112
2844,K1812,Chargé / Chargée de projet emploi,Chargé / Chargée de projet emploi,"Conseil, orientation et formation",112
2845,K2103,Chef / Cheffe d'établissement d'enseignement,Chef / Cheffe d'établissement d'enseignement,Enseignement,112
2846,K2147,Chef / Cheffe de travaux dans l'enseignement technique,Chef / Cheffe de travaux dans l'enseignement technique,Enseignement,112
2847,K2112,Conseiller / Conseillère d'orientation,Conseiller / Conseillère d'orientation,"Conseil, orientation et formation",112
2848,K1107,Conseiller / Conseillère d'orientation psychologue,Conseiller / Conseillère d'orientation psychologue,"Conseil, orientation et formation",112
2849,K1801,Conseiller / Conseillère en insertion professionnelle,Conseiller / Conseillère en insertion professionnelle,"Conseil, orientation et formation",112
2850,K2126,Conseiller / Conseillère en validation des acquis de l'expérience,Conseiller / Conseillère en validation des acquis de l'expérience,"Conseil, orientation et formation",112
2851,K2101,Conseiller consultant / Conseillère consultante en formation,Conseiller consultant / Conseillère consultante en formation,"Conseil, orientation et formation",112
2852,K2115,Conseiller principal / Conseillère principale d'éducation,Conseiller principal / Conseillère principale d'éducation,Enseignement,112
2853,K2119,Consultant / Consultante en ingénierie pédagogique,Consultant / Consultante en ingénierie pédagogique,"Conseil, orientation et formation",112
2854,J1414,Coordinateur / Coordinatrice en activité physique adaptée,Coordinateur / Coordinatrice en activité physique adaptée,Enseignement,112
2855,K2102,Coordinateur / Coordinatrice pédagogique,Coordinateur / Coordinatrice pédagogique,"Conseil, orientation et formation",112
2856,K2144,Directeur / Directrice d'école paramédicale,Directeur / Directrice d'école paramédicale,Enseignement,112
2857,K2118,Directeur / Directrice d'école primaire,Directeur / Directrice d'école primaire,Enseignement,112
2858,K2120,Directeur / Directrice d'établissement d'enseignement supérieur,Directeur / Directrice d'établissement d'enseignement supérieur,Enseignement,112
2859,K2121,Directeur / Directrice de conservatoire musique et danse,Directeur / Directrice de conservatoire musique et danse,Enseignement,112
2860,K2148,Directeur / Directrice pédagogique,Directeur / Directrice pédagogique,"Conseil, orientation et formation",112
2861,G1220,Educateur sportif / Educatrice sportive spécialisé(e) en activités physiques et sportives adaptées,Educateur sportif / Educatrice sportive spécialisé(e) en activités physiques et sportives adaptées,Enseignement,112
2862,K1224,Encadrant / Encadrante technique d'insertion socioprofessionnelle,Encadrant / Encadrante technique d'insertion socioprofessionnelle,"Conseil, orientation et formation",112
2863,K2110,Enseignant / Enseignante de la conduite et de la sécurité routière,Enseignant / Enseignante de la conduite et de la sécurité routière,"Conseil, orientation et formation",112
2864,J1415,Enseignant / Enseignante en activité physique adaptée (EAPA),Enseignant / Enseignante en activité physique adaptée (EAPA),Enseignement,112
2865,M1412,Ergonome,Ergonome,"Conseil, orientation et formation",112
2866,K2111,Formateur / Formatrice,Formateur / Formatrice,"Conseil, orientation et formation",112
2867,K2128,Formateur / Formatrice aux métiers de l'éducation et de la sécurité routière,Formateur / Formatrice aux métiers de l'éducation et de la sécurité routière,"Conseil, orientation et formation",112
2868,K2141,Formateur / Formatrice conduite d'engins de travaux publics,Formateur / Formatrice conduite d'engins de travaux publics,"Conseil, orientation et formation",112
2869,K2124,Formateur / Formatrice conduite d'engins motorisés et de levage,Formateur / Formatrice conduite d'engins motorisés et de levage,"Conseil, orientation et formation",112
2870,K2145,Formateur / Formatrice de formateurs,Formateur / Formatrice de formateurs,"Conseil, orientation et formation",112
2871,D1232,Formateur / Formatrice en esthétisme,Formateur / Formatrice en esthétisme,"Conseil, orientation et formation",112
2872,K2114,Formateur / Formatrice qualité,Formateur / Formatrice qualité,"Conseil, orientation et formation",112
2873,D1218,Formateur coiffeur / Formatrice coiffeuse,Formateur coiffeur / Formatrice coiffeuse,"Conseil, orientation et formation",112
2874,M1433,Géographe,Géographe,Enseignement,112
2875,F1123,Glaciologue,Glaciologue,Enseignement,112
2876,K2117,Inspecteur / Inspectrice de l'Education Nationale (IEN),Inspecteur / Inspectrice de l'Education Nationale (IEN),Enseignement,112
2877,M1217,"Intendant / Intendante d'établissement scolaire (lycée, collège...)","Intendant / Intendante d'établissement scolaire (lycée, collège...)","Conseil, orientation et formation",112
2878,K2131,Lecteur / Lectrice de langues dans l'enseignement supérieur,Lecteur / Lectrice de langues dans l'enseignement supérieur,Enseignement,112
2879,I1618,Mécanicien / Mécanicienne en matériels motorisés de parcs et jardins,Mécanicien / Mécanicienne en matériels motorisés de parcs et jardins,Enseignement,112
2880,I1607,Mécanicien / Mécanicienne motocycles,Mécanicien / Mécanicienne motocycles,Enseignement,112
2881,I1603,Mécanicien-réparateur / Mécanicienne-réparatrice en matériels agricoles,Mécanicien-réparateur / Mécanicienne-réparatrice en matériels agricoles,"Conseil, orientation et formation",112
2882,I1603,Mécanicien-réparateur / Mécanicienne-réparatrice en matériels agricoles,Mécanicien-réparateur / Mécanicienne-réparatrice en matériels agricoles,Enseignement,112
2883,K2411,Musicologue,Musicologue,Enseignement,112
2884,K2122,Professeur / Professeure à domicile,Professeur / Professeure à domicile,Enseignement,112
2885,K2127,Professeur / Professeure d'enseignement général pour déficients sensoriels,Professeur / Professeure d'enseignement général pour déficients sensoriels,Enseignement,112
2886,K2109,Professeur / Professeure d'enseignement technologique,Professeur / Professeure d'enseignement technologique,Enseignement,112
2887,K2107,Professeur / Professeure de collège et de lycée,Professeur / Professeure de collège et de lycée,Enseignement,112
2888,K2130,Professeur / Professeure de Français Langue Etrangère (FLE),Professeur / Professeure de Français Langue Etrangère (FLE),Enseignement,112
2889,K2105,Professeur / Professeure de musique,Professeur / Professeure de musique,Enseignement,112
2890,K2106,Professeur / Professeure des écoles,Professeur / Professeure des écoles,Enseignement,112
2891,K2108,Professeur / Professeure des universités,Professeur / Professeure des universités,Enseignement,112
2892,K2129,Professeur / Professeure documentaliste,Professeur / Professeure documentaliste,Enseignement,112
2893,K2136,Professeur territorial / Professeure territoriale d'enseignement artistique,Professeur territorial / Professeure territoriale d'enseignement artistique,Enseignement,112
2894,K2146,Responsable d'internat,Responsable d'internat,Enseignement,112
2895,K2116,Responsable d'unité d'enseignement de la conduite de véhicule,Responsable d'unité d'enseignement de la conduite de véhicule,"Conseil, orientation et formation",112
2896,K2132,Responsable ingénierie de la formation professionnelle,Responsable ingénierie de la formation professionnelle,"Conseil, orientation et formation",112
2897,K2123,Responsable programme enseignement supérieur,Responsable programme enseignement supérieur,Enseignement,112
2898,K2104,Surveillant / Surveillante en milieu scolaire,Surveillant / Surveillante en milieu scolaire,Enseignement,112
2899,K1223,Technicien / Technicienne de l'administration pénitentiaire,Technicien / Technicienne de l'administration pénitentiaire,"Conseil, orientation et formation",112
2900,N1201,Affréteur / Affréteuse,Affréteur / Affréteuse,Logistique et courrier,113
2901,N1201,Affréteur / Affréteuse,Affréteur / Affréteuse,Transport,113
2902,N4306,Agent / Agente d'accompagnement des trains,Agent / Agente d'accompagnement des trains,Transport,113
2903,N2207,Agent / Agente d'accompagnement du transport,Agent / Agente d'accompagnement du transport,Transport,113
2904,N2201,Agent / Agente d'Escale Commerciale aéroportuaire (AEC),Agent / Agente d'Escale Commerciale aéroportuaire (AEC),Transport,113
2905,N4405,Agent / Agente d'exploitation du réseau ferré,Agent / Agente d'exploitation du réseau ferré,Transport,113
2906,N4203,Agent / Agente d'exploitation en transport routier de marchandises,Agent / Agente d'exploitation en transport routier de marchandises,Transport,113
2907,N4204,Agent / Agente d'exploitation transport routier de personnes,Agent / Agente d'exploitation transport routier de personnes,Transport,113
2908,N2203,Agent / Agente d'opérations sur piste,Agent / Agente d'opérations sur piste,Transport,113
2909,N4302,Agent / Agente de contrôle du réseau ferré,Agent / Agente de contrôle du réseau ferré,Transport,113
2910,M1618,Agent / Agente de liaison courrier,Agent / Agente de liaison courrier,Logistique et courrier,113
2911,D1514,Agent / Agente de péage,Agent / Agente de péage,Transport,113
2912,N3207,Agent / Agente de port de plaisance,Agent / Agente de port de plaisance,Transport,113
2913,N3116,Agent / Agente de service général maritime,Agent / Agente de service général maritime,Transport,113
2914,K2512,Agent / Agente de sûreté portuaire,Agent / Agente de sûreté portuaire,Transport,113
2915,N2204,Agent / Agente de trafic aérien,Agent / Agente de trafic aérien,Transport,113
2916,N1202,Agent / Agente de transit,Agent / Agente de transit,Transport,113
2917,N4121,Aide-livreur / Aide-livreuse,Aide-livreur / Aide-livreuse,Transport,113
2918,N4401,Aiguilleur / Aiguilleure du rail,Aiguilleur / Aiguilleure du rail,Transport,113
2919,J1305,Ambulancier / Ambulancière,Ambulancier / Ambulancière,Transport,113
2920,N1303,Approvisionneur / Approvisionneuse logistique,Approvisionneur / Approvisionneuse logistique,Logistique et courrier,113
2921,M1619,Approvisionneur / Approvisionneuse points de distribution,Approvisionneur / Approvisionneuse points de distribution,Logistique et courrier,113
2922,N3206,Assistant / Assistante d'exploitation de terminal portuaire,Assistant / Assistante d'exploitation de terminal portuaire,Logistique et courrier,113
2923,N3205,Assistant / Assistante d'exploitation du transport fluvial,Assistant / Assistante d'exploitation du transport fluvial,Transport,113
2924,N3210,Assistant / Assistante d'exploitation transport maritime,Assistant / Assistante d'exploitation transport maritime,Logistique et courrier,113
2925,J1310,Auxiliaire ambulancier / Auxiliaire ambulancière,Auxiliaire ambulancier / Auxiliaire ambulancière,Transport,113
2926,M1616,Auxiliaire de gestion des écoles de conduite,Auxiliaire de gestion des écoles de conduite,Transport,113
2927,N3118,Bosco de la navigation maritime,Bosco de la navigation maritime,Transport,113
2928,N3110,Capitaine d'armement,Capitaine d'armement,Transport,113
2929,N3115,Capitaine de yacht,Capitaine de yacht,Transport,113
2930,N1101,Cariste,Cariste,Logistique et courrier,113
2931,N4406,Caténairiste,Caténairiste,Transport,113
2932,H2902,Chaudronnier / Chaudronnière,Chaudronnier / Chaudronnière,Transport,113
2933,N4120,Chauffeur-livreur préparateur / Chauffeuse-livreuse préparatrice de commandes,Chauffeur-livreur préparateur / Chauffeuse-livreuse préparatrice de commandes,Transport,113
2934,I1108,Chef / Cheffe d'atelier engins de chantier,Chef / Cheffe d'atelier engins de chantier,Transport,113
2935,N3204,Chef / Cheffe d'équipe de manutention portuaire,Chef / Cheffe d'équipe de manutention portuaire,Logistique et courrier,113
2936,N1107,Chef / Cheffe d'équipe en déménagement,Chef / Cheffe d'équipe en déménagement,Transport,113
2937,N1112,Chef / Cheffe d'équipe logistique,Chef / Cheffe d'équipe logistique,Logistique et courrier,113
2938,N2205,Chef / Cheffe d'escale,Chef / Cheffe d'escale,Logistique et courrier,113
2939,N2205,Chef / Cheffe d'escale,Chef / Cheffe d'escale,Transport,113
2940,N1207,Chef / Cheffe de groupe affrètement,Chef / Cheffe de groupe affrètement,Logistique et courrier,113
2941,N4404,Chef opérateur / Cheffe opératrice des manœuvres du réseau ferré,Chef opérateur / Cheffe opératrice des manœuvres du réseau ferré,Transport,113
2942,N3112,Commissaire de bord,Commissaire de bord,Transport,113
2943,N4109,Conducteur / Conductrice d'autocar ligne régulière,Conducteur / Conductrice d'autocar ligne régulière,Transport,113
2944,N4303,Conducteur / Conductrice d'engins de manœuvre du réseau ferré,Conducteur / Conductrice d'engins de manœuvre du réseau ferré,Transport,113
2945,N1114,Conducteur / Conductrice d'engins lourds de manutention,Conducteur / Conductrice d'engins lourds de manutention,Transport,113
2946,N4103,Conducteur / Conductrice de bus,Conducteur / Conductrice de bus,Transport,113
2947,N4127,Conducteur / Conductrice de car tourisme,Conducteur / Conductrice de car tourisme,Transport,113
2948,N4129,Conducteur / Conductrice de corbillard,Conducteur / Conductrice de corbillard,Transport,113
2949,N4118,Conducteur / Conductrice de matériel de collecte,Conducteur / Conductrice de matériel de collecte,Transport,113
2950,N4305,Conducteur / Conductrice de métro,Conducteur / Conductrice de métro,Transport,113
2951,N4128,Conducteur / Conductrice de navettes moins de 10 places,Conducteur / Conductrice de navettes moins de 10 places,Transport,113
2952,N3104,Conducteur / Conductrice de navigation fluviale,Conducteur / Conductrice de navigation fluviale,Transport,113
2953,N4101,Conducteur / Conductrice de poids lourd,Conducteur / Conductrice de poids lourd,Transport,113
2954,N1111,Conducteur / Conductrice de pont roulant,Conducteur / Conductrice de pont roulant,Transport,113
2955,N4131,Conducteur / Conductrice de taxi,Conducteur / Conductrice de taxi,Transport,113
2956,N4124,Conducteur / Conductrice de taxi moto,Conducteur / Conductrice de taxi moto,Transport,113
2957,N4301,Conducteur / Conductrice de train,Conducteur / Conductrice de train,Transport,113
2958,N4119,Conducteur / Conductrice de tramway,Conducteur / Conductrice de tramway,Transport,113
2959,N4102,Conducteur / Conductrice de transport de particuliers,Conducteur / Conductrice de transport de particuliers,Transport,113
2960,N4125,Conducteur / Conductrice de transport routier d'animaux vivants,Conducteur / Conductrice de transport routier d'animaux vivants,Transport,113
2961,N4116,Conducteur / Conductrice de transport routier de marchandises dangereuses,Conducteur / Conductrice de transport routier de marchandises dangereuses,Transport,113
2962,N4126,Conducteur / Conductrice de transport routier en convoi exceptionnel,Conducteur / Conductrice de transport routier en convoi exceptionnel,Transport,113
2963,N4135,Conducteur / Conductrice de véhicule de guidage,Conducteur / Conductrice de véhicule de guidage,Transport,113
2964,N4134,Conducteur / Conductrice de véhicule de protection de convoi exceptionnel,Conducteur / Conductrice de véhicule de protection de convoi exceptionnel,Transport,113
2965,N4133,Conducteur / Conductrice de véhicule grumier,Conducteur / Conductrice de véhicule grumier,Transport,113
2966,N4115,Conducteur / Conductrice de véhicules Super Lourds,Conducteur / Conductrice de véhicules Super Lourds,Transport,113
2967,N4130,Conducteur / Conductrice de voiture radar à conduite externalisée,Conducteur / Conductrice de voiture radar à conduite externalisée,Transport,113
2968,N4111,Conducteur / Conductrice super poids lourd de l'armée,Conducteur / Conductrice super poids lourd de l'armée,Transport,113
2969,N4112,Conducteur / Conductrice VTC,Conducteur / Conductrice VTC,Transport,113
2970,N4108,Conducteur accompagnateur / Conductrice accompagnatrice de personnes à mobilité réduite,Conducteur accompagnateur / Conductrice accompagnatrice de personnes à mobilité réduite,Transport,113
2971,N4105,Conducteur-livreur / Conductrice-livreuse,Conducteur-livreur / Conductrice-livreuse,Logistique et courrier,113
2972,N4105,Conducteur-livreur / Conductrice-livreuse,Conducteur-livreur / Conductrice-livreuse,Transport,113
2973,N4107,Conducteur livreur / Conductrice livreuse de béton prêt à l'emploi,Conducteur livreur / Conductrice livreuse de béton prêt à l'emploi,Transport,113
2974,N4114,Conducteur livreur avitailleur / Conductrice livreuse avitailleuse en carburant,Conducteur livreur avitailleur / Conductrice livreuse avitailleuse en carburant,Transport,113
2975,N4123,Conducteur livreur installateur / Conductrice livreuse installatrice,Conducteur livreur installateur / Conductrice livreuse installatrice,Transport,113
2976,N4113,Conducteur routier international / Conductrice routière internationale,Conducteur routier international / Conductrice routière internationale,Transport,113
2977,N4132,Contrôleur / Contrôleuse de bus,Contrôleur / Contrôleuse de bus,Transport,113
2978,N2208,Contrôleur / Contrôleuse de la circulation et de la défense aérienne,Contrôleur / Contrôleuse de la circulation et de la défense aérienne,Transport,113
2979,N2202,Contrôleur aérien / Contrôleuse aérienne,Contrôleur aérien / Contrôleuse aérienne,Transport,113
2980,K2506,Convoyeur / Convoyeuse de fonds,Convoyeur / Convoyeuse de fonds,Transport,113
2981,N4122,Convoyeur / Convoyeuse de véhicules ou matériels lourds,Convoyeur / Convoyeuse de véhicules ou matériels lourds,Transport,113
2982,N1307,Coordinateur / Coordinatrice logistique ferroviaire,Coordinateur / Coordinatrice logistique ferroviaire,Logistique et courrier,113
2983,N1204,Coordinateur / Coordinatrice transit en import - export,Coordinateur / Coordinatrice transit en import - export,Logistique et courrier,113
2984,N1306,Coordonnateur / Coordonnatrice de projet logistique humanitaire,Coordonnateur / Coordonnatrice de projet logistique humanitaire,Logistique et courrier,113
2985,N4104,Coursier / Coursière,Coursier / Coursière,Logistique et courrier,113
2986,N1206,Courtier / Courtière affrètement maritime,Courtier / Courtière affrètement maritime,Transport,113
2987,N1203,Déclarant / Déclarante en douane,Déclarant / Déclarante en douane,Logistique et courrier,113
2988,N1102,Déménageur / Déménageuse,Déménageur / Déménageuse,Transport,113
2989,N1106,Déménageur / Déménageuse d'œuvres d'art,Déménageur / Déménageuse d'œuvres d'art,Logistique et courrier,113
2990,M1303,Directeur / Directrice de filiale,Directeur / Directrice de filiale,Transport,113
2991,H1512,Directeur / Directrice de zone en industrie pharmaceutique,Directeur / Directrice de zone en industrie pharmaceutique,Transport,113
2992,N1304,Directeur / Directrice logistique,Directeur / Directrice logistique,Logistique et courrier,113
2993,N3211,Directeur de port / Directrice de port,Directeur de port / Directrice de port,Transport,113
2994,M1615,Distributeur / Distributrice de prospectus et imprimés,Distributeur / Distributrice de prospectus et imprimés,Logistique et courrier,113
2995,N1109,Eclusier-barragiste / Eclusière-barragiste,Eclusier-barragiste / Eclusière-barragiste,Transport,113
2996,F1629,Electricien / Electricienne de signalisation ferroviaire,Electricien / Electricienne de signalisation ferroviaire,Transport,113
2997,I1334,Electronicien / Electronicienne de maintenance aéronautique,Electronicien / Electronicienne de maintenance aéronautique,Transport,113
2998,H3308,Emballeur industriel / Emballeuse industrielle,Emballeur industriel / Emballeuse industrielle,Logistique et courrier,113
2999,H3308,Emballeur industriel / Emballeuse industrielle,Emballeur industriel / Emballeuse industrielle,Transport,113
3000,K1740,Expert / Experte en opérations spatiales militaires,Expert / Experte en opérations spatiales militaires,Transport,113
3001,M1603,Facteur / Factrice,Facteur / Factrice,Logistique et courrier,113
3002,N3208,Grutier Pontier / Grutière pontière portuaire,Grutier Pontier / Grutière pontière portuaire,Transport,113
3003,C1211,Guichetier vendeur / Guichetière vendeuse,Guichetier vendeur / Guichetière vendeuse,Logistique et courrier,113
3004,F1145,Ingénieur / Ingénieure en génie maritime,Ingénieur / Ingénieure en génie maritime,Transport,113
3005,N1305,Ingénieur / Ingénieure logistique,Ingénieur / Ingénieure logistique,Logistique et courrier,113
3006,N2104,Instructeur / Instructrice Personnel Navigant Commercial (PNC),Instructeur / Instructrice Personnel Navigant Commercial (PNC),Transport,113
3007,N1116,Inventoriste,Inventoriste,Logistique et courrier,113
3008,N3114,Lamaneur / Lamaneuse,Lamaneur / Lamaneuse,Transport,113
3009,N1210,Logisticien / Logisticienne,Logisticien / Logisticienne,Logistique et courrier,113
3010,N1110,Magasinier / Magasinière,Magasinier / Magasinière,Logistique et courrier,113
3011,N1105,Manutentionnaire,Manutentionnaire,Logistique et courrier,113
3012,N1105,Manutentionnaire,Manutentionnaire,Transport,113
3013,N3117,Marin de la plaisance professionnelle,Marin de la plaisance professionnelle,Transport,113
3014,N3103,Matelot de la navigation fluviale,Matelot de la navigation fluviale,Transport,113
3015,N3102,Matelot machine de la marine marchande,Matelot machine de la marine marchande,Transport,113
3016,N3109,Matelot pont de la marine marchande,Matelot pont de la marine marchande,Transport,113
3017,I1602,Mécanicien / Mécanicienne avion,Mécanicien / Mécanicienne avion,Transport,113
3018,N3106,Officier / Officière de la marine marchande,Officier / Officière de la marine marchande,Transport,113
3019,N3101,Officier / Officière de port,Officier / Officière de port,Transport,113
3020,N3111,Officier électronicien / Officière électronicienne,Officier électronicien / Officière électronicienne,Transport,113
3021,N1208,Opérateur / Opératrice de traitement de valeurs,Opérateur / Opératrice de traitement de valeurs,Transport,113
3022,N4403,Opérateur / Opératrice ferroviaire,Opérateur / Opératrice ferroviaire,Transport,113
3023,N1115,Opérateur / Opératrice logistique,Opérateur / Opératrice logistique,Logistique et courrier,113
3024,N3203,Ouvrier / Ouvrière de manutention portuaire,Ouvrier / Ouvrière de manutention portuaire,Logistique et courrier,113
3025,I1208,Patrouilleur autoroutier / Patrouilleuse autoroutière,Patrouilleur autoroutier / Patrouilleuse autoroutière,Transport,113
3026,N2101,Personnel Navigant Commercial (PNC),Personnel Navigant Commercial (PNC),Transport,113
3027,N2206,Pilote de drone,Pilote de drone,Logistique et courrier,113
3028,N2206,Pilote de drone,Pilote de drone,Transport,113
3029,N2102,Pilote de ligne,Pilote de ligne,Transport,113
3030,N3107,Pilote fluvial / Pilote fluviale,Pilote fluvial / Pilote fluviale,Transport,113
3031,N3105,Pilote hauturier / Pilote hauturière,Pilote hauturier / Pilote hauturière,Transport,113
3032,N2103,Pilote instructeur / Pilote instructrice aéronautique,Pilote instructeur / Pilote instructrice aéronautique,Transport,113
3033,N2211,Planificateur régulateur vol / Planificatrice régulatrice vol,Planificateur régulateur vol / Planificatrice régulatrice vol,Logistique et courrier,113
3034,K1722,Plongeur démineur / Plongeuse démineuse militaire dans les fonds marins,Plongeur démineur / Plongeuse démineuse militaire dans les fonds marins,Transport,113
3035,N1104,Pontier / Pontière,Pontier / Pontière,Transport,113
3036,N1113,Préparateur / Préparatrice au drive,Préparateur / Préparatrice au drive,Logistique et courrier,113
3037,N1103,Préparateur / Préparatrice de commandes,Préparateur / Préparatrice de commandes,Logistique et courrier,113
3038,D1230,Responsable d'agence de location de matériel de transport,Responsable d'agence de location de matériel de transport,Transport,113
3039,N4201,Responsable d'agence transport routier de marchandises,Responsable d'agence transport routier de marchandises,Transport,113
3040,E1309,Responsable d'atelier de façonnage routage,Responsable d'atelier de façonnage routage,Logistique et courrier,113
3041,N4304,Responsable d'équipe d'agents de conduite du réseau ferré,Responsable d'équipe d'agents de conduite du réseau ferré,Transport,113
3042,I1116,Responsable d'exploitation de stationnement,Responsable d'exploitation de stationnement,Transport,113
3043,N3202,Responsable d'exploitation transport fluvial,Responsable d'exploitation transport fluvial,Transport,113
3044,N3201,Responsable d'exploitation transport maritime,Responsable d'exploitation transport maritime,Transport,113
3045,N4205,Responsable d'exploitation transport routier de marchandises,Responsable d'exploitation transport routier de marchandises,Transport,113
3046,N4202,Responsable d'exploitation transport routier de personnes,Responsable d'exploitation transport routier de personnes,Transport,113
3047,N4106,Responsable de douane,Responsable de douane,Transport,113
3048,I1105,Responsable de maintenance et d'exploitation,Responsable de maintenance et d'exploitation,Transport,113
3049,N1205,Responsable de service transit,Responsable de service transit,Logistique et courrier,113
3050,N1205,Responsable de service transit,Responsable de service transit,Transport,113
3051,N3209,Responsable de structure de manutention portuaire,Responsable de structure de manutention portuaire,Logistique et courrier,113
3052,N1302,Responsable entrepôt logistique,Responsable entrepôt logistique,Logistique et courrier,113
3053,N1308,Responsable expédition - distribution,Responsable expédition - distribution,Logistique et courrier,113
3054,N1301,Responsable logistique,Responsable logistique,Logistique et courrier,113
3055,N1301,Responsable logistique,Responsable logistique,Transport,113
3056,H1401,Responsable ordonnancement-lancement-planification en industrie,Responsable ordonnancement-lancement-planification en industrie,Logistique et courrier,113
3057,I1111,Responsable technique après-vente des véhicules,Responsable technique après-vente des véhicules,Transport,113
3058,N3108,Skipper professionnel / Skipper professionnelle,Skipper professionnel / Skipper professionnelle,Transport,113
3059,G1611,Steward / Hôtesse de train,Steward / Hôtesse de train,Transport,113
3060,N3113,Steward yachting polyvalent / Steward yachting polyvalente,Steward yachting polyvalent / Steward yachting polyvalente,Transport,113
3061,N2210,Superviseur / Superviseuse d'exploitation aéroportuaire,Superviseur / Superviseuse d'exploitation aéroportuaire,Transport,113
3062,N2209,Superviseur / Superviseuse piste,Superviseur / Superviseuse piste,Logistique et courrier,113
3063,I1322,Technicien / Technicienne de maintenance des automates bancaires,Technicien / Technicienne de maintenance des automates bancaires,Transport,113
3064,I1323,Technicien / Technicienne de maintenance ferroviaire,Technicien / Technicienne de maintenance ferroviaire,Transport,113
3065,I1336,Technicien / Technicienne froid embarqué routier,Technicien / Technicienne froid embarqué routier,Transport,113
3066,N1209,Technicien / Technicienne logistique,Technicien / Technicienne logistique,Logistique et courrier,113
3067,N1209,Technicien / Technicienne logistique,Technicien / Technicienne logistique,Transport,113
3068,J1311,Transporteur / Transporteuse de produits de santé,Transporteur / Transporteuse de produits de santé,Transport,113
3069,G1302,Yield manager,Yield manager,Transport,113
